id,description,time,distance,frc,currentspeed,freeflowspeed,currenttraveltime,freeflowtraveltime,confidence,roadclosure,latitude,longitude,precip_mm,vis_km,wind_kph,condition_text
1854,Từ Ngã Sáu Cộng Hòa đến An Dương Vương,2025-07-22 06:54:00,500,FRC3,21,32,1195,784,1,False,10.765163027177051,106.68176325830919,0.0,10.0,29.2,Light rain
1855,Từ Ngã Sáu Cộng Hòa đến An Dương Vương,2025-07-22 06:54:00,400,FRC3,21,32,1195,784,1,False,10.764283334954333,106.68210132878986,0.0,10.0,29.2,Light rain
1856,Từ Ngã Sáu Cộng Hòa đến An Dương Vương,2025-07-22 06:54:00,300,FRC3,21,32,1195,784,1,False,10.763480856227291,106.68240386571111,0.0,10.0,29.2,Light rain
1857,Từ Ngã Sáu Cộng Hòa đến An Dương Vương,2025-07-22 06:54:00,200,FRC3,21,32,1195,784,1,False,10.762642918836454,106.6827364596283,0.0,10.0,29.2,Light rain
1858,Từ Ngã Sáu Cộng Hòa đến An Dương Vương,2025-07-22 06:54:00,100,FRC3,21,32,1195,784,1,False,10.7619261906941,106.68302613820323,0.0,10.0,29.2,Light rain
1859,Từ Ngã Sáu Cộng Hòa đến An Dương Vương,2025-07-22 06:54:00,0,FRC3,21,32,1195,784,1,False,10.761156760056346,106.68331581677815,0.0,10.0,29.2,Light rain
1860,Từ Cầu Nguyễn Văn Cừ đến An Dương Vương,2025-07-22 06:54:00,700,FRC2,25,34,636,467,1,False,10.755556817425111,106.68578400873503,0.0,10.0,29.2,Light rain
1861,Từ Cầu Nguyễn Văn Cừ đến An Dương Vương,2025-07-22 06:54:00,600,FRC2,25,34,636,467,1,False,10.756358876280022,106.6853232069683,0.0,10.0,29.2,Light rain
1862,Từ Cầu Nguyễn Văn Cừ đến An Dương Vương,2025-07-22 06:54:00,500,FRC2,25,34,636,467,1,False,10.757138847709548,106.684944289696,0.0,10.0,29.2,Light rain
1863,Từ Cầu Nguyễn Văn Cừ đến An Dương Vương,2025-07-22 06:54:00,400,FRC2,25,34,636,467,1,False,10.757963133528543,106.68463303622572,0.0,10.0,29.2,Light rain
1864,Từ Cầu Nguyễn Văn Cừ đến An Dương Vương,2025-07-22 06:54:00,300,FRC2,25,34,636,467,1,False,10.758623446871004,106.68435335919212,0.0,10.0,29.2,Light rain
1865,Từ Cầu Nguyễn Văn Cừ đến An Dương Vương,2025-07-22 06:54:00,200,FRC6,20,25,848,679,1,False,10.759478749919925,106.68406917123804,0.0,10.0,29.2,Light rain
1866,Từ Cầu Nguyễn Văn Cừ đến An Dương Vương,2025-07-22 06:54:00,100,FRC2,25,34,636,467,1,False,10.760311892549737,106.68371280856688,0.0,10.0,29.2,Light rain
1867,Từ Cầu Nguyễn Văn Cừ đến An Dương Vương,2025-07-22 06:54:00,0,FRC2,25,34,636,467,1,False,10.761189348756318,106.68340155509297,0.0,10.0,29.2,Light rain
1868,Từ Vòng Xoay Trần Phú đến ĐHSP,2025-07-22 06:54:00,1000,FRC4,23,28,249,205,1,False,10.757533515349062,106.67414436746735,0.0,10.0,29.2,Light rain
1869,Từ Vòng Xoay Trần Phú đến ĐHSP,2025-07-22 06:54:00,900,FRC4,23,28,249,205,1,False,10.757824186413304,106.67502060044893,0.0,10.0,29.2,Light rain
1870,Từ Vòng Xoay Trần Phú đến ĐHSP,2025-07-22 06:54:00,800,FRC4,23,28,249,205,1,False,10.758126036834728,106.67584372840122,0.0,10.0,29.2,Light rain
1871,Từ Vòng Xoay Trần Phú đến ĐHSP,2025-07-22 06:54:00,700,FRC4,23,28,249,205,1,False,10.758483785091158,106.67667444278729,0.0,10.0,29.2,Light rain
1872,Từ Vòng Xoay Trần Phú đến ĐHSP,2025-07-22 06:54:00,600,FRC4,23,28,249,205,1,False,10.758740916389923,106.67733446243443,0.0,10.0,29.2,Light rain
1873,Từ Vòng Xoay Trần Phú đến ĐHSP,2025-07-22 06:54:00,500,FRC4,23,28,252,207,1,False,10.759121023128003,106.67817276325134,0.0,10.0,29.2,Light rain
1874,Từ Vòng Xoay Trần Phú đến ĐHSP,2025-07-22 06:54:00,400,FRC4,23,28,252,207,1,False,10.759445231432741,106.6790186505005,0.0,10.0,29.2,Light rain
1875,Từ Vòng Xoay Trần Phú đến ĐHSP,2025-07-22 06:54:00,300,FRC4,23,28,252,207,1,False,10.759784345493584,106.67986453775157,0.0,10.0,29.2,Light rain
1876,Từ Vòng Xoay Trần Phú đến ĐHSP,2025-07-22 06:54:00,200,FRC4,23,28,252,207,1,False,10.76013091221701,106.68072559786684,0.0,10.0,29.2,Light rain
1877,Từ Vòng Xoay Trần Phú đến ĐHSP,2025-07-22 06:54:00,100,FRC4,23,28,249,205,1,False,10.760458845955434,106.6815638986815,0.0,10.0,29.2,Light rain
1878,Từ Vòng Xoay Trần Phú đến ĐHSP,2025-07-22 06:54:00,0,FRC4,23,28,249,205,1,False,10.760883668675298,106.6826449653469,0.0,10.0,29.2,Light rain
654,Từ Ngã Sáu Cộng Hòa đến An Dương Vương,2025-07-19 08:19:00,500,FRC3,22,32,1141,784,1,False,10.765163027177051,106.68176325830919,0.0,10.0,29.2,Overcast
655,Từ Ngã Sáu Cộng Hòa đến An Dương Vương,2025-07-19 08:19:00,400,FRC3,22,32,1141,784,1,False,10.764283334954333,106.68210132878986,0.0,10.0,29.2,Overcast
656,Từ Ngã Sáu Cộng Hòa đến An Dương Vương,2025-07-19 08:19:00,300,FRC3,22,32,1141,784,1,False,10.763480856227291,106.68240386571111,0.0,10.0,29.2,Overcast
657,Từ Ngã Sáu Cộng Hòa đến An Dương Vương,2025-07-19 08:19:00,200,FRC3,22,32,1141,784,1,False,10.762642918836454,106.6827364596283,0.0,10.0,29.2,Overcast
658,Từ Ngã Sáu Cộng Hòa đến An Dương Vương,2025-07-19 08:19:00,100,FRC3,22,32,1141,784,1,False,10.7619261906941,106.68302613820323,0.0,10.0,29.2,Overcast
659,Từ Ngã Sáu Cộng Hòa đến An Dương Vương,2025-07-19 08:19:00,0,FRC3,22,32,1141,784,1,False,10.761156760056346,106.68331581677815,0.0,10.0,29.2,Overcast
660,Từ Cầu Nguyễn Văn Cừ đến An Dương Vương,2025-07-19 08:19:00,700,FRC2,25,34,636,467,1,False,10.755556817425111,106.68578400873503,0.0,10.0,29.2,Overcast
661,Từ Cầu Nguyễn Văn Cừ đến An Dương Vương,2025-07-19 08:19:00,600,FRC2,25,34,636,467,1,False,10.756358876280022,106.6853232069683,0.0,10.0,29.2,Overcast
662,Từ Cầu Nguyễn Văn Cừ đến An Dương Vương,2025-07-19 08:19:00,500,FRC2,25,34,636,467,1,False,10.757138847709548,106.684944289696,0.0,10.0,29.2,Overcast
663,Từ Cầu Nguyễn Văn Cừ đến An Dương Vương,2025-07-19 08:19:00,400,FRC2,25,34,636,467,1,False,10.757963133528543,106.68463303622572,0.0,10.0,29.2,Overcast
664,Từ Cầu Nguyễn Văn Cừ đến An Dương Vương,2025-07-19 08:19:00,300,FRC2,25,34,636,467,1,False,10.758623446871004,106.68435335919212,0.0,10.0,29.2,Overcast
665,Từ Cầu Nguyễn Văn Cừ đến An Dương Vương,2025-07-19 08:19:00,200,FRC6,20,26,848,652,1,False,10.759478749919925,106.68406917123804,0.0,10.0,29.2,Overcast
666,Từ Cầu Nguyễn Văn Cừ đến An Dương Vương,2025-07-19 08:19:00,100,FRC2,25,34,636,467,1,False,10.760311892549737,106.68371280856688,0.0,10.0,29.2,Overcast
667,Từ Cầu Nguyễn Văn Cừ đến An Dương Vương,2025-07-19 08:19:00,0,FRC2,25,34,636,467,1,False,10.761189348756318,106.68340155509297,0.0,10.0,29.2,Overcast
668,Từ Vòng Xoay Trần Phú đến ĐHSP,2025-07-19 08:19:00,1000,FRC4,19,28,302,205,1,False,10.757533515349062,106.67414436746735,0.0,10.0,29.2,Overcast
669,Từ Vòng Xoay Trần Phú đến ĐHSP,2025-07-19 08:19:00,900,FRC4,19,28,302,205,1,False,10.757824186413304,106.67502060044893,0.0,10.0,29.2,Overcast
670,Từ Vòng Xoay Trần Phú đến ĐHSP,2025-07-19 08:19:00,800,FRC4,19,28,302,205,1,False,10.758126036834728,106.67584372840122,0.0,10.0,29.2,Overcast
671,Từ Vòng Xoay Trần Phú đến ĐHSP,2025-07-19 08:19:00,700,FRC4,19,28,302,205,1,False,10.758483785091158,106.67667444278729,0.0,10.0,29.2,Overcast
672,Từ Vòng Xoay Trần Phú đến ĐHSP,2025-07-19 08:19:00,600,FRC4,19,28,302,205,1,False,10.758740916389923,106.67733446243443,0.0,10.0,29.2,Overcast
673,Từ Vòng Xoay Trần Phú đến ĐHSP,2025-07-19 08:19:00,500,FRC4,19,29,305,199,1,False,10.759121023128003,106.67817276325134,0.0,10.0,29.2,Overcast
674,Từ Vòng Xoay Trần Phú đến ĐHSP,2025-07-19 08:19:00,400,FRC4,19,29,305,199,1,False,10.759445231432741,106.6790186505005,0.0,10.0,29.2,Overcast
675,Từ Vòng Xoay Trần Phú đến ĐHSP,2025-07-19 08:19:00,300,FRC4,19,29,305,199,1,False,10.759784345493584,106.67986453775157,0.0,10.0,29.2,Overcast
676,Từ Vòng Xoay Trần Phú đến ĐHSP,2025-07-19 08:19:00,200,FRC4,19,29,305,199,1,False,10.76013091221701,106.68072559786684,0.0,10.0,29.2,Overcast
677,Từ Vòng Xoay Trần Phú đến ĐHSP,2025-07-19 08:19:00,100,FRC4,19,28,302,205,1,False,10.760458845955434,106.6815638986815,0.0,10.0,29.2,Overcast
678,Từ Vòng Xoay Trần Phú đến ĐHSP,2025-07-19 08:19:00,0,FRC4,19,28,302,205,1,False,10.760883668675298,106.6826449653469,0.0,10.0,29.2,Overcast
679,Từ Ngã Sáu Cộng Hòa đến An Dương Vương,2025-07-19 08:46:00,500,FRC3,23,32,1091,784,1,False,10.765163027177051,106.68176325830919,0.0,10.0,29.2,Overcast
680,Từ Ngã Sáu Cộng Hòa đến An Dương Vương,2025-07-19 08:46:00,400,FRC3,23,32,1091,784,1,False,10.764283334954333,106.68210132878986,0.0,10.0,29.2,Overcast
681,Từ Ngã Sáu Cộng Hòa đến An Dương Vương,2025-07-19 08:46:00,300,FRC3,23,32,1091,784,1,False,10.763480856227291,106.68240386571111,0.0,10.0,29.2,Overcast
682,Từ Ngã Sáu Cộng Hòa đến An Dương Vương,2025-07-19 08:46:00,200,FRC3,23,32,1091,784,1,False,10.762642918836454,106.6827364596283,0.0,10.0,29.2,Overcast
683,Từ Ngã Sáu Cộng Hòa đến An Dương Vương,2025-07-19 08:46:00,100,FRC3,23,32,1091,784,1,False,10.7619261906941,106.68302613820323,0.0,10.0,29.2,Overcast
684,Từ Ngã Sáu Cộng Hòa đến An Dương Vương,2025-07-19 08:46:00,0,FRC3,23,32,1091,784,1,False,10.761156760056346,106.68331581677815,0.0,10.0,29.2,Overcast
685,Từ Cầu Nguyễn Văn Cừ đến An Dương Vương,2025-07-19 08:46:00,700,FRC2,26,35,611,454,1,False,10.755556817425111,106.68578400873503,0.0,10.0,29.2,Overcast
686,Từ Cầu Nguyễn Văn Cừ đến An Dương Vương,2025-07-19 08:46:00,600,FRC2,26,35,611,454,1,False,10.756358876280022,106.6853232069683,0.0,10.0,29.2,Overcast
687,Từ Cầu Nguyễn Văn Cừ đến An Dương Vương,2025-07-19 08:46:00,500,FRC2,26,35,611,454,1,False,10.757138847709548,106.684944289696,0.0,10.0,29.2,Overcast
688,Từ Cầu Nguyễn Văn Cừ đến An Dương Vương,2025-07-19 08:46:00,400,FRC2,26,35,611,454,1,False,10.757963133528543,106.68463303622572,0.0,10.0,29.2,Overcast
689,Từ Cầu Nguyễn Văn Cừ đến An Dương Vương,2025-07-19 08:46:00,300,FRC2,26,35,611,454,1,False,10.758623446871004,106.68435335919212,0.0,10.0,29.2,Overcast
690,Từ Cầu Nguyễn Văn Cừ đến An Dương Vương,2025-07-19 08:46:00,200,FRC6,19,27,893,628,1,False,10.759478749919925,106.68406917123804,0.0,10.0,29.2,Overcast
691,Từ Cầu Nguyễn Văn Cừ đến An Dương Vương,2025-07-19 08:46:00,100,FRC2,26,35,611,454,1,False,10.760311892549737,106.68371280856688,0.0,10.0,29.2,Overcast
692,Từ Cầu Nguyễn Văn Cừ đến An Dương Vương,2025-07-19 08:46:00,0,FRC2,26,35,611,454,1,False,10.761189348756318,106.68340155509297,0.0,10.0,29.2,Overcast
693,Từ Vòng Xoay Trần Phú đến ĐHSP,2025-07-19 08:46:00,1000,FRC4,19,28,302,205,1,False,10.757533515349062,106.67414436746735,0.0,10.0,29.2,Overcast
694,Từ Vòng Xoay Trần Phú đến ĐHSP,2025-07-19 08:46:00,900,FRC4,19,28,302,205,1,False,10.757824186413304,106.67502060044893,0.0,10.0,29.2,Overcast
695,Từ Vòng Xoay Trần Phú đến ĐHSP,2025-07-19 08:46:00,800,FRC4,19,28,302,205,1,False,10.758126036834728,106.67584372840122,0.0,10.0,29.2,Overcast
696,Từ Vòng Xoay Trần Phú đến ĐHSP,2025-07-19 08:46:00,700,FRC4,19,28,302,205,1,False,10.758483785091158,106.67667444278729,0.0,10.0,29.2,Overcast
697,Từ Vòng Xoay Trần Phú đến ĐHSP,2025-07-19 08:46:00,600,FRC4,19,28,302,205,1,False,10.758740916389923,106.67733446243443,0.0,10.0,29.2,Overcast
698,Từ Vòng Xoay Trần Phú đến ĐHSP,2025-07-19 08:46:00,500,FRC4,20,27,289,214,1,False,10.759121023128003,106.67817276325134,0.0,10.0,29.2,Overcast
699,Từ Vòng Xoay Trần Phú đến ĐHSP,2025-07-19 08:46:00,400,FRC4,20,27,289,214,1,False,10.759445231432741,106.6790186505005,0.0,10.0,29.2,Overcast
700,Từ Vòng Xoay Trần Phú đến ĐHSP,2025-07-19 08:46:00,300,FRC4,20,27,289,214,1,False,10.759784345493584,106.67986453775157,0.0,10.0,29.2,Overcast
701,Từ Vòng Xoay Trần Phú đến ĐHSP,2025-07-19 08:46:00,200,FRC4,20,27,289,214,1,False,10.76013091221701,106.68072559786684,0.0,10.0,29.2,Overcast
702,Từ Vòng Xoay Trần Phú đến ĐHSP,2025-07-19 08:46:00,100,FRC4,19,28,302,205,1,False,10.760458845955434,106.6815638986815,0.0,10.0,29.2,Overcast
703,Từ Vòng Xoay Trần Phú đến ĐHSP,2025-07-19 08:46:00,0,FRC4,19,28,302,205,1,False,10.760883668675298,106.6826449653469,0.0,10.0,29.2,Overcast
704,Từ Ngã Sáu Cộng Hòa đến An Dương Vương,2025-07-19 11:15:00,500,FRC3,21,33,1195,760,1,False,10.765163027177051,106.68176325830919,0.0,10.0,24.1,Partly Cloudy
705,Từ Ngã Sáu Cộng Hòa đến An Dương Vương,2025-07-19 11:15:00,400,FRC3,21,33,1195,760,1,False,10.764283334954333,106.68210132878986,0.0,10.0,24.1,Partly Cloudy
706,Từ Ngã Sáu Cộng Hòa đến An Dương Vương,2025-07-19 11:15:00,300,FRC3,21,33,1195,760,1,False,10.763480856227291,106.68240386571111,0.0,10.0,24.1,Partly Cloudy
707,Từ Ngã Sáu Cộng Hòa đến An Dương Vương,2025-07-19 11:15:00,200,FRC3,21,33,1195,760,1,False,10.762642918836454,106.6827364596283,0.0,10.0,24.1,Partly Cloudy
708,Từ Ngã Sáu Cộng Hòa đến An Dương Vương,2025-07-19 11:15:00,100,FRC3,21,33,1195,760,1,False,10.7619261906941,106.68302613820323,0.0,10.0,24.1,Partly Cloudy
709,Từ Ngã Sáu Cộng Hòa đến An Dương Vương,2025-07-19 11:15:00,0,FRC3,21,33,1195,760,1,False,10.761156760056346,106.68331581677815,0.0,10.0,24.1,Partly Cloudy
710,Từ Cầu Nguyễn Văn Cừ đến An Dương Vương,2025-07-19 11:16:00,700,FRC2,21,35,757,454,1,False,10.755556817425111,106.68578400873503,0.0,10.0,24.1,Partly Cloudy
711,Từ Cầu Nguyễn Văn Cừ đến An Dương Vương,2025-07-19 11:16:00,600,FRC2,21,35,757,454,1,False,10.756358876280022,106.6853232069683,0.0,10.0,24.1,Partly Cloudy
712,Từ Cầu Nguyễn Văn Cừ đến An Dương Vương,2025-07-19 11:16:00,500,FRC2,21,35,757,454,1,False,10.757138847709548,106.684944289696,0.0,10.0,24.1,Partly Cloudy
713,Từ Cầu Nguyễn Văn Cừ đến An Dương Vương,2025-07-19 11:16:00,400,FRC2,21,35,757,454,1,False,10.757963133528543,106.68463303622572,0.0,10.0,24.1,Partly Cloudy
714,Từ Cầu Nguyễn Văn Cừ đến An Dương Vương,2025-07-19 11:16:00,300,FRC2,21,35,757,454,1,False,10.758623446871004,106.68435335919212,0.0,10.0,24.1,Partly Cloudy
715,Từ Cầu Nguyễn Văn Cừ đến An Dương Vương,2025-07-19 11:16:00,200,FRC6,18,26,943,652,1,False,10.759478749919925,106.68406917123804,0.0,10.0,24.1,Partly Cloudy
716,Từ Cầu Nguyễn Văn Cừ đến An Dương Vương,2025-07-19 11:16:00,100,FRC2,21,35,757,454,1,False,10.760311892549737,106.68371280856688,0.0,10.0,24.1,Partly Cloudy
717,Từ Cầu Nguyễn Văn Cừ đến An Dương Vương,2025-07-19 11:16:00,0,FRC2,21,35,757,454,1,False,10.761189348756318,106.68340155509297,0.0,10.0,24.1,Partly Cloudy
718,Từ Vòng Xoay Trần Phú đến ĐHSP,2025-07-19 11:16:00,1000,FRC4,21,28,273,205,1,False,10.757533515349062,106.67414436746735,0.0,10.0,24.1,Partly Cloudy
719,Từ Vòng Xoay Trần Phú đến ĐHSP,2025-07-19 11:16:00,900,FRC4,21,28,273,205,1,False,10.757824186413304,106.67502060044893,0.0,10.0,24.1,Partly Cloudy
720,Từ Vòng Xoay Trần Phú đến ĐHSP,2025-07-19 11:16:00,800,FRC4,21,28,273,205,1,False,10.758126036834728,106.67584372840122,0.0,10.0,24.1,Partly Cloudy
721,Từ Vòng Xoay Trần Phú đến ĐHSP,2025-07-19 11:16:00,700,FRC4,21,28,273,205,1,False,10.758483785091158,106.67667444278729,0.0,10.0,24.1,Partly Cloudy
722,Từ Vòng Xoay Trần Phú đến ĐHSP,2025-07-19 11:16:00,600,FRC4,21,28,273,205,1,False,10.758740916389923,106.67733446243443,0.0,10.0,24.1,Partly Cloudy
723,Từ Vòng Xoay Trần Phú đến ĐHSP,2025-07-19 11:16:00,500,FRC4,19,28,305,207,1,False,10.759121023128003,106.67817276325134,0.0,10.0,24.1,Partly Cloudy
724,Từ Vòng Xoay Trần Phú đến ĐHSP,2025-07-19 11:16:00,400,FRC4,19,28,305,207,1,False,10.759445231432741,106.6790186505005,0.0,10.0,24.1,Partly Cloudy
725,Từ Vòng Xoay Trần Phú đến ĐHSP,2025-07-19 11:16:00,300,FRC4,19,28,305,207,1,False,10.759784345493584,106.67986453775157,0.0,10.0,24.1,Partly Cloudy
726,Từ Vòng Xoay Trần Phú đến ĐHSP,2025-07-19 11:16:00,200,FRC4,19,28,305,207,1,False,10.76013091221701,106.68072559786684,0.0,10.0,24.1,Partly Cloudy
727,Từ Vòng Xoay Trần Phú đến ĐHSP,2025-07-19 11:16:00,100,FRC4,21,28,273,205,1,False,10.760458845955434,106.6815638986815,0.0,10.0,24.1,Partly Cloudy
728,Từ Vòng Xoay Trần Phú đến ĐHSP,2025-07-19 11:16:00,0,FRC4,21,28,273,205,1,False,10.760883668675298,106.6826449653469,0.0,10.0,24.1,Partly Cloudy
729,Từ Ngã Sáu Cộng Hòa đến An Dương Vương,2025-07-19 11:38:00,500,FRC3,19,33,1321,760,1,False,10.765163027177051,106.68176325830919,0.0,10.0,24.1,Partly Cloudy
730,Từ Ngã Sáu Cộng Hòa đến An Dương Vương,2025-07-19 11:38:00,400,FRC3,19,33,1321,760,1,False,10.764283334954333,106.68210132878986,0.0,10.0,24.1,Partly Cloudy
731,Từ Ngã Sáu Cộng Hòa đến An Dương Vương,2025-07-19 11:38:00,300,FRC3,19,33,1321,760,1,False,10.763480856227291,106.68240386571111,0.0,10.0,24.1,Partly Cloudy
732,Từ Ngã Sáu Cộng Hòa đến An Dương Vương,2025-07-19 11:38:00,200,FRC3,19,33,1321,760,1,False,10.762642918836454,106.6827364596283,0.0,10.0,24.1,Partly Cloudy
733,Từ Ngã Sáu Cộng Hòa đến An Dương Vương,2025-07-19 11:38:00,100,FRC3,19,33,1321,760,1,False,10.7619261906941,106.68302613820323,0.0,10.0,24.1,Partly Cloudy
734,Từ Ngã Sáu Cộng Hòa đến An Dương Vương,2025-07-19 11:38:00,0,FRC3,19,33,1321,760,1,False,10.761156760056346,106.68331581677815,0.0,10.0,24.1,Partly Cloudy
735,Từ Cầu Nguyễn Văn Cừ đến An Dương Vương,2025-07-19 11:38:00,700,FRC2,22,34,722,467,1,False,10.755556817425111,106.68578400873503,0.0,10.0,24.1,Partly Cloudy
736,Từ Cầu Nguyễn Văn Cừ đến An Dương Vương,2025-07-19 11:38:00,600,FRC2,22,34,722,467,1,False,10.756358876280022,106.6853232069683,0.0,10.0,24.1,Partly Cloudy
737,Từ Cầu Nguyễn Văn Cừ đến An Dương Vương,2025-07-19 11:38:00,500,FRC2,22,34,722,467,1,False,10.757138847709548,106.684944289696,0.0,10.0,24.1,Partly Cloudy
738,Từ Cầu Nguyễn Văn Cừ đến An Dương Vương,2025-07-19 11:38:00,400,FRC2,22,34,722,467,1,False,10.757963133528543,106.68463303622572,0.0,10.0,24.1,Partly Cloudy
739,Từ Cầu Nguyễn Văn Cừ đến An Dương Vương,2025-07-19 11:38:00,300,FRC2,22,34,722,467,1,False,10.758623446871004,106.68435335919212,0.0,10.0,24.1,Partly Cloudy
740,Từ Cầu Nguyễn Văn Cừ đến An Dương Vương,2025-07-19 11:38:00,200,FRC6,18,27,943,628,1,False,10.759478749919925,106.68406917123804,0.0,10.0,24.1,Partly Cloudy
741,Từ Cầu Nguyễn Văn Cừ đến An Dương Vương,2025-07-19 11:38:00,100,FRC2,22,34,722,467,1,False,10.760311892549737,106.68371280856688,0.0,10.0,24.1,Partly Cloudy
742,Từ Cầu Nguyễn Văn Cừ đến An Dương Vương,2025-07-19 11:38:00,0,FRC2,22,34,722,467,1,False,10.761189348756318,106.68340155509297,0.0,10.0,24.1,Partly Cloudy
743,Từ Vòng Xoay Trần Phú đến ĐHSP,2025-07-19 11:38:00,1000,FRC4,21,28,273,205,1,False,10.757533515349062,106.67414436746735,0.0,10.0,24.1,Partly Cloudy
744,Từ Vòng Xoay Trần Phú đến ĐHSP,2025-07-19 11:38:00,900,FRC4,21,28,273,205,1,False,10.757824186413304,106.67502060044893,0.0,10.0,24.1,Partly Cloudy
745,Từ Vòng Xoay Trần Phú đến ĐHSP,2025-07-19 11:38:00,800,FRC4,21,28,273,205,1,False,10.758126036834728,106.67584372840122,0.0,10.0,24.1,Partly Cloudy
746,Từ Vòng Xoay Trần Phú đến ĐHSP,2025-07-19 11:38:00,700,FRC4,21,28,273,205,1,False,10.758483785091158,106.67667444278729,0.0,10.0,24.1,Partly Cloudy
747,Từ Vòng Xoay Trần Phú đến ĐHSP,2025-07-19 11:38:00,600,FRC4,21,28,273,205,1,False,10.758740916389923,106.67733446243443,0.0,10.0,24.1,Partly Cloudy
748,Từ Vòng Xoay Trần Phú đến ĐHSP,2025-07-19 11:38:00,500,FRC4,21,28,276,207,0.998085,False,10.759121023128003,106.67817276325134,0.0,10.0,24.1,Partly Cloudy
749,Từ Vòng Xoay Trần Phú đến ĐHSP,2025-07-19 11:38:00,400,FRC4,21,28,276,207,0.998085,False,10.759445231432741,106.6790186505005,0.0,10.0,24.1,Partly Cloudy
750,Từ Vòng Xoay Trần Phú đến ĐHSP,2025-07-19 11:38:00,300,FRC4,21,28,276,207,0.998085,False,10.759784345493584,106.67986453775157,0.0,10.0,24.1,Partly Cloudy
751,Từ Vòng Xoay Trần Phú đến ĐHSP,2025-07-19 11:38:00,200,FRC4,21,28,276,207,0.998085,False,10.76013091221701,106.68072559786684,0.0,10.0,24.1,Partly Cloudy
752,Từ Vòng Xoay Trần Phú đến ĐHSP,2025-07-19 11:38:00,100,FRC4,21,28,273,205,1,False,10.760458845955434,106.6815638986815,0.0,10.0,24.1,Partly Cloudy
753,Từ Vòng Xoay Trần Phú đến ĐHSP,2025-07-19 11:38:00,0,FRC4,21,28,273,205,1,False,10.760883668675298,106.6826449653469,0.0,10.0,24.1,Partly Cloudy
754,Từ Ngã Sáu Cộng Hòa đến An Dương Vương,2025-07-19 11:50:00,500,FRC3,20,33,1255,760,1,False,10.765163027177051,106.68176325830919,0.0,10.0,24.1,Partly Cloudy
755,Từ Ngã Sáu Cộng Hòa đến An Dương Vương,2025-07-19 11:50:00,400,FRC3,20,33,1255,760,1,False,10.764283334954333,106.68210132878986,0.0,10.0,24.1,Partly Cloudy
756,Từ Ngã Sáu Cộng Hòa đến An Dương Vương,2025-07-19 11:50:00,300,FRC3,20,33,1255,760,1,False,10.763480856227291,106.68240386571111,0.0,10.0,24.1,Partly Cloudy
757,Từ Ngã Sáu Cộng Hòa đến An Dương Vương,2025-07-19 11:50:00,200,FRC3,20,33,1255,760,1,False,10.762642918836454,106.6827364596283,0.0,10.0,24.1,Partly Cloudy
758,Từ Ngã Sáu Cộng Hòa đến An Dương Vương,2025-07-19 11:50:00,100,FRC3,20,33,1255,760,1,False,10.7619261906941,106.68302613820323,0.0,10.0,24.1,Partly Cloudy
759,Từ Ngã Sáu Cộng Hòa đến An Dương Vương,2025-07-19 11:50:00,0,FRC3,20,33,1255,760,1,False,10.761156760056346,106.68331581677815,0.0,10.0,24.1,Partly Cloudy
760,Từ Cầu Nguyễn Văn Cừ đến An Dương Vương,2025-07-19 11:50:00,700,FRC2,23,34,691,467,1,False,10.755556817425111,106.68578400873503,0.0,10.0,24.1,Partly Cloudy
761,Từ Cầu Nguyễn Văn Cừ đến An Dương Vương,2025-07-19 11:50:00,600,FRC2,23,34,691,467,1,False,10.756358876280022,106.6853232069683,0.0,10.0,24.1,Partly Cloudy
762,Từ Cầu Nguyễn Văn Cừ đến An Dương Vương,2025-07-19 11:50:00,500,FRC2,23,34,691,467,1,False,10.757138847709548,106.684944289696,0.0,10.0,24.1,Partly Cloudy
763,Từ Cầu Nguyễn Văn Cừ đến An Dương Vương,2025-07-19 11:50:00,400,FRC2,23,34,691,467,1,False,10.757963133528543,106.68463303622572,0.0,10.0,24.1,Partly Cloudy
764,Từ Cầu Nguyễn Văn Cừ đến An Dương Vương,2025-07-19 11:50:00,300,FRC2,23,34,691,467,1,False,10.758623446871004,106.68435335919212,0.0,10.0,24.1,Partly Cloudy
765,Từ Cầu Nguyễn Văn Cừ đến An Dương Vương,2025-07-19 11:50:00,200,FRC6,17,26,998,652,1,False,10.759478749919925,106.68406917123804,0.0,10.0,24.1,Partly Cloudy
766,Từ Cầu Nguyễn Văn Cừ đến An Dương Vương,2025-07-19 11:50:00,100,FRC2,23,34,691,467,1,False,10.760311892549737,106.68371280856688,0.0,10.0,24.1,Partly Cloudy
767,Từ Cầu Nguyễn Văn Cừ đến An Dương Vương,2025-07-19 11:50:00,0,FRC2,23,34,691,467,1,False,10.761189348756318,106.68340155509297,0.0,10.0,24.1,Partly Cloudy
768,Từ Vòng Xoay Trần Phú đến ĐHSP,2025-07-19 11:50:00,1000,FRC4,22,28,261,205,1,False,10.757533515349062,106.67414436746735,0.0,10.0,24.1,Partly Cloudy
769,Từ Vòng Xoay Trần Phú đến ĐHSP,2025-07-19 11:50:00,900,FRC4,22,28,261,205,1,False,10.757824186413304,106.67502060044893,0.0,10.0,24.1,Partly Cloudy
770,Từ Vòng Xoay Trần Phú đến ĐHSP,2025-07-19 11:50:00,800,FRC4,22,28,261,205,1,False,10.758126036834728,106.67584372840122,0.0,10.0,24.1,Partly Cloudy
771,Từ Vòng Xoay Trần Phú đến ĐHSP,2025-07-19 11:50:00,700,FRC4,22,28,261,205,1,False,10.758483785091158,106.67667444278729,0.0,10.0,24.1,Partly Cloudy
772,Từ Vòng Xoay Trần Phú đến ĐHSP,2025-07-19 11:50:00,600,FRC4,22,28,261,205,1,False,10.758740916389923,106.67733446243443,0.0,10.0,24.1,Partly Cloudy
773,Từ Vòng Xoay Trần Phú đến ĐHSP,2025-07-19 11:50:00,500,FRC4,22,27,263,214,0.993574,False,10.759121023128003,106.67817276325134,0.0,10.0,24.1,Partly Cloudy
774,Từ Vòng Xoay Trần Phú đến ĐHSP,2025-07-19 11:50:00,400,FRC4,22,27,263,214,0.993574,False,10.759445231432741,106.6790186505005,0.0,10.0,24.1,Partly Cloudy
775,Từ Vòng Xoay Trần Phú đến ĐHSP,2025-07-19 11:50:00,300,FRC4,22,27,263,214,0.993574,False,10.759784345493584,106.67986453775157,0.0,10.0,24.1,Partly Cloudy
776,Từ Vòng Xoay Trần Phú đến ĐHSP,2025-07-19 11:50:00,200,FRC4,22,27,263,214,0.993574,False,10.76013091221701,106.68072559786684,0.0,10.0,24.1,Partly Cloudy
777,Từ Vòng Xoay Trần Phú đến ĐHSP,2025-07-19 11:50:00,100,FRC4,22,28,261,205,1,False,10.760458845955434,106.6815638986815,0.0,10.0,24.1,Partly Cloudy
778,Từ Vòng Xoay Trần Phú đến ĐHSP,2025-07-19 11:50:00,0,FRC4,22,28,261,205,1,False,10.760883668675298,106.6826449653469,0.0,10.0,24.1,Partly Cloudy
779,Từ Ngã Sáu Cộng Hòa đến An Dương Vương,2025-07-19 12:37:00,500,FRC3,22,33,1141,760,1,False,10.765163027177051,106.68176325830919,0.0,10.0,22.0,Partly cloudy
780,Từ Ngã Sáu Cộng Hòa đến An Dương Vương,2025-07-19 12:37:00,400,FRC3,22,33,1141,760,1,False,10.764283334954333,106.68210132878986,0.0,10.0,22.0,Partly cloudy
781,Từ Ngã Sáu Cộng Hòa đến An Dương Vương,2025-07-19 12:37:00,300,FRC3,22,33,1141,760,1,False,10.763480856227291,106.68240386571111,0.0,10.0,22.0,Partly cloudy
782,Từ Ngã Sáu Cộng Hòa đến An Dương Vương,2025-07-19 12:37:00,200,FRC3,22,33,1141,760,1,False,10.762642918836454,106.6827364596283,0.0,10.0,22.0,Partly cloudy
783,Từ Ngã Sáu Cộng Hòa đến An Dương Vương,2025-07-19 12:37:00,100,FRC3,22,33,1141,760,1,False,10.7619261906941,106.68302613820323,0.0,10.0,22.0,Partly cloudy
784,Từ Ngã Sáu Cộng Hòa đến An Dương Vương,2025-07-19 12:37:00,0,FRC3,22,33,1141,760,1,False,10.761156760056346,106.68331581677815,0.0,10.0,22.0,Partly cloudy
785,Từ Cầu Nguyễn Văn Cừ đến An Dương Vương,2025-07-19 12:37:00,700,FRC2,24,35,662,454,1,False,10.755556817425111,106.68578400873503,0.0,10.0,22.0,Partly cloudy
786,Từ Cầu Nguyễn Văn Cừ đến An Dương Vương,2025-07-19 12:37:00,600,FRC2,24,35,662,454,1,False,10.756358876280022,106.6853232069683,0.0,10.0,22.0,Partly cloudy
787,Từ Cầu Nguyễn Văn Cừ đến An Dương Vương,2025-07-19 12:37:00,500,FRC2,23,34,691,467,1,False,10.757138847709548,106.684944289696,0.0,10.0,22.0,Partly cloudy
788,Từ Cầu Nguyễn Văn Cừ đến An Dương Vương,2025-07-19 12:37:00,400,FRC2,23,34,691,467,1,False,10.757963133528543,106.68463303622572,0.0,10.0,22.0,Partly cloudy
789,Từ Cầu Nguyễn Văn Cừ đến An Dương Vương,2025-07-19 12:37:00,300,FRC2,23,34,691,467,1,False,10.758623446871004,106.68435335919212,0.0,10.0,22.0,Partly cloudy
790,Từ Cầu Nguyễn Văn Cừ đến An Dương Vương,2025-07-19 12:37:00,200,FRC6,19,26,893,652,1,False,10.759478749919925,106.68406917123804,0.0,10.0,22.0,Partly cloudy
791,Từ Cầu Nguyễn Văn Cừ đến An Dương Vương,2025-07-19 12:37:00,100,FRC2,23,34,691,467,1,False,10.760311892549737,106.68371280856688,0.0,10.0,22.0,Partly cloudy
792,Từ Cầu Nguyễn Văn Cừ đến An Dương Vương,2025-07-19 12:37:00,0,FRC2,23,34,691,467,1,False,10.761189348756318,106.68340155509297,0.0,10.0,22.0,Partly cloudy
793,Từ Vòng Xoay Trần Phú đến ĐHSP,2025-07-19 12:37:00,1000,FRC4,22,29,261,198,1,False,10.757533515349062,106.67414436746735,0.0,10.0,22.0,Partly cloudy
794,Từ Vòng Xoay Trần Phú đến ĐHSP,2025-07-19 12:37:00,900,FRC4,22,29,261,198,1,False,10.757824186413304,106.67502060044893,0.0,10.0,22.0,Partly cloudy
795,Từ Vòng Xoay Trần Phú đến ĐHSP,2025-07-19 12:37:00,800,FRC4,22,29,261,198,1,False,10.758126036834728,106.67584372840122,0.0,10.0,22.0,Partly cloudy
796,Từ Vòng Xoay Trần Phú đến ĐHSP,2025-07-19 12:37:00,700,FRC4,22,29,261,198,1,False,10.758483785091158,106.67667444278729,0.0,10.0,22.0,Partly cloudy
797,Từ Vòng Xoay Trần Phú đến ĐHSP,2025-07-19 12:37:00,600,FRC4,22,29,261,198,1,False,10.758740916389923,106.67733446243443,0.0,10.0,22.0,Partly cloudy
798,Từ Vòng Xoay Trần Phú đến ĐHSP,2025-07-19 12:37:00,500,FRC4,21,27,276,214,1,False,10.759121023128003,106.67817276325134,0.0,10.0,22.0,Partly cloudy
799,Từ Vòng Xoay Trần Phú đến ĐHSP,2025-07-19 12:37:00,400,FRC4,21,27,276,214,1,False,10.759445231432741,106.6790186505005,0.0,10.0,22.0,Partly cloudy
800,Từ Vòng Xoay Trần Phú đến ĐHSP,2025-07-19 12:37:00,300,FRC4,21,27,276,214,1,False,10.759784345493584,106.67986453775157,0.0,10.0,22.0,Partly cloudy
801,Từ Vòng Xoay Trần Phú đến ĐHSP,2025-07-19 12:37:00,200,FRC4,21,27,276,214,1,False,10.76013091221701,106.68072559786684,0.0,10.0,22.0,Partly cloudy
802,Từ Vòng Xoay Trần Phú đến ĐHSP,2025-07-19 12:37:00,100,FRC4,22,29,261,198,1,False,10.760458845955434,106.6815638986815,0.0,10.0,22.0,Partly cloudy
803,Từ Vòng Xoay Trần Phú đến ĐHSP,2025-07-19 12:37:00,0,FRC4,22,29,261,198,1,False,10.760883668675298,106.6826449653469,0.0,10.0,22.0,Partly cloudy
804,Từ Ngã Sáu Cộng Hòa đến An Dương Vương,2025-07-19 13:18:00,500,FRC3,21,33,1195,760,1,False,10.765163027177051,106.68176325830919,0.0,10.0,18.4,Partly Cloudy
805,Từ Ngã Sáu Cộng Hòa đến An Dương Vương,2025-07-19 13:18:00,400,FRC3,21,33,1195,760,1,False,10.764283334954333,106.68210132878986,0.0,10.0,18.4,Partly Cloudy
806,Từ Ngã Sáu Cộng Hòa đến An Dương Vương,2025-07-19 13:18:00,300,FRC3,21,33,1195,760,1,False,10.763480856227291,106.68240386571111,0.0,10.0,18.4,Partly Cloudy
807,Từ Ngã Sáu Cộng Hòa đến An Dương Vương,2025-07-19 13:18:00,200,FRC3,21,33,1195,760,1,False,10.762642918836454,106.6827364596283,0.0,10.0,18.4,Partly Cloudy
808,Từ Ngã Sáu Cộng Hòa đến An Dương Vương,2025-07-19 13:18:00,100,FRC3,21,33,1195,760,1,False,10.7619261906941,106.68302613820323,0.0,10.0,18.4,Partly Cloudy
809,Từ Ngã Sáu Cộng Hòa đến An Dương Vương,2025-07-19 13:18:00,0,FRC3,21,33,1195,760,1,False,10.761156760056346,106.68331581677815,0.0,10.0,18.4,Partly Cloudy
810,Từ Cầu Nguyễn Văn Cừ đến An Dương Vương,2025-07-19 13:18:00,700,FRC2,24,35,662,454,1,False,10.755556817425111,106.68578400873503,0.0,10.0,18.4,Partly Cloudy
811,Từ Cầu Nguyễn Văn Cừ đến An Dương Vương,2025-07-19 13:18:00,600,FRC2,24,35,662,454,1,False,10.756358876280022,106.6853232069683,0.0,10.0,18.4,Partly Cloudy
812,Từ Cầu Nguyễn Văn Cừ đến An Dương Vương,2025-07-19 13:18:00,500,FRC2,24,35,662,454,1,False,10.757138847709548,106.684944289696,0.0,10.0,18.4,Partly Cloudy
813,Từ Cầu Nguyễn Văn Cừ đến An Dương Vương,2025-07-19 13:18:00,400,FRC2,24,35,662,454,1,False,10.757963133528543,106.68463303622572,0.0,10.0,18.4,Partly Cloudy
814,Từ Cầu Nguyễn Văn Cừ đến An Dương Vương,2025-07-19 13:18:00,300,FRC2,24,35,662,454,1,False,10.758623446871004,106.68435335919212,0.0,10.0,18.4,Partly Cloudy
815,Từ Cầu Nguyễn Văn Cừ đến An Dương Vương,2025-07-19 13:18:00,200,FRC6,17,26,998,652,1,False,10.759478749919925,106.68406917123804,0.0,10.0,18.4,Partly Cloudy
816,Từ Cầu Nguyễn Văn Cừ đến An Dương Vương,2025-07-19 13:18:00,100,FRC2,24,35,662,454,1,False,10.760311892549737,106.68371280856688,0.0,10.0,18.4,Partly Cloudy
817,Từ Cầu Nguyễn Văn Cừ đến An Dương Vương,2025-07-19 13:18:00,0,FRC2,24,35,662,454,1,False,10.761189348756318,106.68340155509297,0.0,10.0,18.4,Partly Cloudy
818,Từ Vòng Xoay Trần Phú đến ĐHSP,2025-07-19 13:18:00,1000,FRC4,22,28,261,205,1,False,10.757533515349062,106.67414436746735,0.0,10.0,18.4,Partly Cloudy
819,Từ Vòng Xoay Trần Phú đến ĐHSP,2025-07-19 13:18:00,900,FRC4,22,28,261,205,1,False,10.757824186413304,106.67502060044893,0.0,10.0,18.4,Partly Cloudy
820,Từ Vòng Xoay Trần Phú đến ĐHSP,2025-07-19 13:18:00,800,FRC4,22,28,261,205,1,False,10.758126036834728,106.67584372840122,0.0,10.0,18.4,Partly Cloudy
821,Từ Vòng Xoay Trần Phú đến ĐHSP,2025-07-19 13:18:00,700,FRC4,22,28,261,205,1,False,10.758483785091158,106.67667444278729,0.0,10.0,18.4,Partly Cloudy
822,Từ Vòng Xoay Trần Phú đến ĐHSP,2025-07-19 13:18:00,600,FRC4,22,28,261,205,1,False,10.758740916389923,106.67733446243443,0.0,10.0,18.4,Partly Cloudy
823,Từ Vòng Xoay Trần Phú đến ĐHSP,2025-07-19 13:18:00,500,FRC4,23,28,252,207,1,False,10.759121023128003,106.67817276325134,0.0,10.0,18.4,Partly Cloudy
824,Từ Vòng Xoay Trần Phú đến ĐHSP,2025-07-19 13:18:00,400,FRC4,23,28,252,207,1,False,10.759445231432741,106.6790186505005,0.0,10.0,18.4,Partly Cloudy
825,Từ Vòng Xoay Trần Phú đến ĐHSP,2025-07-19 13:18:00,300,FRC4,23,28,252,207,1,False,10.759784345493584,106.67986453775157,0.0,10.0,18.4,Partly Cloudy
826,Từ Vòng Xoay Trần Phú đến ĐHSP,2025-07-19 13:18:00,200,FRC4,23,28,252,207,1,False,10.76013091221701,106.68072559786684,0.0,10.0,18.4,Partly Cloudy
827,Từ Vòng Xoay Trần Phú đến ĐHSP,2025-07-19 13:18:00,100,FRC4,22,28,261,205,1,False,10.760458845955434,106.6815638986815,0.0,10.0,18.4,Partly Cloudy
828,Từ Vòng Xoay Trần Phú đến ĐHSP,2025-07-19 13:18:00,0,FRC4,22,28,261,205,1,False,10.760883668675298,106.6826449653469,0.0,10.0,18.4,Partly Cloudy
829,Từ Ngã Sáu Cộng Hòa đến An Dương Vương,2025-07-19 16:13:00,500,FRC3,33,33,760,760,1,False,10.765163027177051,106.68176325830919,0.09,10.0,21.2,Patchy rain nearby
830,Từ Ngã Sáu Cộng Hòa đến An Dương Vương,2025-07-19 16:13:00,400,FRC3,33,33,760,760,1,False,10.764283334954333,106.68210132878986,0.09,10.0,21.2,Patchy rain nearby
831,Từ Ngã Sáu Cộng Hòa đến An Dương Vương,2025-07-19 16:13:00,300,FRC3,33,33,760,760,1,False,10.763480856227291,106.68240386571111,0.09,10.0,21.2,Patchy rain nearby
832,Từ Ngã Sáu Cộng Hòa đến An Dương Vương,2025-07-19 16:13:00,200,FRC3,33,33,760,760,1,False,10.762642918836454,106.6827364596283,0.09,10.0,21.2,Patchy rain nearby
833,Từ Ngã Sáu Cộng Hòa đến An Dương Vương,2025-07-19 16:13:00,100,FRC3,33,33,760,760,1,False,10.7619261906941,106.68302613820323,0.09,10.0,21.2,Patchy rain nearby
834,Từ Ngã Sáu Cộng Hòa đến An Dương Vương,2025-07-19 16:13:00,0,FRC3,33,33,760,760,1,False,10.761156760056346,106.68331581677815,0.09,10.0,21.2,Patchy rain nearby
835,Từ Cầu Nguyễn Văn Cừ đến An Dương Vương,2025-07-19 16:13:00,700,FRC2,35,35,454,454,1,False,10.755556817425111,106.68578400873503,0.09,10.0,21.2,Patchy rain nearby
836,Từ Cầu Nguyễn Văn Cừ đến An Dương Vương,2025-07-19 16:13:00,600,FRC2,35,35,454,454,1,False,10.756358876280022,106.6853232069683,0.09,10.0,21.2,Patchy rain nearby
837,Từ Cầu Nguyễn Văn Cừ đến An Dương Vương,2025-07-19 16:13:00,500,FRC2,35,35,454,454,1,False,10.757138847709548,106.684944289696,0.09,10.0,21.2,Patchy rain nearby
838,Từ Cầu Nguyễn Văn Cừ đến An Dương Vương,2025-07-19 16:13:00,400,FRC2,35,35,454,454,1,False,10.757963133528543,106.68463303622572,0.09,10.0,21.2,Patchy rain nearby
839,Từ Cầu Nguyễn Văn Cừ đến An Dương Vương,2025-07-19 16:13:00,300,FRC2,35,35,454,454,1,False,10.758623446871004,106.68435335919212,0.09,10.0,21.2,Patchy rain nearby
840,Từ Cầu Nguyễn Văn Cừ đến An Dương Vương,2025-07-19 16:13:00,200,FRC6,27,27,628,628,1,False,10.759478749919925,106.68406917123804,0.09,10.0,21.2,Patchy rain nearby
841,Từ Cầu Nguyễn Văn Cừ đến An Dương Vương,2025-07-19 16:13:00,100,FRC2,35,35,454,454,1,False,10.760311892549737,106.68371280856688,0.09,10.0,21.2,Patchy rain nearby
842,Từ Cầu Nguyễn Văn Cừ đến An Dương Vương,2025-07-19 16:13:00,0,FRC2,35,35,454,454,1,False,10.761189348756318,106.68340155509297,0.09,10.0,21.2,Patchy rain nearby
843,Từ Vòng Xoay Trần Phú đến ĐHSP,2025-07-19 16:13:00,1000,FRC4,29,29,198,198,1,False,10.757533515349062,106.67414436746735,0.09,10.0,21.2,Patchy rain nearby
844,Từ Vòng Xoay Trần Phú đến ĐHSP,2025-07-19 16:13:00,900,FRC4,29,29,198,198,1,False,10.757824186413304,106.67502060044893,0.09,10.0,21.2,Patchy rain nearby
845,Từ Vòng Xoay Trần Phú đến ĐHSP,2025-07-19 16:13:00,800,FRC4,29,29,198,198,1,False,10.758126036834728,106.67584372840122,0.09,10.0,21.2,Patchy rain nearby
846,Từ Vòng Xoay Trần Phú đến ĐHSP,2025-07-19 16:13:00,700,FRC4,29,29,198,198,1,False,10.758483785091158,106.67667444278729,0.09,10.0,21.2,Patchy rain nearby
847,Từ Vòng Xoay Trần Phú đến ĐHSP,2025-07-19 16:13:00,600,FRC4,29,29,198,198,1,False,10.758740916389923,106.67733446243443,0.09,10.0,21.2,Patchy rain nearby
848,Từ Vòng Xoay Trần Phú đến ĐHSP,2025-07-19 16:13:00,500,FRC4,19,28,305,207,0.9919,False,10.759121023128003,106.67817276325134,0.09,10.0,21.2,Patchy rain nearby
849,Từ Vòng Xoay Trần Phú đến ĐHSP,2025-07-19 16:13:00,400,FRC4,19,28,305,207,0.9919,False,10.759445231432741,106.6790186505005,0.09,10.0,21.2,Patchy rain nearby
850,Từ Vòng Xoay Trần Phú đến ĐHSP,2025-07-19 16:13:00,300,FRC4,19,28,305,207,0.9919,False,10.759784345493584,106.67986453775157,0.09,10.0,21.2,Patchy rain nearby
851,Từ Vòng Xoay Trần Phú đến ĐHSP,2025-07-19 16:13:00,200,FRC4,19,28,305,207,0.9919,False,10.76013091221701,106.68072559786684,0.09,10.0,21.2,Patchy rain nearby
852,Từ Vòng Xoay Trần Phú đến ĐHSP,2025-07-19 16:13:00,100,FRC4,29,29,198,198,1,False,10.760458845955434,106.6815638986815,0.09,10.0,21.2,Patchy rain nearby
853,Từ Vòng Xoay Trần Phú đến ĐHSP,2025-07-19 16:13:00,0,FRC4,29,29,198,198,1,False,10.760883668675298,106.6826449653469,0.09,10.0,21.2,Patchy rain nearby
854,Từ Ngã Sáu Cộng Hòa đến An Dương Vương,2025-07-19 16:39:00,500,FRC3,33,33,760,760,1,False,10.765163027177051,106.68176325830919,0.0,10.0,19.1,Clear
855,Từ Ngã Sáu Cộng Hòa đến An Dương Vương,2025-07-19 16:39:00,400,FRC3,33,33,760,760,1,False,10.764283334954333,106.68210132878986,0.0,10.0,19.1,Clear
856,Từ Ngã Sáu Cộng Hòa đến An Dương Vương,2025-07-19 16:39:00,300,FRC3,33,33,760,760,1,False,10.763480856227291,106.68240386571111,0.0,10.0,19.1,Clear
857,Từ Ngã Sáu Cộng Hòa đến An Dương Vương,2025-07-19 16:39:00,200,FRC3,33,33,760,760,1,False,10.762642918836454,106.6827364596283,0.0,10.0,19.1,Clear
858,Từ Ngã Sáu Cộng Hòa đến An Dương Vương,2025-07-19 16:39:00,100,FRC3,33,33,760,760,1,False,10.7619261906941,106.68302613820323,0.0,10.0,19.1,Clear
859,Từ Ngã Sáu Cộng Hòa đến An Dương Vương,2025-07-19 16:39:00,0,FRC3,33,33,760,760,1,False,10.761156760056346,106.68331581677815,0.0,10.0,19.1,Clear
860,Từ Cầu Nguyễn Văn Cừ đến An Dương Vương,2025-07-19 16:40:00,700,FRC2,27,34,589,467,1,False,10.755556817425111,106.68578400873503,0.0,10.0,19.1,Clear
861,Từ Cầu Nguyễn Văn Cừ đến An Dương Vương,2025-07-19 16:40:00,600,FRC2,27,34,589,467,1,False,10.756358876280022,106.6853232069683,0.0,10.0,19.1,Clear
862,Từ Cầu Nguyễn Văn Cừ đến An Dương Vương,2025-07-19 16:40:00,500,FRC2,27,34,589,467,1,False,10.757138847709548,106.684944289696,0.0,10.0,19.1,Clear
863,Từ Cầu Nguyễn Văn Cừ đến An Dương Vương,2025-07-19 16:40:00,400,FRC2,27,34,589,467,1,False,10.757963133528543,106.68463303622572,0.0,10.0,19.1,Clear
864,Từ Cầu Nguyễn Văn Cừ đến An Dương Vương,2025-07-19 16:40:00,300,FRC2,27,34,589,467,1,False,10.758623446871004,106.68435335919212,0.0,10.0,19.1,Clear
865,Từ Cầu Nguyễn Văn Cừ đến An Dương Vương,2025-07-19 16:40:00,200,FRC6,27,27,628,628,1,False,10.759478749919925,106.68406917123804,0.0,10.0,19.1,Clear
866,Từ Cầu Nguyễn Văn Cừ đến An Dương Vương,2025-07-19 16:40:00,100,FRC2,27,34,589,467,1,False,10.760311892549737,106.68371280856688,0.0,10.0,19.1,Clear
867,Từ Cầu Nguyễn Văn Cừ đến An Dương Vương,2025-07-19 16:40:00,0,FRC2,27,34,589,467,1,False,10.761189348756318,106.68340155509297,0.0,10.0,19.1,Clear
868,Từ Vòng Xoay Trần Phú đến ĐHSP,2025-07-19 16:40:00,1000,FRC4,29,29,198,198,1,False,10.757533515349062,106.67414436746735,0.0,10.0,19.1,Clear
869,Từ Vòng Xoay Trần Phú đến ĐHSP,2025-07-19 16:40:00,900,FRC4,29,29,198,198,1,False,10.757824186413304,106.67502060044893,0.0,10.0,19.1,Clear
870,Từ Vòng Xoay Trần Phú đến ĐHSP,2025-07-19 16:40:00,800,FRC4,29,29,198,198,1,False,10.758126036834728,106.67584372840122,0.0,10.0,19.1,Clear
871,Từ Vòng Xoay Trần Phú đến ĐHSP,2025-07-19 16:40:00,700,FRC4,29,29,198,198,1,False,10.758483785091158,106.67667444278729,0.0,10.0,19.1,Clear
872,Từ Vòng Xoay Trần Phú đến ĐHSP,2025-07-19 16:40:00,600,FRC4,29,29,198,198,1,False,10.758740916389923,106.67733446243443,0.0,10.0,19.1,Clear
873,Từ Vòng Xoay Trần Phú đến ĐHSP,2025-07-19 16:40:00,500,FRC4,28,28,207,207,1,False,10.759121023128003,106.67817276325134,0.0,10.0,19.1,Clear
874,Từ Vòng Xoay Trần Phú đến ĐHSP,2025-07-19 16:40:00,400,FRC4,28,28,207,207,1,False,10.759445231432741,106.6790186505005,0.0,10.0,19.1,Clear
875,Từ Vòng Xoay Trần Phú đến ĐHSP,2025-07-19 16:40:00,300,FRC4,28,28,207,207,1,False,10.759784345493584,106.67986453775157,0.0,10.0,19.1,Clear
876,Từ Vòng Xoay Trần Phú đến ĐHSP,2025-07-19 16:40:00,200,FRC4,28,28,207,207,1,False,10.76013091221701,106.68072559786684,0.0,10.0,19.1,Clear
877,Từ Vòng Xoay Trần Phú đến ĐHSP,2025-07-19 16:40:00,100,FRC4,29,29,198,198,1,False,10.760458845955434,106.6815638986815,0.0,10.0,19.1,Clear
878,Từ Vòng Xoay Trần Phú đến ĐHSP,2025-07-19 16:40:00,0,FRC4,29,29,198,198,1,False,10.760883668675298,106.6826449653469,0.0,10.0,19.1,Clear
879,Từ Ngã Sáu Cộng Hòa đến An Dương Vương,2025-07-19 16:55:00,500,FRC3,33,33,760,760,1,False,10.765163027177051,106.68176325830919,0.0,10.0,19.1,Clear
880,Từ Ngã Sáu Cộng Hòa đến An Dương Vương,2025-07-19 16:55:00,400,FRC3,33,33,760,760,1,False,10.764283334954333,106.68210132878986,0.0,10.0,19.1,Clear
881,Từ Ngã Sáu Cộng Hòa đến An Dương Vương,2025-07-19 16:55:00,300,FRC3,33,33,760,760,1,False,10.763480856227291,106.68240386571111,0.0,10.0,19.1,Clear
882,Từ Ngã Sáu Cộng Hòa đến An Dương Vương,2025-07-19 16:55:00,200,FRC3,33,33,760,760,1,False,10.762642918836454,106.6827364596283,0.0,10.0,19.1,Clear
883,Từ Ngã Sáu Cộng Hòa đến An Dương Vương,2025-07-19 16:55:00,100,FRC3,33,33,760,760,1,False,10.7619261906941,106.68302613820323,0.0,10.0,19.1,Clear
884,Từ Ngã Sáu Cộng Hòa đến An Dương Vương,2025-07-19 16:55:00,0,FRC3,33,33,760,760,1,False,10.761156760056346,106.68331581677815,0.0,10.0,19.1,Clear
885,Từ Cầu Nguyễn Văn Cừ đến An Dương Vương,2025-07-19 16:55:00,700,FRC2,35,35,454,454,1,False,10.755556817425111,106.68578400873503,0.0,10.0,19.1,Clear
886,Từ Cầu Nguyễn Văn Cừ đến An Dương Vương,2025-07-19 16:55:00,600,FRC2,35,35,454,454,1,False,10.756358876280022,106.6853232069683,0.0,10.0,19.1,Clear
887,Từ Cầu Nguyễn Văn Cừ đến An Dương Vương,2025-07-19 16:55:00,500,FRC2,35,35,454,454,1,False,10.757138847709548,106.684944289696,0.0,10.0,19.1,Clear
888,Từ Cầu Nguyễn Văn Cừ đến An Dương Vương,2025-07-19 16:55:00,400,FRC2,35,35,454,454,1,False,10.757963133528543,106.68463303622572,0.0,10.0,19.1,Clear
889,Từ Cầu Nguyễn Văn Cừ đến An Dương Vương,2025-07-19 16:55:00,300,FRC2,35,35,454,454,1,False,10.758623446871004,106.68435335919212,0.0,10.0,19.1,Clear
890,Từ Cầu Nguyễn Văn Cừ đến An Dương Vương,2025-07-19 16:55:00,200,FRC6,27,27,628,628,1,False,10.759478749919925,106.68406917123804,0.0,10.0,19.1,Clear
891,Từ Cầu Nguyễn Văn Cừ đến An Dương Vương,2025-07-19 16:55:00,100,FRC2,35,35,454,454,1,False,10.760311892549737,106.68371280856688,0.0,10.0,19.1,Clear
892,Từ Cầu Nguyễn Văn Cừ đến An Dương Vương,2025-07-19 16:55:00,0,FRC2,35,35,454,454,1,False,10.761189348756318,106.68340155509297,0.0,10.0,19.1,Clear
893,Từ Vòng Xoay Trần Phú đến ĐHSP,2025-07-19 16:55:00,1000,FRC4,29,29,198,198,1,False,10.757533515349062,106.67414436746735,0.0,10.0,19.1,Clear
894,Từ Vòng Xoay Trần Phú đến ĐHSP,2025-07-19 16:55:00,900,FRC4,29,29,198,198,1,False,10.757824186413304,106.67502060044893,0.0,10.0,19.1,Clear
895,Từ Vòng Xoay Trần Phú đến ĐHSP,2025-07-19 16:55:00,800,FRC4,29,29,198,198,1,False,10.758126036834728,106.67584372840122,0.0,10.0,19.1,Clear
896,Từ Vòng Xoay Trần Phú đến ĐHSP,2025-07-19 16:55:00,700,FRC4,29,29,198,198,1,False,10.758483785091158,106.67667444278729,0.0,10.0,19.1,Clear
897,Từ Vòng Xoay Trần Phú đến ĐHSP,2025-07-19 16:55:00,600,FRC4,29,29,198,198,1,False,10.758740916389923,106.67733446243443,0.0,10.0,19.1,Clear
898,Từ Vòng Xoay Trần Phú đến ĐHSP,2025-07-19 16:55:00,500,FRC4,28,28,207,207,1,False,10.759121023128003,106.67817276325134,0.0,10.0,19.1,Clear
899,Từ Vòng Xoay Trần Phú đến ĐHSP,2025-07-19 16:55:00,400,FRC4,28,28,207,207,1,False,10.759445231432741,106.6790186505005,0.0,10.0,19.1,Clear
900,Từ Vòng Xoay Trần Phú đến ĐHSP,2025-07-19 16:55:00,300,FRC4,28,28,207,207,1,False,10.759784345493584,106.67986453775157,0.0,10.0,19.1,Clear
901,Từ Vòng Xoay Trần Phú đến ĐHSP,2025-07-19 16:55:00,200,FRC4,28,28,207,207,1,False,10.76013091221701,106.68072559786684,0.0,10.0,19.1,Clear
902,Từ Vòng Xoay Trần Phú đến ĐHSP,2025-07-19 16:55:00,100,FRC4,29,29,198,198,1,False,10.760458845955434,106.6815638986815,0.0,10.0,19.1,Clear
903,Từ Vòng Xoay Trần Phú đến ĐHSP,2025-07-19 16:55:00,0,FRC4,29,29,198,198,1,False,10.760883668675298,106.6826449653469,0.0,10.0,19.1,Clear
904,Từ Ngã Sáu Cộng Hòa đến An Dương Vương,2025-07-19 17:11:00,500,FRC3,33,33,760,760,1,False,10.765163027177051,106.68176325830919,0.0,10.0,16.9,Partly Cloudy
905,Từ Ngã Sáu Cộng Hòa đến An Dương Vương,2025-07-19 17:11:00,400,FRC3,33,33,760,760,1,False,10.764283334954333,106.68210132878986,0.0,10.0,16.9,Partly Cloudy
906,Từ Ngã Sáu Cộng Hòa đến An Dương Vương,2025-07-19 17:11:00,300,FRC3,33,33,760,760,1,False,10.763480856227291,106.68240386571111,0.0,10.0,16.9,Partly Cloudy
907,Từ Ngã Sáu Cộng Hòa đến An Dương Vương,2025-07-19 17:11:00,200,FRC3,33,33,760,760,1,False,10.762642918836454,106.6827364596283,0.0,10.0,16.9,Partly Cloudy
908,Từ Ngã Sáu Cộng Hòa đến An Dương Vương,2025-07-19 17:11:00,100,FRC3,33,33,760,760,1,False,10.7619261906941,106.68302613820323,0.0,10.0,16.9,Partly Cloudy
909,Từ Ngã Sáu Cộng Hòa đến An Dương Vương,2025-07-19 17:11:00,0,FRC3,33,33,760,760,1,False,10.761156760056346,106.68331581677815,0.0,10.0,16.9,Partly Cloudy
910,Từ Cầu Nguyễn Văn Cừ đến An Dương Vương,2025-07-19 17:11:00,700,FRC2,35,35,454,454,1,False,10.755556817425111,106.68578400873503,0.0,10.0,16.9,Partly Cloudy
911,Từ Cầu Nguyễn Văn Cừ đến An Dương Vương,2025-07-19 17:11:00,600,FRC2,35,35,454,454,1,False,10.756358876280022,106.6853232069683,0.0,10.0,16.9,Partly Cloudy
912,Từ Cầu Nguyễn Văn Cừ đến An Dương Vương,2025-07-19 17:11:00,500,FRC2,35,35,454,454,1,False,10.757138847709548,106.684944289696,0.0,10.0,16.9,Partly Cloudy
913,Từ Cầu Nguyễn Văn Cừ đến An Dương Vương,2025-07-19 17:11:00,400,FRC2,35,35,454,454,1,False,10.757963133528543,106.68463303622572,0.0,10.0,16.9,Partly Cloudy
914,Từ Cầu Nguyễn Văn Cừ đến An Dương Vương,2025-07-19 17:11:00,300,FRC2,35,35,454,454,1,False,10.758623446871004,106.68435335919212,0.0,10.0,16.9,Partly Cloudy
915,Từ Cầu Nguyễn Văn Cừ đến An Dương Vương,2025-07-19 17:11:00,200,FRC6,27,27,628,628,1,False,10.759478749919925,106.68406917123804,0.0,10.0,16.9,Partly Cloudy
916,Từ Cầu Nguyễn Văn Cừ đến An Dương Vương,2025-07-19 17:11:00,100,FRC2,35,35,454,454,1,False,10.760311892549737,106.68371280856688,0.0,10.0,16.9,Partly Cloudy
917,Từ Cầu Nguyễn Văn Cừ đến An Dương Vương,2025-07-19 17:11:00,0,FRC2,35,35,454,454,1,False,10.761189348756318,106.68340155509297,0.0,10.0,16.9,Partly Cloudy
918,Từ Vòng Xoay Trần Phú đến ĐHSP,2025-07-19 17:11:00,1000,FRC4,24,29,239,198,1,False,10.757533515349062,106.67414436746735,0.0,10.0,16.9,Partly Cloudy
919,Từ Vòng Xoay Trần Phú đến ĐHSP,2025-07-19 17:11:00,900,FRC4,24,29,239,198,1,False,10.757824186413304,106.67502060044893,0.0,10.0,16.9,Partly Cloudy
920,Từ Vòng Xoay Trần Phú đến ĐHSP,2025-07-19 17:11:00,800,FRC4,24,29,239,198,1,False,10.758126036834728,106.67584372840122,0.0,10.0,16.9,Partly Cloudy
921,Từ Vòng Xoay Trần Phú đến ĐHSP,2025-07-19 17:11:00,700,FRC4,24,29,239,198,1,False,10.758483785091158,106.67667444278729,0.0,10.0,16.9,Partly Cloudy
922,Từ Vòng Xoay Trần Phú đến ĐHSP,2025-07-19 17:11:00,600,FRC4,24,29,239,198,1,False,10.758740916389923,106.67733446243443,0.0,10.0,16.9,Partly Cloudy
923,Từ Vòng Xoay Trần Phú đến ĐHSP,2025-07-19 17:11:00,500,FRC4,25,28,231,207,0.994223,False,10.759121023128003,106.67817276325134,0.0,10.0,16.9,Partly Cloudy
924,Từ Vòng Xoay Trần Phú đến ĐHSP,2025-07-19 17:11:00,400,FRC4,25,28,231,207,0.994223,False,10.759445231432741,106.6790186505005,0.0,10.0,16.9,Partly Cloudy
925,Từ Vòng Xoay Trần Phú đến ĐHSP,2025-07-19 17:11:00,300,FRC4,25,28,231,207,0.994223,False,10.759784345493584,106.67986453775157,0.0,10.0,16.9,Partly Cloudy
926,Từ Vòng Xoay Trần Phú đến ĐHSP,2025-07-19 17:11:00,200,FRC4,25,28,231,207,0.994223,False,10.76013091221701,106.68072559786684,0.0,10.0,16.9,Partly Cloudy
927,Từ Vòng Xoay Trần Phú đến ĐHSP,2025-07-19 17:11:00,100,FRC4,24,29,239,198,1,False,10.760458845955434,106.6815638986815,0.0,10.0,16.9,Partly Cloudy
928,Từ Vòng Xoay Trần Phú đến ĐHSP,2025-07-19 17:11:00,0,FRC4,24,29,239,198,1,False,10.760883668675298,106.6826449653469,0.0,10.0,16.9,Partly Cloudy
929,Từ Ngã Sáu Cộng Hòa đến An Dương Vương,2025-07-19 17:33:00,500,FRC3,33,33,760,760,1,False,10.765163027177051,106.68176325830919,0.0,10.0,16.9,Partly Cloudy
930,Từ Ngã Sáu Cộng Hòa đến An Dương Vương,2025-07-19 17:33:00,400,FRC3,33,33,760,760,1,False,10.764283334954333,106.68210132878986,0.0,10.0,16.9,Partly Cloudy
931,Từ Ngã Sáu Cộng Hòa đến An Dương Vương,2025-07-19 17:33:00,300,FRC3,33,33,760,760,1,False,10.763480856227291,106.68240386571111,0.0,10.0,16.9,Partly Cloudy
932,Từ Ngã Sáu Cộng Hòa đến An Dương Vương,2025-07-19 17:33:00,200,FRC3,33,33,760,760,1,False,10.762642918836454,106.6827364596283,0.0,10.0,16.9,Partly Cloudy
933,Từ Ngã Sáu Cộng Hòa đến An Dương Vương,2025-07-19 17:33:00,100,FRC3,33,33,760,760,1,False,10.7619261906941,106.68302613820323,0.0,10.0,16.9,Partly Cloudy
934,Từ Ngã Sáu Cộng Hòa đến An Dương Vương,2025-07-19 17:33:00,0,FRC3,33,33,760,760,1,False,10.761156760056346,106.68331581677815,0.0,10.0,16.9,Partly Cloudy
935,Từ Cầu Nguyễn Văn Cừ đến An Dương Vương,2025-07-19 17:33:00,700,FRC2,35,35,454,454,1,False,10.755556817425111,106.68578400873503,0.0,10.0,16.9,Partly Cloudy
936,Từ Cầu Nguyễn Văn Cừ đến An Dương Vương,2025-07-19 17:33:00,600,FRC2,35,35,454,454,1,False,10.756358876280022,106.6853232069683,0.0,10.0,16.9,Partly Cloudy
937,Từ Cầu Nguyễn Văn Cừ đến An Dương Vương,2025-07-19 17:33:00,500,FRC2,35,35,454,454,1,False,10.757138847709548,106.684944289696,0.0,10.0,16.9,Partly Cloudy
938,Từ Cầu Nguyễn Văn Cừ đến An Dương Vương,2025-07-19 17:33:00,400,FRC2,35,35,454,454,1,False,10.757963133528543,106.68463303622572,0.0,10.0,16.9,Partly Cloudy
939,Từ Cầu Nguyễn Văn Cừ đến An Dương Vương,2025-07-19 17:33:00,300,FRC2,35,35,454,454,1,False,10.758623446871004,106.68435335919212,0.0,10.0,16.9,Partly Cloudy
940,Từ Cầu Nguyễn Văn Cừ đến An Dương Vương,2025-07-19 17:33:00,200,FRC6,27,27,628,628,1,False,10.759478749919925,106.68406917123804,0.0,10.0,16.9,Partly Cloudy
941,Từ Cầu Nguyễn Văn Cừ đến An Dương Vương,2025-07-19 17:33:00,100,FRC2,35,35,454,454,1,False,10.760311892549737,106.68371280856688,0.0,10.0,16.9,Partly Cloudy
942,Từ Cầu Nguyễn Văn Cừ đến An Dương Vương,2025-07-19 17:33:00,0,FRC2,35,35,454,454,1,False,10.761189348756318,106.68340155509297,0.0,10.0,16.9,Partly Cloudy
943,Từ Vòng Xoay Trần Phú đến ĐHSP,2025-07-19 17:33:00,1000,FRC4,29,29,198,198,1,False,10.757533515349062,106.67414436746735,0.0,10.0,16.9,Partly Cloudy
944,Từ Vòng Xoay Trần Phú đến ĐHSP,2025-07-19 17:33:00,900,FRC4,29,29,198,198,1,False,10.757824186413304,106.67502060044893,0.0,10.0,16.9,Partly Cloudy
945,Từ Vòng Xoay Trần Phú đến ĐHSP,2025-07-19 17:33:00,800,FRC4,29,29,198,198,1,False,10.758126036834728,106.67584372840122,0.0,10.0,16.9,Partly Cloudy
946,Từ Vòng Xoay Trần Phú đến ĐHSP,2025-07-19 17:33:00,700,FRC4,29,29,198,198,1,False,10.758483785091158,106.67667444278729,0.0,10.0,16.9,Partly Cloudy
947,Từ Vòng Xoay Trần Phú đến ĐHSP,2025-07-19 17:33:00,600,FRC4,29,29,198,198,1,False,10.758740916389923,106.67733446243443,0.0,10.0,16.9,Partly Cloudy
948,Từ Vòng Xoay Trần Phú đến ĐHSP,2025-07-19 17:33:00,500,FRC4,28,28,207,207,1,False,10.759121023128003,106.67817276325134,0.0,10.0,16.9,Partly Cloudy
949,Từ Vòng Xoay Trần Phú đến ĐHSP,2025-07-19 17:33:00,400,FRC4,28,28,207,207,1,False,10.759445231432741,106.6790186505005,0.0,10.0,16.9,Partly Cloudy
950,Từ Vòng Xoay Trần Phú đến ĐHSP,2025-07-19 17:33:00,300,FRC4,28,28,207,207,1,False,10.759784345493584,106.67986453775157,0.0,10.0,16.9,Partly Cloudy
951,Từ Vòng Xoay Trần Phú đến ĐHSP,2025-07-19 17:33:00,200,FRC4,28,28,207,207,1,False,10.76013091221701,106.68072559786684,0.0,10.0,16.9,Partly Cloudy
952,Từ Vòng Xoay Trần Phú đến ĐHSP,2025-07-19 17:33:00,100,FRC4,29,29,198,198,1,False,10.760458845955434,106.6815638986815,0.0,10.0,16.9,Partly Cloudy
953,Từ Vòng Xoay Trần Phú đến ĐHSP,2025-07-19 17:33:00,0,FRC4,29,29,198,198,1,False,10.760883668675298,106.6826449653469,0.0,10.0,16.9,Partly Cloudy
954,Từ Ngã Sáu Cộng Hòa đến An Dương Vương,2025-07-19 17:49:00,500,FRC3,33,33,760,760,1,False,10.765163027177051,106.68176325830919,0.0,10.0,16.9,Partly Cloudy
955,Từ Ngã Sáu Cộng Hòa đến An Dương Vương,2025-07-19 17:49:00,400,FRC3,33,33,760,760,1,False,10.764283334954333,106.68210132878986,0.0,10.0,16.9,Partly Cloudy
956,Từ Ngã Sáu Cộng Hòa đến An Dương Vương,2025-07-19 17:49:00,300,FRC3,33,33,760,760,1,False,10.763480856227291,106.68240386571111,0.0,10.0,16.9,Partly Cloudy
957,Từ Ngã Sáu Cộng Hòa đến An Dương Vương,2025-07-19 17:49:00,200,FRC3,33,33,760,760,1,False,10.762642918836454,106.6827364596283,0.0,10.0,16.9,Partly Cloudy
958,Từ Ngã Sáu Cộng Hòa đến An Dương Vương,2025-07-19 17:49:00,100,FRC3,33,33,760,760,1,False,10.7619261906941,106.68302613820323,0.0,10.0,16.9,Partly Cloudy
959,Từ Ngã Sáu Cộng Hòa đến An Dương Vương,2025-07-19 17:49:00,0,FRC3,33,33,760,760,1,False,10.761156760056346,106.68331581677815,0.0,10.0,16.9,Partly Cloudy
960,Từ Cầu Nguyễn Văn Cừ đến An Dương Vương,2025-07-19 17:49:00,700,FRC2,35,35,454,454,1,False,10.755556817425111,106.68578400873503,0.0,10.0,16.9,Partly Cloudy
961,Từ Cầu Nguyễn Văn Cừ đến An Dương Vương,2025-07-19 17:49:00,600,FRC2,35,35,454,454,1,False,10.756358876280022,106.6853232069683,0.0,10.0,16.9,Partly Cloudy
962,Từ Cầu Nguyễn Văn Cừ đến An Dương Vương,2025-07-19 17:49:00,500,FRC2,35,35,454,454,1,False,10.757138847709548,106.684944289696,0.0,10.0,16.9,Partly Cloudy
963,Từ Cầu Nguyễn Văn Cừ đến An Dương Vương,2025-07-19 17:49:00,400,FRC2,35,35,454,454,1,False,10.757963133528543,106.68463303622572,0.0,10.0,16.9,Partly Cloudy
964,Từ Cầu Nguyễn Văn Cừ đến An Dương Vương,2025-07-19 17:49:00,300,FRC2,35,35,454,454,1,False,10.758623446871004,106.68435335919212,0.0,10.0,16.9,Partly Cloudy
965,Từ Cầu Nguyễn Văn Cừ đến An Dương Vương,2025-07-19 17:49:00,200,FRC6,27,27,628,628,1,False,10.759478749919925,106.68406917123804,0.0,10.0,16.9,Partly Cloudy
966,Từ Cầu Nguyễn Văn Cừ đến An Dương Vương,2025-07-19 17:49:00,100,FRC2,35,35,454,454,1,False,10.760311892549737,106.68371280856688,0.0,10.0,16.9,Partly Cloudy
967,Từ Cầu Nguyễn Văn Cừ đến An Dương Vương,2025-07-19 17:49:00,0,FRC2,35,35,454,454,1,False,10.761189348756318,106.68340155509297,0.0,10.0,16.9,Partly Cloudy
968,Từ Vòng Xoay Trần Phú đến ĐHSP,2025-07-19 17:49:00,1000,FRC4,22,28,261,205,1,False,10.757533515349062,106.67414436746735,0.0,10.0,16.9,Partly Cloudy
969,Từ Vòng Xoay Trần Phú đến ĐHSP,2025-07-19 17:49:00,900,FRC4,22,28,261,205,1,False,10.757824186413304,106.67502060044893,0.0,10.0,16.9,Partly Cloudy
970,Từ Vòng Xoay Trần Phú đến ĐHSP,2025-07-19 17:49:00,800,FRC4,22,28,261,205,1,False,10.758126036834728,106.67584372840122,0.0,10.0,16.9,Partly Cloudy
971,Từ Vòng Xoay Trần Phú đến ĐHSP,2025-07-19 17:49:00,700,FRC4,22,28,261,205,1,False,10.758483785091158,106.67667444278729,0.0,10.0,16.9,Partly Cloudy
972,Từ Vòng Xoay Trần Phú đến ĐHSP,2025-07-19 17:49:00,600,FRC4,22,28,261,205,1,False,10.758740916389923,106.67733446243443,0.0,10.0,16.9,Partly Cloudy
973,Từ Vòng Xoay Trần Phú đến ĐHSP,2025-07-19 17:49:00,500,FRC4,28,28,207,207,1,False,10.759121023128003,106.67817276325134,0.0,10.0,16.9,Partly Cloudy
974,Từ Vòng Xoay Trần Phú đến ĐHSP,2025-07-19 17:49:00,400,FRC4,28,28,207,207,1,False,10.759445231432741,106.6790186505005,0.0,10.0,16.9,Partly Cloudy
975,Từ Vòng Xoay Trần Phú đến ĐHSP,2025-07-19 17:49:00,300,FRC4,28,28,207,207,1,False,10.759784345493584,106.67986453775157,0.0,10.0,16.9,Partly Cloudy
976,Từ Vòng Xoay Trần Phú đến ĐHSP,2025-07-19 17:49:00,200,FRC4,28,28,207,207,1,False,10.76013091221701,106.68072559786684,0.0,10.0,16.9,Partly Cloudy
977,Từ Vòng Xoay Trần Phú đến ĐHSP,2025-07-19 17:49:00,100,FRC4,22,28,261,205,1,False,10.760458845955434,106.6815638986815,0.0,10.0,16.9,Partly Cloudy
978,Từ Vòng Xoay Trần Phú đến ĐHSP,2025-07-19 17:49:00,0,FRC4,22,28,261,205,1,False,10.760883668675298,106.6826449653469,0.0,10.0,16.9,Partly Cloudy
979,Từ Ngã Sáu Cộng Hòa đến An Dương Vương,2025-07-20 06:21:00,500,FRC3,23,33,1091,760,1,False,10.765163027177051,106.68176325830919,0.91,10.0,23.0,Light rain
980,Từ Ngã Sáu Cộng Hòa đến An Dương Vương,2025-07-20 06:21:00,400,FRC3,23,33,1091,760,1,False,10.764283334954333,106.68210132878986,0.91,10.0,23.0,Light rain
981,Từ Ngã Sáu Cộng Hòa đến An Dương Vương,2025-07-20 06:21:00,300,FRC3,23,33,1091,760,1,False,10.763480856227291,106.68240386571111,0.91,10.0,23.0,Light rain
982,Từ Ngã Sáu Cộng Hòa đến An Dương Vương,2025-07-20 06:21:00,200,FRC3,23,33,1091,760,1,False,10.762642918836454,106.6827364596283,0.91,10.0,23.0,Light rain
983,Từ Ngã Sáu Cộng Hòa đến An Dương Vương,2025-07-20 06:21:00,100,FRC3,23,33,1091,760,1,False,10.7619261906941,106.68302613820323,0.91,10.0,23.0,Light rain
984,Từ Ngã Sáu Cộng Hòa đến An Dương Vương,2025-07-20 06:21:00,0,FRC3,23,33,1091,760,1,False,10.761156760056346,106.68331581677815,0.91,10.0,23.0,Light rain
985,Từ Cầu Nguyễn Văn Cừ đến An Dương Vương,2025-07-20 06:21:00,700,FRC2,26,34,611,467,1,False,10.755556817425111,106.68578400873503,0.91,10.0,23.0,Light rain
986,Từ Cầu Nguyễn Văn Cừ đến An Dương Vương,2025-07-20 06:21:00,600,FRC2,26,34,611,467,1,False,10.756358876280022,106.6853232069683,0.91,10.0,23.0,Light rain
987,Từ Cầu Nguyễn Văn Cừ đến An Dương Vương,2025-07-20 06:21:00,500,FRC2,26,34,611,467,1,False,10.757138847709548,106.684944289696,0.91,10.0,23.0,Light rain
988,Từ Cầu Nguyễn Văn Cừ đến An Dương Vương,2025-07-20 06:21:00,400,FRC2,26,34,611,467,1,False,10.757963133528543,106.68463303622572,0.91,10.0,23.0,Light rain
989,Từ Cầu Nguyễn Văn Cừ đến An Dương Vương,2025-07-20 06:21:00,300,FRC2,26,34,611,467,1,False,10.758623446871004,106.68435335919212,0.91,10.0,23.0,Light rain
990,Từ Cầu Nguyễn Văn Cừ đến An Dương Vương,2025-07-20 06:21:00,200,FRC6,22,27,771,628,1,False,10.759478749919925,106.68406917123804,0.91,10.0,23.0,Light rain
991,Từ Cầu Nguyễn Văn Cừ đến An Dương Vương,2025-07-20 06:21:00,100,FRC2,26,34,611,467,1,False,10.760311892549737,106.68371280856688,0.91,10.0,23.0,Light rain
992,Từ Cầu Nguyễn Văn Cừ đến An Dương Vương,2025-07-20 06:21:00,0,FRC2,26,34,611,467,1,False,10.761189348756318,106.68340155509297,0.91,10.0,23.0,Light rain
993,Từ Vòng Xoay Trần Phú đến ĐHSP,2025-07-20 06:21:00,1000,FRC4,22,28,261,205,1,False,10.757533515349062,106.67414436746735,0.91,10.0,23.0,Light rain
994,Từ Vòng Xoay Trần Phú đến ĐHSP,2025-07-20 06:21:00,900,FRC4,22,28,261,205,1,False,10.757824186413304,106.67502060044893,0.91,10.0,23.0,Light rain
995,Từ Vòng Xoay Trần Phú đến ĐHSP,2025-07-20 06:22:00,800,FRC4,22,28,261,205,1,False,10.758126036834728,106.67584372840122,0.91,10.0,23.0,Light rain
996,Từ Vòng Xoay Trần Phú đến ĐHSP,2025-07-20 06:22:00,700,FRC4,22,28,261,205,1,False,10.758483785091158,106.67667444278729,0.91,10.0,23.0,Light rain
997,Từ Vòng Xoay Trần Phú đến ĐHSP,2025-07-20 06:22:00,600,FRC4,22,28,261,205,1,False,10.758740916389923,106.67733446243443,0.91,10.0,23.0,Light rain
998,Từ Vòng Xoay Trần Phú đến ĐHSP,2025-07-20 06:22:00,500,FRC4,21,28,276,207,0.998079,False,10.759121023128003,106.67817276325134,0.91,10.0,23.0,Light rain
999,Từ Vòng Xoay Trần Phú đến ĐHSP,2025-07-20 06:22:00,400,FRC4,21,28,276,207,0.998079,False,10.759445231432741,106.6790186505005,0.91,10.0,23.0,Light rain
1000,Từ Vòng Xoay Trần Phú đến ĐHSP,2025-07-20 06:22:00,300,FRC4,21,28,276,207,0.998079,False,10.759784345493584,106.67986453775157,0.91,10.0,23.0,Light rain
1001,Từ Vòng Xoay Trần Phú đến ĐHSP,2025-07-20 06:22:00,200,FRC4,21,28,276,207,0.998079,False,10.76013091221701,106.68072559786684,0.91,10.0,23.0,Light rain
1002,Từ Vòng Xoay Trần Phú đến ĐHSP,2025-07-20 06:22:00,100,FRC4,22,28,261,205,1,False,10.760458845955434,106.6815638986815,0.91,10.0,23.0,Light rain
1003,Từ Vòng Xoay Trần Phú đến ĐHSP,2025-07-20 06:22:00,0,FRC4,22,28,261,205,1,False,10.760883668675298,106.6826449653469,0.91,10.0,23.0,Light rain
1004,Từ Ngã Sáu Cộng Hòa đến An Dương Vương,2025-07-20 06:49:00,500,FRC3,22,33,1141,760,1,False,10.765163027177051,106.68176325830919,0.91,10.0,23.0,Light rain
1005,Từ Ngã Sáu Cộng Hòa đến An Dương Vương,2025-07-20 06:49:00,400,FRC3,22,33,1141,760,1,False,10.764283334954333,106.68210132878986,0.91,10.0,23.0,Light rain
1006,Từ Ngã Sáu Cộng Hòa đến An Dương Vương,2025-07-20 06:49:00,300,FRC3,22,33,1141,760,1,False,10.763480856227291,106.68240386571111,0.91,10.0,23.0,Light rain
1007,Từ Ngã Sáu Cộng Hòa đến An Dương Vương,2025-07-20 06:49:00,200,FRC3,22,33,1141,760,1,False,10.762642918836454,106.6827364596283,0.91,10.0,23.0,Light rain
1008,Từ Ngã Sáu Cộng Hòa đến An Dương Vương,2025-07-20 06:49:00,100,FRC3,22,33,1141,760,1,False,10.7619261906941,106.68302613820323,0.91,10.0,23.0,Light rain
1009,Từ Ngã Sáu Cộng Hòa đến An Dương Vương,2025-07-20 06:49:00,0,FRC3,22,33,1141,760,1,False,10.761156760056346,106.68331581677815,0.91,10.0,23.0,Light rain
1010,Từ Cầu Nguyễn Văn Cừ đến An Dương Vương,2025-07-20 06:49:00,700,FRC2,25,35,636,454,1,False,10.755556817425111,106.68578400873503,0.91,10.0,23.0,Light rain
1011,Từ Cầu Nguyễn Văn Cừ đến An Dương Vương,2025-07-20 06:49:00,600,FRC2,25,35,636,454,1,False,10.756358876280022,106.6853232069683,0.91,10.0,23.0,Light rain
1012,Từ Cầu Nguyễn Văn Cừ đến An Dương Vương,2025-07-20 06:49:00,500,FRC2,25,35,636,454,1,False,10.757138847709548,106.684944289696,0.91,10.0,23.0,Light rain
1013,Từ Cầu Nguyễn Văn Cừ đến An Dương Vương,2025-07-20 06:49:00,400,FRC2,25,35,636,454,1,False,10.757963133528543,106.68463303622572,0.91,10.0,23.0,Light rain
1014,Từ Cầu Nguyễn Văn Cừ đến An Dương Vương,2025-07-20 06:49:00,300,FRC2,25,35,636,454,1,False,10.758623446871004,106.68435335919212,0.91,10.0,23.0,Light rain
1015,Từ Cầu Nguyễn Văn Cừ đến An Dương Vương,2025-07-20 06:50:00,200,FRC6,19,27,893,628,1,False,10.759478749919925,106.68406917123804,0.91,10.0,23.0,Light rain
1016,Từ Cầu Nguyễn Văn Cừ đến An Dương Vương,2025-07-20 06:50:00,100,FRC2,25,35,636,454,1,False,10.760311892549737,106.68371280856688,0.91,10.0,23.0,Light rain
1017,Từ Cầu Nguyễn Văn Cừ đến An Dương Vương,2025-07-20 06:50:00,0,FRC2,25,35,636,454,1,False,10.761189348756318,106.68340155509297,0.91,10.0,23.0,Light rain
1018,Từ Vòng Xoay Trần Phú đến ĐHSP,2025-07-20 06:50:00,1000,FRC4,19,28,302,205,1,False,10.757533515349062,106.67414436746735,0.91,10.0,23.0,Light rain
1019,Từ Vòng Xoay Trần Phú đến ĐHSP,2025-07-20 06:50:00,900,FRC4,19,28,302,205,1,False,10.757824186413304,106.67502060044893,0.91,10.0,23.0,Light rain
1020,Từ Vòng Xoay Trần Phú đến ĐHSP,2025-07-20 06:50:00,800,FRC4,19,28,302,205,1,False,10.758126036834728,106.67584372840122,0.91,10.0,23.0,Light rain
1021,Từ Vòng Xoay Trần Phú đến ĐHSP,2025-07-20 06:50:00,700,FRC4,19,28,302,205,1,False,10.758483785091158,106.67667444278729,0.91,10.0,23.0,Light rain
1022,Từ Vòng Xoay Trần Phú đến ĐHSP,2025-07-20 06:50:00,600,FRC4,19,28,302,205,1,False,10.758740916389923,106.67733446243443,0.91,10.0,23.0,Light rain
1023,Từ Vòng Xoay Trần Phú đến ĐHSP,2025-07-20 06:50:00,500,FRC4,22,27,263,214,1,False,10.759121023128003,106.67817276325134,0.91,10.0,23.0,Light rain
1024,Từ Vòng Xoay Trần Phú đến ĐHSP,2025-07-20 06:50:00,400,FRC4,22,27,263,214,1,False,10.759445231432741,106.6790186505005,0.91,10.0,23.0,Light rain
1025,Từ Vòng Xoay Trần Phú đến ĐHSP,2025-07-20 06:50:00,300,FRC4,22,27,263,214,1,False,10.759784345493584,106.67986453775157,0.91,10.0,23.0,Light rain
1026,Từ Vòng Xoay Trần Phú đến ĐHSP,2025-07-20 06:50:00,200,FRC4,22,27,263,214,1,False,10.76013091221701,106.68072559786684,0.91,10.0,23.0,Light rain
1027,Từ Vòng Xoay Trần Phú đến ĐHSP,2025-07-20 06:50:00,100,FRC4,19,28,302,205,1,False,10.760458845955434,106.6815638986815,0.91,10.0,23.0,Light rain
1028,Từ Vòng Xoay Trần Phú đến ĐHSP,2025-07-20 06:50:00,0,FRC4,19,28,302,205,1,False,10.760883668675298,106.6826449653469,0.91,10.0,23.0,Light rain
1029,Từ Ngã Sáu Cộng Hòa đến An Dương Vương,2025-07-20 07:14:00,500,FRC3,23,32,1091,784,1,False,10.765163027177051,106.68176325830919,0.75,10.0,19.4,Light rain
1030,Từ Ngã Sáu Cộng Hòa đến An Dương Vương,2025-07-20 07:14:00,400,FRC3,23,32,1091,784,1,False,10.764283334954333,106.68210132878986,0.75,10.0,19.4,Light rain
1031,Từ Ngã Sáu Cộng Hòa đến An Dương Vương,2025-07-20 07:14:00,300,FRC3,23,32,1091,784,1,False,10.763480856227291,106.68240386571111,0.75,10.0,19.4,Light rain
1032,Từ Ngã Sáu Cộng Hòa đến An Dương Vương,2025-07-20 07:14:00,200,FRC3,23,32,1091,784,1,False,10.762642918836454,106.6827364596283,0.75,10.0,19.4,Light rain
1033,Từ Ngã Sáu Cộng Hòa đến An Dương Vương,2025-07-20 07:14:00,100,FRC3,23,32,1091,784,1,False,10.7619261906941,106.68302613820323,0.75,10.0,19.4,Light rain
1034,Từ Ngã Sáu Cộng Hòa đến An Dương Vương,2025-07-20 07:14:00,0,FRC3,23,32,1091,784,1,False,10.761156760056346,106.68331581677815,0.75,10.0,19.4,Light rain
1035,Từ Cầu Nguyễn Văn Cừ đến An Dương Vương,2025-07-20 07:14:00,700,FRC2,27,34,589,467,1,False,10.755556817425111,106.68578400873503,0.75,10.0,19.4,Light rain
1036,Từ Cầu Nguyễn Văn Cừ đến An Dương Vương,2025-07-20 07:14:00,600,FRC2,27,34,589,467,1,False,10.756358876280022,106.6853232069683,0.75,10.0,19.4,Light rain
1037,Từ Cầu Nguyễn Văn Cừ đến An Dương Vương,2025-07-20 07:14:00,500,FRC2,27,34,589,467,1,False,10.757138847709548,106.684944289696,0.75,10.0,19.4,Light rain
1038,Từ Cầu Nguyễn Văn Cừ đến An Dương Vương,2025-07-20 07:14:00,400,FRC2,27,34,589,467,1,False,10.757963133528543,106.68463303622572,0.75,10.0,19.4,Light rain
1039,Từ Cầu Nguyễn Văn Cừ đến An Dương Vương,2025-07-20 07:14:00,300,FRC2,27,34,589,467,1,False,10.758623446871004,106.68435335919212,0.75,10.0,19.4,Light rain
1040,Từ Cầu Nguyễn Văn Cừ đến An Dương Vương,2025-07-20 07:14:00,200,FRC6,22,26,771,652,1,False,10.759478749919925,106.68406917123804,0.75,10.0,19.4,Light rain
1041,Từ Cầu Nguyễn Văn Cừ đến An Dương Vương,2025-07-20 07:14:00,100,FRC2,27,34,589,467,1,False,10.760311892549737,106.68371280856688,0.75,10.0,19.4,Light rain
1042,Từ Cầu Nguyễn Văn Cừ đến An Dương Vương,2025-07-20 07:14:00,0,FRC2,27,34,589,467,1,False,10.761189348756318,106.68340155509297,0.75,10.0,19.4,Light rain
1043,Từ Vòng Xoay Trần Phú đến ĐHSP,2025-07-20 07:14:00,1000,FRC4,22,28,261,205,1,False,10.757533515349062,106.67414436746735,0.75,10.0,19.4,Light rain
1044,Từ Vòng Xoay Trần Phú đến ĐHSP,2025-07-20 07:14:00,900,FRC4,22,28,261,205,1,False,10.757824186413304,106.67502060044893,0.75,10.0,19.4,Light rain
1045,Từ Vòng Xoay Trần Phú đến ĐHSP,2025-07-20 07:14:00,800,FRC4,22,28,261,205,1,False,10.758126036834728,106.67584372840122,0.75,10.0,19.4,Light rain
1046,Từ Vòng Xoay Trần Phú đến ĐHSP,2025-07-20 07:14:00,700,FRC4,22,28,261,205,1,False,10.758483785091158,106.67667444278729,0.75,10.0,19.4,Light rain
1047,Từ Vòng Xoay Trần Phú đến ĐHSP,2025-07-20 07:14:00,600,FRC4,22,28,261,205,1,False,10.758740916389923,106.67733446243443,0.75,10.0,19.4,Light rain
1048,Từ Vòng Xoay Trần Phú đến ĐHSP,2025-07-20 07:14:00,500,FRC4,21,28,276,207,1,False,10.759121023128003,106.67817276325134,0.75,10.0,19.4,Light rain
1049,Từ Vòng Xoay Trần Phú đến ĐHSP,2025-07-20 07:14:00,400,FRC4,21,28,276,207,1,False,10.759445231432741,106.6790186505005,0.75,10.0,19.4,Light rain
1050,Từ Vòng Xoay Trần Phú đến ĐHSP,2025-07-20 07:14:00,300,FRC4,21,28,276,207,1,False,10.759784345493584,106.67986453775157,0.75,10.0,19.4,Light rain
1051,Từ Vòng Xoay Trần Phú đến ĐHSP,2025-07-20 07:14:00,200,FRC4,21,28,276,207,1,False,10.76013091221701,106.68072559786684,0.75,10.0,19.4,Light rain
1052,Từ Vòng Xoay Trần Phú đến ĐHSP,2025-07-20 07:14:00,100,FRC4,22,28,261,205,1,False,10.760458845955434,106.6815638986815,0.75,10.0,19.4,Light rain
1053,Từ Vòng Xoay Trần Phú đến ĐHSP,2025-07-20 07:14:00,0,FRC4,22,28,261,205,1,False,10.760883668675298,106.6826449653469,0.75,10.0,19.4,Light rain
1054,Từ Ngã Sáu Cộng Hòa đến An Dương Vương,2025-07-20 07:31:00,500,FRC3,22,33,1141,760,1,False,10.765163027177051,106.68176325830919,0.75,10.0,19.4,Light rain
1055,Từ Ngã Sáu Cộng Hòa đến An Dương Vương,2025-07-20 07:31:00,400,FRC3,22,33,1141,760,1,False,10.764283334954333,106.68210132878986,0.75,10.0,19.4,Light rain
1056,Từ Ngã Sáu Cộng Hòa đến An Dương Vương,2025-07-20 07:31:00,300,FRC3,22,33,1141,760,1,False,10.763480856227291,106.68240386571111,0.75,10.0,19.4,Light rain
1057,Từ Ngã Sáu Cộng Hòa đến An Dương Vương,2025-07-20 07:31:00,200,FRC3,22,33,1141,760,1,False,10.762642918836454,106.6827364596283,0.75,10.0,19.4,Light rain
1058,Từ Ngã Sáu Cộng Hòa đến An Dương Vương,2025-07-20 07:31:00,100,FRC3,22,33,1141,760,1,False,10.7619261906941,106.68302613820323,0.75,10.0,19.4,Light rain
1059,Từ Ngã Sáu Cộng Hòa đến An Dương Vương,2025-07-20 07:31:00,0,FRC3,22,33,1141,760,1,False,10.761156760056346,106.68331581677815,0.75,10.0,19.4,Light rain
1060,Từ Cầu Nguyễn Văn Cừ đến An Dương Vương,2025-07-20 07:31:00,700,FRC2,26,34,611,467,1,False,10.755556817425111,106.68578400873503,0.75,10.0,19.4,Light rain
1061,Từ Cầu Nguyễn Văn Cừ đến An Dương Vương,2025-07-20 07:31:00,600,FRC2,26,34,611,467,1,False,10.756358876280022,106.6853232069683,0.75,10.0,19.4,Light rain
1062,Từ Cầu Nguyễn Văn Cừ đến An Dương Vương,2025-07-20 07:31:00,500,FRC2,26,34,611,467,1,False,10.757138847709548,106.684944289696,0.75,10.0,19.4,Light rain
1063,Từ Cầu Nguyễn Văn Cừ đến An Dương Vương,2025-07-20 07:31:00,400,FRC2,26,34,611,467,1,False,10.757963133528543,106.68463303622572,0.75,10.0,19.4,Light rain
1064,Từ Cầu Nguyễn Văn Cừ đến An Dương Vương,2025-07-20 07:31:00,300,FRC2,26,34,611,467,1,False,10.758623446871004,106.68435335919212,0.75,10.0,19.4,Light rain
1065,Từ Cầu Nguyễn Văn Cừ đến An Dương Vương,2025-07-20 07:31:00,200,FRC6,21,26,808,652,1,False,10.759478749919925,106.68406917123804,0.75,10.0,19.4,Light rain
1066,Từ Cầu Nguyễn Văn Cừ đến An Dương Vương,2025-07-20 07:31:00,100,FRC2,26,34,611,467,1,False,10.760311892549737,106.68371280856688,0.75,10.0,19.4,Light rain
1067,Từ Cầu Nguyễn Văn Cừ đến An Dương Vương,2025-07-20 07:31:00,0,FRC2,26,34,611,467,1,False,10.761189348756318,106.68340155509297,0.75,10.0,19.4,Light rain
1068,Từ Vòng Xoay Trần Phú đến ĐHSP,2025-07-20 07:31:00,1000,FRC4,23,27,249,212,1,False,10.757533515349062,106.67414436746735,0.75,10.0,19.4,Light rain
1069,Từ Vòng Xoay Trần Phú đến ĐHSP,2025-07-20 07:31:00,900,FRC4,23,27,249,212,1,False,10.757824186413304,106.67502060044893,0.75,10.0,19.4,Light rain
1070,Từ Vòng Xoay Trần Phú đến ĐHSP,2025-07-20 07:31:00,800,FRC4,23,27,249,212,1,False,10.758126036834728,106.67584372840122,0.75,10.0,19.4,Light rain
1071,Từ Vòng Xoay Trần Phú đến ĐHSP,2025-07-20 07:31:00,700,FRC4,23,27,249,212,1,False,10.758483785091158,106.67667444278729,0.75,10.0,19.4,Light rain
1072,Từ Vòng Xoay Trần Phú đến ĐHSP,2025-07-20 07:31:00,600,FRC4,23,27,249,212,1,False,10.758740916389923,106.67733446243443,0.75,10.0,19.4,Light rain
1073,Từ Vòng Xoay Trần Phú đến ĐHSP,2025-07-20 07:31:00,500,FRC4,16,28,362,207,1,False,10.759121023128003,106.67817276325134,0.75,10.0,19.4,Light rain
1074,Từ Vòng Xoay Trần Phú đến ĐHSP,2025-07-20 07:31:00,400,FRC4,16,28,362,207,1,False,10.759445231432741,106.6790186505005,0.75,10.0,19.4,Light rain
1075,Từ Vòng Xoay Trần Phú đến ĐHSP,2025-07-20 07:31:00,300,FRC4,16,28,362,207,1,False,10.759784345493584,106.67986453775157,0.75,10.0,19.4,Light rain
1076,Từ Vòng Xoay Trần Phú đến ĐHSP,2025-07-20 07:31:00,200,FRC4,16,28,362,207,1,False,10.76013091221701,106.68072559786684,0.75,10.0,19.4,Light rain
1077,Từ Vòng Xoay Trần Phú đến ĐHSP,2025-07-20 07:31:00,100,FRC4,23,27,249,212,1,False,10.760458845955434,106.6815638986815,0.75,10.0,19.4,Light rain
1078,Từ Vòng Xoay Trần Phú đến ĐHSP,2025-07-20 07:31:00,0,FRC4,23,27,249,212,1,False,10.760883668675298,106.6826449653469,0.75,10.0,19.4,Light rain
1079,Từ Ngã Sáu Cộng Hòa đến An Dương Vương,2025-07-20 07:50:00,500,FRC3,24,33,1046,760,1,False,10.765163027177051,106.68176325830919,0.75,10.0,19.4,Light rain
1080,Từ Ngã Sáu Cộng Hòa đến An Dương Vương,2025-07-20 07:50:00,400,FRC3,24,33,1046,760,1,False,10.764283334954333,106.68210132878986,0.75,10.0,19.4,Light rain
1081,Từ Ngã Sáu Cộng Hòa đến An Dương Vương,2025-07-20 07:50:00,300,FRC3,24,33,1046,760,1,False,10.763480856227291,106.68240386571111,0.75,10.0,19.4,Light rain
1082,Từ Ngã Sáu Cộng Hòa đến An Dương Vương,2025-07-20 07:50:00,200,FRC3,24,33,1046,760,1,False,10.762642918836454,106.6827364596283,0.75,10.0,19.4,Light rain
1083,Từ Ngã Sáu Cộng Hòa đến An Dương Vương,2025-07-20 07:50:00,100,FRC3,24,33,1046,760,1,False,10.7619261906941,106.68302613820323,0.75,10.0,19.4,Light rain
1084,Từ Ngã Sáu Cộng Hòa đến An Dương Vương,2025-07-20 07:50:00,0,FRC3,24,33,1046,760,1,False,10.761156760056346,106.68331581677815,0.75,10.0,19.4,Light rain
1085,Từ Cầu Nguyễn Văn Cừ đến An Dương Vương,2025-07-20 07:50:00,700,FRC2,25,34,636,467,1,False,10.755556817425111,106.68578400873503,0.75,10.0,19.4,Light rain
1086,Từ Cầu Nguyễn Văn Cừ đến An Dương Vương,2025-07-20 07:50:00,600,FRC2,25,34,636,467,1,False,10.756358876280022,106.6853232069683,0.75,10.0,19.4,Light rain
1087,Từ Cầu Nguyễn Văn Cừ đến An Dương Vương,2025-07-20 07:50:00,500,FRC2,25,34,636,467,1,False,10.757138847709548,106.684944289696,0.75,10.0,19.4,Light rain
1088,Từ Cầu Nguyễn Văn Cừ đến An Dương Vương,2025-07-20 07:50:00,400,FRC2,25,34,636,467,1,False,10.757963133528543,106.68463303622572,0.75,10.0,19.4,Light rain
1089,Từ Cầu Nguyễn Văn Cừ đến An Dương Vương,2025-07-20 07:50:00,300,FRC2,25,34,636,467,1,False,10.758623446871004,106.68435335919212,0.75,10.0,19.4,Light rain
1090,Từ Cầu Nguyễn Văn Cừ đến An Dương Vương,2025-07-20 07:50:00,200,FRC6,19,26,893,652,1,False,10.759478749919925,106.68406917123804,0.75,10.0,19.4,Light rain
1091,Từ Cầu Nguyễn Văn Cừ đến An Dương Vương,2025-07-20 07:50:00,100,FRC2,25,34,636,467,1,False,10.760311892549737,106.68371280856688,0.75,10.0,19.4,Light rain
1092,Từ Cầu Nguyễn Văn Cừ đến An Dương Vương,2025-07-20 07:50:00,0,FRC2,25,34,636,467,1,False,10.761189348756318,106.68340155509297,0.75,10.0,19.4,Light rain
1093,Từ Vòng Xoay Trần Phú đến ĐHSP,2025-07-20 07:50:00,1000,FRC4,29,29,198,198,1,False,10.757533515349062,106.67414436746735,0.75,10.0,19.4,Light rain
1094,Từ Vòng Xoay Trần Phú đến ĐHSP,2025-07-20 07:50:00,900,FRC4,29,29,198,198,1,False,10.757824186413304,106.67502060044893,0.75,10.0,19.4,Light rain
1095,Từ Vòng Xoay Trần Phú đến ĐHSP,2025-07-20 07:50:00,800,FRC4,29,29,198,198,1,False,10.758126036834728,106.67584372840122,0.75,10.0,19.4,Light rain
1096,Từ Vòng Xoay Trần Phú đến ĐHSP,2025-07-20 07:50:00,700,FRC4,29,29,198,198,1,False,10.758483785091158,106.67667444278729,0.75,10.0,19.4,Light rain
1097,Từ Vòng Xoay Trần Phú đến ĐHSP,2025-07-20 07:50:00,600,FRC4,29,29,198,198,1,False,10.758740916389923,106.67733446243443,0.75,10.0,19.4,Light rain
1098,Từ Vòng Xoay Trần Phú đến ĐHSP,2025-07-20 07:50:00,500,FRC4,19,28,305,207,1,False,10.759121023128003,106.67817276325134,0.75,10.0,19.4,Light rain
1099,Từ Vòng Xoay Trần Phú đến ĐHSP,2025-07-20 07:50:00,400,FRC4,19,28,305,207,1,False,10.759445231432741,106.6790186505005,0.75,10.0,19.4,Light rain
1100,Từ Vòng Xoay Trần Phú đến ĐHSP,2025-07-20 07:50:00,300,FRC4,19,28,305,207,1,False,10.759784345493584,106.67986453775157,0.75,10.0,19.4,Light rain
1101,Từ Vòng Xoay Trần Phú đến ĐHSP,2025-07-20 07:50:00,200,FRC4,19,28,305,207,1,False,10.76013091221701,106.68072559786684,0.75,10.0,19.4,Light rain
1102,Từ Vòng Xoay Trần Phú đến ĐHSP,2025-07-20 07:50:00,100,FRC4,29,29,198,198,1,False,10.760458845955434,106.6815638986815,0.75,10.0,19.4,Light rain
1103,Từ Vòng Xoay Trần Phú đến ĐHSP,2025-07-20 07:50:00,0,FRC4,29,29,198,198,1,False,10.760883668675298,106.6826449653469,0.75,10.0,19.4,Light rain
1104,Từ Ngã Sáu Cộng Hòa đến An Dương Vương,2025-07-20 08:19:00,500,FRC3,23,33,1091,760,1,False,10.765163027177051,106.68176325830919,0.67,10.0,17.3,Light rain
1105,Từ Ngã Sáu Cộng Hòa đến An Dương Vương,2025-07-20 08:19:00,400,FRC3,23,33,1091,760,1,False,10.764283334954333,106.68210132878986,0.67,10.0,17.3,Light rain
1106,Từ Ngã Sáu Cộng Hòa đến An Dương Vương,2025-07-20 08:19:00,300,FRC3,23,33,1091,760,1,False,10.763480856227291,106.68240386571111,0.67,10.0,17.3,Light rain
1107,Từ Ngã Sáu Cộng Hòa đến An Dương Vương,2025-07-20 08:19:00,200,FRC3,23,33,1091,760,1,False,10.762642918836454,106.6827364596283,0.67,10.0,17.3,Light rain
1108,Từ Ngã Sáu Cộng Hòa đến An Dương Vương,2025-07-20 08:19:00,100,FRC3,23,33,1091,760,1,False,10.7619261906941,106.68302613820323,0.67,10.0,17.3,Light rain
1109,Từ Ngã Sáu Cộng Hòa đến An Dương Vương,2025-07-20 08:19:00,0,FRC3,23,33,1091,760,1,False,10.761156760056346,106.68331581677815,0.67,10.0,17.3,Light rain
1110,Từ Cầu Nguyễn Văn Cừ đến An Dương Vương,2025-07-20 08:19:00,700,FRC2,26,34,611,467,1,False,10.755556817425111,106.68578400873503,0.67,10.0,17.3,Light rain
1111,Từ Cầu Nguyễn Văn Cừ đến An Dương Vương,2025-07-20 08:19:00,600,FRC2,26,34,611,467,1,False,10.756358876280022,106.6853232069683,0.67,10.0,17.3,Light rain
1112,Từ Cầu Nguyễn Văn Cừ đến An Dương Vương,2025-07-20 08:19:00,500,FRC2,26,34,611,467,1,False,10.757138847709548,106.684944289696,0.67,10.0,17.3,Light rain
1113,Từ Cầu Nguyễn Văn Cừ đến An Dương Vương,2025-07-20 08:19:00,400,FRC2,26,34,611,467,1,False,10.757963133528543,106.68463303622572,0.67,10.0,17.3,Light rain
1114,Từ Cầu Nguyễn Văn Cừ đến An Dương Vương,2025-07-20 08:19:00,300,FRC2,26,34,611,467,1,False,10.758623446871004,106.68435335919212,0.67,10.0,17.3,Light rain
1115,Từ Cầu Nguyễn Văn Cừ đến An Dương Vương,2025-07-20 08:19:00,200,FRC6,19,26,893,652,1,False,10.759478749919925,106.68406917123804,0.67,10.0,17.3,Light rain
1116,Từ Cầu Nguyễn Văn Cừ đến An Dương Vương,2025-07-20 08:19:00,100,FRC2,26,34,611,467,1,False,10.760311892549737,106.68371280856688,0.67,10.0,17.3,Light rain
1117,Từ Cầu Nguyễn Văn Cừ đến An Dương Vương,2025-07-20 08:19:00,0,FRC2,26,34,611,467,1,False,10.761189348756318,106.68340155509297,0.67,10.0,17.3,Light rain
1118,Từ Vòng Xoay Trần Phú đến ĐHSP,2025-07-20 08:19:00,1000,FRC4,19,28,302,205,1,False,10.757533515349062,106.67414436746735,0.67,10.0,17.3,Light rain
1119,Từ Vòng Xoay Trần Phú đến ĐHSP,2025-07-20 08:19:00,900,FRC4,19,28,302,205,1,False,10.757824186413304,106.67502060044893,0.67,10.0,17.3,Light rain
1120,Từ Vòng Xoay Trần Phú đến ĐHSP,2025-07-20 08:19:00,800,FRC4,19,28,302,205,1,False,10.758126036834728,106.67584372840122,0.67,10.0,17.3,Light rain
1121,Từ Vòng Xoay Trần Phú đến ĐHSP,2025-07-20 08:19:00,700,FRC4,19,28,302,205,1,False,10.758483785091158,106.67667444278729,0.67,10.0,17.3,Light rain
1122,Từ Vòng Xoay Trần Phú đến ĐHSP,2025-07-20 08:19:00,600,FRC4,19,28,302,205,1,False,10.758740916389923,106.67733446243443,0.67,10.0,17.3,Light rain
1123,Từ Vòng Xoay Trần Phú đến ĐHSP,2025-07-20 08:19:00,500,FRC4,22,28,263,207,1,False,10.759121023128003,106.67817276325134,0.67,10.0,17.3,Light rain
1124,Từ Vòng Xoay Trần Phú đến ĐHSP,2025-07-20 08:19:00,400,FRC4,22,28,263,207,1,False,10.759445231432741,106.6790186505005,0.67,10.0,17.3,Light rain
1125,Từ Vòng Xoay Trần Phú đến ĐHSP,2025-07-20 08:19:00,300,FRC4,22,28,263,207,1,False,10.759784345493584,106.67986453775157,0.67,10.0,17.3,Light rain
1126,Từ Vòng Xoay Trần Phú đến ĐHSP,2025-07-20 08:19:00,200,FRC4,22,28,263,207,1,False,10.76013091221701,106.68072559786684,0.67,10.0,17.3,Light rain
1127,Từ Vòng Xoay Trần Phú đến ĐHSP,2025-07-20 08:19:00,100,FRC4,19,28,302,205,1,False,10.760458845955434,106.6815638986815,0.67,10.0,17.3,Light rain
1128,Từ Vòng Xoay Trần Phú đến ĐHSP,2025-07-20 08:19:00,0,FRC4,19,28,302,205,1,False,10.760883668675298,106.6826449653469,0.67,10.0,17.3,Light rain
1129,Từ Ngã Sáu Cộng Hòa đến An Dương Vương,2025-07-20 08:46:00,500,FRC3,23,33,1091,760,1,False,10.765163027177051,106.68176325830919,0.67,10.0,17.3,Light rain
1130,Từ Ngã Sáu Cộng Hòa đến An Dương Vương,2025-07-20 08:46:00,400,FRC3,23,33,1091,760,1,False,10.764283334954333,106.68210132878986,0.67,10.0,17.3,Light rain
1131,Từ Ngã Sáu Cộng Hòa đến An Dương Vương,2025-07-20 08:46:00,300,FRC3,23,33,1091,760,1,False,10.763480856227291,106.68240386571111,0.67,10.0,17.3,Light rain
1132,Từ Ngã Sáu Cộng Hòa đến An Dương Vương,2025-07-20 08:46:00,200,FRC3,23,33,1091,760,1,False,10.762642918836454,106.6827364596283,0.67,10.0,17.3,Light rain
1133,Từ Ngã Sáu Cộng Hòa đến An Dương Vương,2025-07-20 08:46:00,100,FRC3,23,33,1091,760,1,False,10.7619261906941,106.68302613820323,0.67,10.0,17.3,Light rain
1134,Từ Ngã Sáu Cộng Hòa đến An Dương Vương,2025-07-20 08:46:00,0,FRC3,23,33,1091,760,1,False,10.761156760056346,106.68331581677815,0.67,10.0,17.3,Light rain
1135,Từ Cầu Nguyễn Văn Cừ đến An Dương Vương,2025-07-20 08:46:00,700,FRC2,27,35,589,454,1,False,10.755556817425111,106.68578400873503,0.67,10.0,17.3,Light rain
1136,Từ Cầu Nguyễn Văn Cừ đến An Dương Vương,2025-07-20 08:46:00,600,FRC2,27,35,589,454,1,False,10.756358876280022,106.6853232069683,0.67,10.0,17.3,Light rain
1137,Từ Cầu Nguyễn Văn Cừ đến An Dương Vương,2025-07-20 08:46:00,500,FRC2,27,35,589,454,1,False,10.757138847709548,106.684944289696,0.67,10.0,17.3,Light rain
1138,Từ Cầu Nguyễn Văn Cừ đến An Dương Vương,2025-07-20 08:46:00,400,FRC2,27,35,589,454,1,False,10.757963133528543,106.68463303622572,0.67,10.0,17.3,Light rain
1139,Từ Cầu Nguyễn Văn Cừ đến An Dương Vương,2025-07-20 08:46:00,300,FRC2,27,35,589,454,1,False,10.758623446871004,106.68435335919212,0.67,10.0,17.3,Light rain
1140,Từ Cầu Nguyễn Văn Cừ đến An Dương Vương,2025-07-20 08:46:00,200,FRC6,21,26,808,652,1,False,10.759478749919925,106.68406917123804,0.67,10.0,17.3,Light rain
1141,Từ Cầu Nguyễn Văn Cừ đến An Dương Vương,2025-07-20 08:46:00,100,FRC2,27,35,589,454,1,False,10.760311892549737,106.68371280856688,0.67,10.0,17.3,Light rain
1142,Từ Cầu Nguyễn Văn Cừ đến An Dương Vương,2025-07-20 08:46:00,0,FRC2,27,35,589,454,1,False,10.761189348756318,106.68340155509297,0.67,10.0,17.3,Light rain
1143,Từ Vòng Xoay Trần Phú đến ĐHSP,2025-07-20 08:46:00,1000,FRC4,21,28,273,205,1,False,10.757533515349062,106.67414436746735,0.67,10.0,17.3,Light rain
1144,Từ Vòng Xoay Trần Phú đến ĐHSP,2025-07-20 08:46:00,900,FRC4,21,28,273,205,1,False,10.757824186413304,106.67502060044893,0.67,10.0,17.3,Light rain
1145,Từ Vòng Xoay Trần Phú đến ĐHSP,2025-07-20 08:46:00,800,FRC4,21,28,273,205,1,False,10.758126036834728,106.67584372840122,0.67,10.0,17.3,Light rain
1146,Từ Vòng Xoay Trần Phú đến ĐHSP,2025-07-20 08:46:00,700,FRC4,21,28,273,205,1,False,10.758483785091158,106.67667444278729,0.67,10.0,17.3,Light rain
1147,Từ Vòng Xoay Trần Phú đến ĐHSP,2025-07-20 08:46:00,600,FRC4,21,28,273,205,1,False,10.758740916389923,106.67733446243443,0.67,10.0,17.3,Light rain
1148,Từ Vòng Xoay Trần Phú đến ĐHSP,2025-07-20 08:46:00,500,FRC4,21,28,276,207,1,False,10.759121023128003,106.67817276325134,0.67,10.0,17.3,Light rain
1149,Từ Vòng Xoay Trần Phú đến ĐHSP,2025-07-20 08:46:00,400,FRC4,21,28,276,207,1,False,10.759445231432741,106.6790186505005,0.67,10.0,17.3,Light rain
1150,Từ Vòng Xoay Trần Phú đến ĐHSP,2025-07-20 08:46:00,300,FRC4,21,28,276,207,1,False,10.759784345493584,106.67986453775157,0.67,10.0,17.3,Light rain
1151,Từ Vòng Xoay Trần Phú đến ĐHSP,2025-07-20 08:46:00,200,FRC4,21,28,276,207,1,False,10.76013091221701,106.68072559786684,0.67,10.0,17.3,Light rain
1152,Từ Vòng Xoay Trần Phú đến ĐHSP,2025-07-20 08:46:00,100,FRC4,21,28,273,205,1,False,10.760458845955434,106.6815638986815,0.67,10.0,17.3,Light rain
1153,Từ Vòng Xoay Trần Phú đến ĐHSP,2025-07-20 08:46:00,0,FRC4,21,28,273,205,1,False,10.760883668675298,106.6826449653469,0.67,10.0,17.3,Light rain
1154,Từ Ngã Sáu Cộng Hòa đến An Dương Vương,2025-07-20 11:16:00,500,FRC3,21,33,1195,760,1,False,10.765163027177051,106.68176325830919,0.0,10.0,16.6,Partly Cloudy
1155,Từ Ngã Sáu Cộng Hòa đến An Dương Vương,2025-07-20 11:16:00,400,FRC3,21,33,1195,760,1,False,10.764283334954333,106.68210132878986,0.0,10.0,16.6,Partly Cloudy
1156,Từ Ngã Sáu Cộng Hòa đến An Dương Vương,2025-07-20 11:16:00,300,FRC3,21,33,1195,760,1,False,10.763480856227291,106.68240386571111,0.0,10.0,16.6,Partly Cloudy
1157,Từ Ngã Sáu Cộng Hòa đến An Dương Vương,2025-07-20 11:16:00,200,FRC3,21,33,1195,760,1,False,10.762642918836454,106.6827364596283,0.0,10.0,16.6,Partly Cloudy
1158,Từ Ngã Sáu Cộng Hòa đến An Dương Vương,2025-07-20 11:16:00,100,FRC3,21,33,1195,760,1,False,10.7619261906941,106.68302613820323,0.0,10.0,16.6,Partly Cloudy
1159,Từ Ngã Sáu Cộng Hòa đến An Dương Vương,2025-07-20 11:16:00,0,FRC3,21,33,1195,760,1,False,10.761156760056346,106.68331581677815,0.0,10.0,16.6,Partly Cloudy
1160,Từ Cầu Nguyễn Văn Cừ đến An Dương Vương,2025-07-20 11:16:00,700,FRC2,23,35,691,454,1,False,10.755556817425111,106.68578400873503,0.0,10.0,16.6,Partly Cloudy
1161,Từ Cầu Nguyễn Văn Cừ đến An Dương Vương,2025-07-20 11:16:00,600,FRC2,23,35,691,454,1,False,10.756358876280022,106.6853232069683,0.0,10.0,16.6,Partly Cloudy
1162,Từ Cầu Nguyễn Văn Cừ đến An Dương Vương,2025-07-20 11:16:00,500,FRC2,23,35,691,454,1,False,10.757138847709548,106.684944289696,0.0,10.0,16.6,Partly Cloudy
1163,Từ Cầu Nguyễn Văn Cừ đến An Dương Vương,2025-07-20 11:16:00,400,FRC2,23,35,691,454,1,False,10.757963133528543,106.68463303622572,0.0,10.0,16.6,Partly Cloudy
1164,Từ Cầu Nguyễn Văn Cừ đến An Dương Vương,2025-07-20 11:16:00,300,FRC2,23,35,691,454,1,False,10.758623446871004,106.68435335919212,0.0,10.0,16.6,Partly Cloudy
1165,Từ Cầu Nguyễn Văn Cừ đến An Dương Vương,2025-07-20 11:16:00,200,FRC6,18,26,943,652,1,False,10.759478749919925,106.68406917123804,0.0,10.0,16.6,Partly Cloudy
1166,Từ Cầu Nguyễn Văn Cừ đến An Dương Vương,2025-07-20 11:16:00,100,FRC2,23,35,691,454,1,False,10.760311892549737,106.68371280856688,0.0,10.0,16.6,Partly Cloudy
1167,Từ Cầu Nguyễn Văn Cừ đến An Dương Vương,2025-07-20 11:16:00,0,FRC2,23,35,691,454,1,False,10.761189348756318,106.68340155509297,0.0,10.0,16.6,Partly Cloudy
1168,Từ Vòng Xoay Trần Phú đến ĐHSP,2025-07-20 11:16:00,1000,FRC4,20,29,287,198,1,False,10.757533515349062,106.67414436746735,0.0,10.0,16.6,Partly Cloudy
1169,Từ Vòng Xoay Trần Phú đến ĐHSP,2025-07-20 11:16:00,900,FRC4,20,29,287,198,1,False,10.757824186413304,106.67502060044893,0.0,10.0,16.6,Partly Cloudy
1170,Từ Vòng Xoay Trần Phú đến ĐHSP,2025-07-20 11:16:00,800,FRC4,20,29,287,198,1,False,10.758126036834728,106.67584372840122,0.0,10.0,16.6,Partly Cloudy
1171,Từ Vòng Xoay Trần Phú đến ĐHSP,2025-07-20 11:16:00,700,FRC4,20,29,287,198,1,False,10.758483785091158,106.67667444278729,0.0,10.0,16.6,Partly Cloudy
1172,Từ Vòng Xoay Trần Phú đến ĐHSP,2025-07-20 11:16:00,600,FRC4,20,29,287,198,1,False,10.758740916389923,106.67733446243443,0.0,10.0,16.6,Partly Cloudy
1173,Từ Vòng Xoay Trần Phú đến ĐHSP,2025-07-20 11:16:00,500,FRC4,28,28,207,207,1,False,10.759121023128003,106.67817276325134,0.0,10.0,16.6,Partly Cloudy
1174,Từ Vòng Xoay Trần Phú đến ĐHSP,2025-07-20 11:16:00,400,FRC4,28,28,207,207,1,False,10.759445231432741,106.6790186505005,0.0,10.0,16.6,Partly Cloudy
1175,Từ Vòng Xoay Trần Phú đến ĐHSP,2025-07-20 11:16:00,300,FRC4,28,28,207,207,1,False,10.759784345493584,106.67986453775157,0.0,10.0,16.6,Partly Cloudy
1176,Từ Vòng Xoay Trần Phú đến ĐHSP,2025-07-20 11:16:00,200,FRC4,28,28,207,207,1,False,10.76013091221701,106.68072559786684,0.0,10.0,16.6,Partly Cloudy
1177,Từ Vòng Xoay Trần Phú đến ĐHSP,2025-07-20 11:16:00,100,FRC4,20,29,287,198,1,False,10.760458845955434,106.6815638986815,0.0,10.0,16.6,Partly Cloudy
1178,Từ Vòng Xoay Trần Phú đến ĐHSP,2025-07-20 11:16:00,0,FRC4,20,29,287,198,1,False,10.760883668675298,106.6826449653469,0.0,10.0,16.6,Partly Cloudy
1179,Từ Ngã Sáu Cộng Hòa đến An Dương Vương,2025-07-20 11:38:00,500,FRC3,23,33,1091,760,1,False,10.765163027177051,106.68176325830919,0.0,10.0,16.6,Partly Cloudy
1180,Từ Ngã Sáu Cộng Hòa đến An Dương Vương,2025-07-20 11:38:00,400,FRC3,23,33,1091,760,1,False,10.764283334954333,106.68210132878986,0.0,10.0,16.6,Partly Cloudy
1181,Từ Ngã Sáu Cộng Hòa đến An Dương Vương,2025-07-20 11:38:00,300,FRC3,23,33,1091,760,1,False,10.763480856227291,106.68240386571111,0.0,10.0,16.6,Partly Cloudy
1182,Từ Ngã Sáu Cộng Hòa đến An Dương Vương,2025-07-20 11:38:00,200,FRC3,23,33,1091,760,1,False,10.762642918836454,106.6827364596283,0.0,10.0,16.6,Partly Cloudy
1183,Từ Ngã Sáu Cộng Hòa đến An Dương Vương,2025-07-20 11:38:00,100,FRC3,23,33,1091,760,1,False,10.7619261906941,106.68302613820323,0.0,10.0,16.6,Partly Cloudy
1184,Từ Ngã Sáu Cộng Hòa đến An Dương Vương,2025-07-20 11:38:00,0,FRC3,23,33,1091,760,1,False,10.761156760056346,106.68331581677815,0.0,10.0,16.6,Partly Cloudy
1185,Từ Cầu Nguyễn Văn Cừ đến An Dương Vương,2025-07-20 11:38:00,700,FRC2,22,34,722,467,1,False,10.755556817425111,106.68578400873503,0.0,10.0,16.6,Partly Cloudy
1186,Từ Cầu Nguyễn Văn Cừ đến An Dương Vương,2025-07-20 11:38:00,600,FRC2,22,34,722,467,1,False,10.756358876280022,106.6853232069683,0.0,10.0,16.6,Partly Cloudy
1187,Từ Cầu Nguyễn Văn Cừ đến An Dương Vương,2025-07-20 11:38:00,500,FRC2,24,34,662,467,1,False,10.757138847709548,106.684944289696,0.0,10.0,16.6,Partly Cloudy
1188,Từ Cầu Nguyễn Văn Cừ đến An Dương Vương,2025-07-20 11:38:00,400,FRC2,24,34,662,467,1,False,10.757963133528543,106.68463303622572,0.0,10.0,16.6,Partly Cloudy
1189,Từ Cầu Nguyễn Văn Cừ đến An Dương Vương,2025-07-20 11:38:00,300,FRC2,24,34,662,467,1,False,10.758623446871004,106.68435335919212,0.0,10.0,16.6,Partly Cloudy
1190,Từ Cầu Nguyễn Văn Cừ đến An Dương Vương,2025-07-20 11:38:00,200,FRC6,18,26,943,652,1,False,10.759478749919925,106.68406917123804,0.0,10.0,16.6,Partly Cloudy
1191,Từ Cầu Nguyễn Văn Cừ đến An Dương Vương,2025-07-20 11:38:00,100,FRC2,24,34,662,467,1,False,10.760311892549737,106.68371280856688,0.0,10.0,16.6,Partly Cloudy
1192,Từ Cầu Nguyễn Văn Cừ đến An Dương Vương,2025-07-20 11:38:00,0,FRC2,24,34,662,467,1,False,10.761189348756318,106.68340155509297,0.0,10.0,16.6,Partly Cloudy
1193,Từ Vòng Xoay Trần Phú đến ĐHSP,2025-07-20 11:38:00,1000,FRC4,21,27,273,212,1,False,10.757533515349062,106.67414436746735,0.0,10.0,16.6,Partly Cloudy
1194,Từ Vòng Xoay Trần Phú đến ĐHSP,2025-07-20 11:38:00,900,FRC4,21,27,273,212,1,False,10.757824186413304,106.67502060044893,0.0,10.0,16.6,Partly Cloudy
1195,Từ Vòng Xoay Trần Phú đến ĐHSP,2025-07-20 11:38:00,800,FRC4,21,27,273,212,1,False,10.758126036834728,106.67584372840122,0.0,10.0,16.6,Partly Cloudy
1196,Từ Vòng Xoay Trần Phú đến ĐHSP,2025-07-20 11:38:00,700,FRC4,21,27,273,212,1,False,10.758483785091158,106.67667444278729,0.0,10.0,16.6,Partly Cloudy
1197,Từ Vòng Xoay Trần Phú đến ĐHSP,2025-07-20 11:38:00,600,FRC4,21,27,273,212,1,False,10.758740916389923,106.67733446243443,0.0,10.0,16.6,Partly Cloudy
1198,Từ Vòng Xoay Trần Phú đến ĐHSP,2025-07-20 11:38:00,500,FRC4,22,28,263,207,1,False,10.759121023128003,106.67817276325134,0.0,10.0,16.6,Partly Cloudy
1199,Từ Vòng Xoay Trần Phú đến ĐHSP,2025-07-20 11:38:00,400,FRC4,22,28,263,207,1,False,10.759445231432741,106.6790186505005,0.0,10.0,16.6,Partly Cloudy
1200,Từ Vòng Xoay Trần Phú đến ĐHSP,2025-07-20 11:38:00,300,FRC4,22,28,263,207,1,False,10.759784345493584,106.67986453775157,0.0,10.0,16.6,Partly Cloudy
1201,Từ Vòng Xoay Trần Phú đến ĐHSP,2025-07-20 11:38:00,200,FRC4,22,28,263,207,1,False,10.76013091221701,106.68072559786684,0.0,10.0,16.6,Partly Cloudy
1202,Từ Vòng Xoay Trần Phú đến ĐHSP,2025-07-20 11:38:00,100,FRC4,21,27,273,212,1,False,10.760458845955434,106.6815638986815,0.0,10.0,16.6,Partly Cloudy
1203,Từ Vòng Xoay Trần Phú đến ĐHSP,2025-07-20 11:38:00,0,FRC4,21,27,273,212,1,False,10.760883668675298,106.6826449653469,0.0,10.0,16.6,Partly Cloudy
1204,Từ Ngã Sáu Cộng Hòa đến An Dương Vương,2025-07-20 11:50:00,500,FRC3,22,33,1141,760,1,False,10.765163027177051,106.68176325830919,0.0,10.0,16.6,Partly Cloudy
1205,Từ Ngã Sáu Cộng Hòa đến An Dương Vương,2025-07-20 11:50:00,400,FRC3,22,33,1141,760,1,False,10.764283334954333,106.68210132878986,0.0,10.0,16.6,Partly Cloudy
1206,Từ Ngã Sáu Cộng Hòa đến An Dương Vương,2025-07-20 11:50:00,300,FRC3,22,33,1141,760,1,False,10.763480856227291,106.68240386571111,0.0,10.0,16.6,Partly Cloudy
1207,Từ Ngã Sáu Cộng Hòa đến An Dương Vương,2025-07-20 11:50:00,200,FRC3,22,33,1141,760,1,False,10.762642918836454,106.6827364596283,0.0,10.0,16.6,Partly Cloudy
1208,Từ Ngã Sáu Cộng Hòa đến An Dương Vương,2025-07-20 11:50:00,100,FRC3,22,33,1141,760,1,False,10.7619261906941,106.68302613820323,0.0,10.0,16.6,Partly Cloudy
1209,Từ Ngã Sáu Cộng Hòa đến An Dương Vương,2025-07-20 11:50:00,0,FRC3,22,33,1141,760,1,False,10.761156760056346,106.68331581677815,0.0,10.0,16.6,Partly Cloudy
1210,Từ Cầu Nguyễn Văn Cừ đến An Dương Vương,2025-07-20 11:50:00,700,FRC2,23,34,691,467,1,False,10.755556817425111,106.68578400873503,0.0,10.0,16.6,Partly Cloudy
1211,Từ Cầu Nguyễn Văn Cừ đến An Dương Vương,2025-07-20 11:50:00,600,FRC2,23,34,691,467,1,False,10.756358876280022,106.6853232069683,0.0,10.0,16.6,Partly Cloudy
1212,Từ Cầu Nguyễn Văn Cừ đến An Dương Vương,2025-07-20 11:50:00,500,FRC2,23,34,691,467,1,False,10.757138847709548,106.684944289696,0.0,10.0,16.6,Partly Cloudy
1213,Từ Cầu Nguyễn Văn Cừ đến An Dương Vương,2025-07-20 11:50:00,400,FRC2,23,34,691,467,1,False,10.757963133528543,106.68463303622572,0.0,10.0,16.6,Partly Cloudy
1214,Từ Cầu Nguyễn Văn Cừ đến An Dương Vương,2025-07-20 11:50:00,300,FRC2,23,34,691,467,1,False,10.758623446871004,106.68435335919212,0.0,10.0,16.6,Partly Cloudy
1215,Từ Cầu Nguyễn Văn Cừ đến An Dương Vương,2025-07-20 11:50:00,200,FRC6,18,26,943,652,1,False,10.759478749919925,106.68406917123804,0.0,10.0,16.6,Partly Cloudy
1216,Từ Cầu Nguyễn Văn Cừ đến An Dương Vương,2025-07-20 11:50:00,100,FRC2,23,34,691,467,1,False,10.760311892549737,106.68371280856688,0.0,10.0,16.6,Partly Cloudy
1217,Từ Cầu Nguyễn Văn Cừ đến An Dương Vương,2025-07-20 11:50:00,0,FRC2,23,34,691,467,1,False,10.761189348756318,106.68340155509297,0.0,10.0,16.6,Partly Cloudy
1218,Từ Vòng Xoay Trần Phú đến ĐHSP,2025-07-20 11:50:00,1000,FRC4,22,29,261,198,1,False,10.757533515349062,106.67414436746735,0.0,10.0,16.6,Partly Cloudy
1219,Từ Vòng Xoay Trần Phú đến ĐHSP,2025-07-20 11:50:00,900,FRC4,22,29,261,198,1,False,10.757824186413304,106.67502060044893,0.0,10.0,16.6,Partly Cloudy
1220,Từ Vòng Xoay Trần Phú đến ĐHSP,2025-07-20 11:50:00,800,FRC4,22,29,261,198,1,False,10.758126036834728,106.67584372840122,0.0,10.0,16.6,Partly Cloudy
1221,Từ Vòng Xoay Trần Phú đến ĐHSP,2025-07-20 11:50:00,700,FRC4,22,29,261,198,1,False,10.758483785091158,106.67667444278729,0.0,10.0,16.6,Partly Cloudy
1222,Từ Vòng Xoay Trần Phú đến ĐHSP,2025-07-20 11:50:00,600,FRC4,22,29,261,198,1,False,10.758740916389923,106.67733446243443,0.0,10.0,16.6,Partly Cloudy
1223,Từ Vòng Xoay Trần Phú đến ĐHSP,2025-07-20 11:50:00,500,FRC4,22,28,263,207,1,False,10.759121023128003,106.67817276325134,0.0,10.0,16.6,Partly Cloudy
1224,Từ Vòng Xoay Trần Phú đến ĐHSP,2025-07-20 11:50:00,400,FRC4,22,28,263,207,1,False,10.759445231432741,106.6790186505005,0.0,10.0,16.6,Partly Cloudy
1225,Từ Vòng Xoay Trần Phú đến ĐHSP,2025-07-20 11:50:00,300,FRC4,22,28,263,207,1,False,10.759784345493584,106.67986453775157,0.0,10.0,16.6,Partly Cloudy
1226,Từ Vòng Xoay Trần Phú đến ĐHSP,2025-07-20 11:50:00,200,FRC4,22,28,263,207,1,False,10.76013091221701,106.68072559786684,0.0,10.0,16.6,Partly Cloudy
1227,Từ Vòng Xoay Trần Phú đến ĐHSP,2025-07-20 11:50:00,100,FRC4,22,29,261,198,1,False,10.760458845955434,106.6815638986815,0.0,10.0,16.6,Partly Cloudy
1228,Từ Vòng Xoay Trần Phú đến ĐHSP,2025-07-20 11:50:00,0,FRC4,22,29,261,198,1,False,10.760883668675298,106.6826449653469,0.0,10.0,16.6,Partly Cloudy
1229,Từ Ngã Sáu Cộng Hòa đến An Dương Vương,2025-07-20 12:37:00,500,FRC3,22,32,1141,784,1,False,10.765163027177051,106.68176325830919,0.0,10.0,15.8,Partly Cloudy
1230,Từ Ngã Sáu Cộng Hòa đến An Dương Vương,2025-07-20 12:37:00,400,FRC3,22,32,1141,784,1,False,10.764283334954333,106.68210132878986,0.0,10.0,15.8,Partly Cloudy
1231,Từ Ngã Sáu Cộng Hòa đến An Dương Vương,2025-07-20 12:37:00,300,FRC3,22,32,1141,784,1,False,10.763480856227291,106.68240386571111,0.0,10.0,15.8,Partly Cloudy
1232,Từ Ngã Sáu Cộng Hòa đến An Dương Vương,2025-07-20 12:37:00,200,FRC3,22,32,1141,784,1,False,10.762642918836454,106.6827364596283,0.0,10.0,15.8,Partly Cloudy
1233,Từ Ngã Sáu Cộng Hòa đến An Dương Vương,2025-07-20 12:37:00,100,FRC3,22,32,1141,784,1,False,10.7619261906941,106.68302613820323,0.0,10.0,15.8,Partly Cloudy
1234,Từ Ngã Sáu Cộng Hòa đến An Dương Vương,2025-07-20 12:37:00,0,FRC3,22,32,1141,784,1,False,10.761156760056346,106.68331581677815,0.0,10.0,15.8,Partly Cloudy
1235,Từ Cầu Nguyễn Văn Cừ đến An Dương Vương,2025-07-20 12:37:00,700,FRC2,24,34,662,467,1,False,10.755556817425111,106.68578400873503,0.0,10.0,15.8,Partly Cloudy
1236,Từ Cầu Nguyễn Văn Cừ đến An Dương Vương,2025-07-20 12:37:00,600,FRC2,24,34,662,467,1,False,10.756358876280022,106.6853232069683,0.0,10.0,15.8,Partly Cloudy
1237,Từ Cầu Nguyễn Văn Cừ đến An Dương Vương,2025-07-20 12:37:00,500,FRC2,24,34,662,467,1,False,10.757138847709548,106.684944289696,0.0,10.0,15.8,Partly Cloudy
1238,Từ Cầu Nguyễn Văn Cừ đến An Dương Vương,2025-07-20 12:37:00,400,FRC2,24,34,662,467,1,False,10.757963133528543,106.68463303622572,0.0,10.0,15.8,Partly Cloudy
1239,Từ Cầu Nguyễn Văn Cừ đến An Dương Vương,2025-07-20 12:37:00,300,FRC2,24,34,662,467,1,False,10.758623446871004,106.68435335919212,0.0,10.0,15.8,Partly Cloudy
1240,Từ Cầu Nguyễn Văn Cừ đến An Dương Vương,2025-07-20 12:37:00,200,FRC6,17,26,998,652,1,False,10.759478749919925,106.68406917123804,0.0,10.0,15.8,Partly Cloudy
1241,Từ Cầu Nguyễn Văn Cừ đến An Dương Vương,2025-07-20 12:37:00,100,FRC2,24,34,662,467,1,False,10.760311892549737,106.68371280856688,0.0,10.0,15.8,Partly Cloudy
1242,Từ Cầu Nguyễn Văn Cừ đến An Dương Vương,2025-07-20 12:37:00,0,FRC2,24,34,662,467,1,False,10.761189348756318,106.68340155509297,0.0,10.0,15.8,Partly Cloudy
1243,Từ Vòng Xoay Trần Phú đến ĐHSP,2025-07-20 12:37:00,1000,FRC4,19,29,302,198,1,False,10.757533515349062,106.67414436746735,0.0,10.0,15.8,Partly Cloudy
1244,Từ Vòng Xoay Trần Phú đến ĐHSP,2025-07-20 12:37:00,900,FRC4,19,29,302,198,1,False,10.757824186413304,106.67502060044893,0.0,10.0,15.8,Partly Cloudy
1245,Từ Vòng Xoay Trần Phú đến ĐHSP,2025-07-20 12:37:00,800,FRC4,19,29,302,198,1,False,10.758126036834728,106.67584372840122,0.0,10.0,15.8,Partly Cloudy
1246,Từ Vòng Xoay Trần Phú đến ĐHSP,2025-07-20 12:37:00,700,FRC4,19,29,302,198,1,False,10.758483785091158,106.67667444278729,0.0,10.0,15.8,Partly Cloudy
1247,Từ Vòng Xoay Trần Phú đến ĐHSP,2025-07-20 12:37:00,600,FRC4,19,29,302,198,1,False,10.758740916389923,106.67733446243443,0.0,10.0,15.8,Partly Cloudy
1248,Từ Vòng Xoay Trần Phú đến ĐHSP,2025-07-20 12:37:00,500,FRC4,22,28,263,207,0.996157,False,10.759121023128003,106.67817276325134,0.0,10.0,15.8,Partly Cloudy
1249,Từ Vòng Xoay Trần Phú đến ĐHSP,2025-07-20 12:37:00,400,FRC4,22,28,263,207,0.996157,False,10.759445231432741,106.6790186505005,0.0,10.0,15.8,Partly Cloudy
1250,Từ Vòng Xoay Trần Phú đến ĐHSP,2025-07-20 12:37:00,300,FRC4,22,28,263,207,0.996157,False,10.759784345493584,106.67986453775157,0.0,10.0,15.8,Partly Cloudy
1251,Từ Vòng Xoay Trần Phú đến ĐHSP,2025-07-20 12:37:00,200,FRC4,22,28,263,207,0.996157,False,10.76013091221701,106.68072559786684,0.0,10.0,15.8,Partly Cloudy
1252,Từ Vòng Xoay Trần Phú đến ĐHSP,2025-07-20 12:37:00,100,FRC4,19,29,302,198,1,False,10.760458845955434,106.6815638986815,0.0,10.0,15.8,Partly Cloudy
1253,Từ Vòng Xoay Trần Phú đến ĐHSP,2025-07-20 12:37:00,0,FRC4,19,29,302,198,1,False,10.760883668675298,106.6826449653469,0.0,10.0,15.8,Partly Cloudy
1254,Từ Ngã Sáu Cộng Hòa đến An Dương Vương,2025-07-20 13:19:00,500,FRC3,22,33,1141,760,1,False,10.765163027177051,106.68176325830919,0.0,10.0,14.8,Partly Cloudy
1255,Từ Ngã Sáu Cộng Hòa đến An Dương Vương,2025-07-20 13:19:00,400,FRC3,22,33,1141,760,1,False,10.764283334954333,106.68210132878986,0.0,10.0,14.8,Partly Cloudy
1256,Từ Ngã Sáu Cộng Hòa đến An Dương Vương,2025-07-20 13:19:00,300,FRC3,22,33,1141,760,1,False,10.763480856227291,106.68240386571111,0.0,10.0,14.8,Partly Cloudy
1257,Từ Ngã Sáu Cộng Hòa đến An Dương Vương,2025-07-20 13:19:00,200,FRC3,22,33,1141,760,1,False,10.762642918836454,106.6827364596283,0.0,10.0,14.8,Partly Cloudy
1258,Từ Ngã Sáu Cộng Hòa đến An Dương Vương,2025-07-20 13:19:00,100,FRC3,22,33,1141,760,1,False,10.7619261906941,106.68302613820323,0.0,10.0,14.8,Partly Cloudy
1259,Từ Ngã Sáu Cộng Hòa đến An Dương Vương,2025-07-20 13:19:00,0,FRC3,22,33,1141,760,1,False,10.761156760056346,106.68331581677815,0.0,10.0,14.8,Partly Cloudy
1260,Từ Cầu Nguyễn Văn Cừ đến An Dương Vương,2025-07-20 13:19:00,700,FRC2,25,35,636,454,1,False,10.755556817425111,106.68578400873503,0.0,10.0,14.8,Partly Cloudy
1261,Từ Cầu Nguyễn Văn Cừ đến An Dương Vương,2025-07-20 13:19:00,600,FRC2,25,35,636,454,1,False,10.756358876280022,106.6853232069683,0.0,10.0,14.8,Partly Cloudy
1262,Từ Cầu Nguyễn Văn Cừ đến An Dương Vương,2025-07-20 13:19:00,500,FRC2,25,35,636,454,1,False,10.757138847709548,106.684944289696,0.0,10.0,14.8,Partly Cloudy
1263,Từ Cầu Nguyễn Văn Cừ đến An Dương Vương,2025-07-20 13:19:00,400,FRC2,25,35,636,454,1,False,10.757963133528543,106.68463303622572,0.0,10.0,14.8,Partly Cloudy
1264,Từ Cầu Nguyễn Văn Cừ đến An Dương Vương,2025-07-20 13:19:00,300,FRC2,25,35,636,454,1,False,10.758623446871004,106.68435335919212,0.0,10.0,14.8,Partly Cloudy
1265,Từ Cầu Nguyễn Văn Cừ đến An Dương Vương,2025-07-20 13:19:00,200,FRC6,15,25,1131,679,1,False,10.759478749919925,106.68406917123804,0.0,10.0,14.8,Partly Cloudy
1266,Từ Cầu Nguyễn Văn Cừ đến An Dương Vương,2025-07-20 13:19:00,100,FRC2,25,35,636,454,1,False,10.760311892549737,106.68371280856688,0.0,10.0,14.8,Partly Cloudy
1267,Từ Cầu Nguyễn Văn Cừ đến An Dương Vương,2025-07-20 13:19:00,0,FRC2,25,35,636,454,1,False,10.761189348756318,106.68340155509297,0.0,10.0,14.8,Partly Cloudy
1268,Từ Vòng Xoay Trần Phú đến ĐHSP,2025-07-20 13:19:00,1000,FRC4,23,29,249,198,1,False,10.757533515349062,106.67414436746735,0.0,10.0,14.8,Partly Cloudy
1269,Từ Vòng Xoay Trần Phú đến ĐHSP,2025-07-20 13:19:00,900,FRC4,23,29,249,198,1,False,10.757824186413304,106.67502060044893,0.0,10.0,14.8,Partly Cloudy
1270,Từ Vòng Xoay Trần Phú đến ĐHSP,2025-07-20 13:19:00,800,FRC4,23,29,249,198,1,False,10.758126036834728,106.67584372840122,0.0,10.0,14.8,Partly Cloudy
1271,Từ Vòng Xoay Trần Phú đến ĐHSP,2025-07-20 13:19:00,700,FRC4,23,29,249,198,1,False,10.758483785091158,106.67667444278729,0.0,10.0,14.8,Partly Cloudy
1272,Từ Vòng Xoay Trần Phú đến ĐHSP,2025-07-20 13:19:00,600,FRC4,23,29,249,198,1,False,10.758740916389923,106.67733446243443,0.0,10.0,14.8,Partly Cloudy
1273,Từ Vòng Xoay Trần Phú đến ĐHSP,2025-07-20 13:19:00,500,FRC4,21,28,276,207,1,False,10.759121023128003,106.67817276325134,0.0,10.0,14.8,Partly Cloudy
1274,Từ Vòng Xoay Trần Phú đến ĐHSP,2025-07-20 13:19:00,400,FRC4,21,28,276,207,1,False,10.759445231432741,106.6790186505005,0.0,10.0,14.8,Partly Cloudy
1275,Từ Vòng Xoay Trần Phú đến ĐHSP,2025-07-20 13:19:00,300,FRC4,21,28,276,207,1,False,10.759784345493584,106.67986453775157,0.0,10.0,14.8,Partly Cloudy
1276,Từ Vòng Xoay Trần Phú đến ĐHSP,2025-07-20 13:19:00,200,FRC4,21,28,276,207,1,False,10.76013091221701,106.68072559786684,0.0,10.0,14.8,Partly Cloudy
1277,Từ Vòng Xoay Trần Phú đến ĐHSP,2025-07-20 13:19:00,100,FRC4,23,29,249,198,1,False,10.760458845955434,106.6815638986815,0.0,10.0,14.8,Partly Cloudy
1278,Từ Vòng Xoay Trần Phú đến ĐHSP,2025-07-20 13:19:00,0,FRC4,21,29,273,198,1,False,10.760883668675298,106.6826449653469,0.0,10.0,14.8,Partly Cloudy
1279,Từ Ngã Sáu Cộng Hòa đến An Dương Vương,2025-07-20 16:14:00,500,FRC3,33,33,760,760,1,False,10.765163027177051,106.68176325830919,0.52,10.0,14.4,Partly cloudy
1280,Từ Ngã Sáu Cộng Hòa đến An Dương Vương,2025-07-20 16:14:00,400,FRC3,33,33,760,760,1,False,10.764283334954333,106.68210132878986,0.52,10.0,14.4,Partly cloudy
1281,Từ Ngã Sáu Cộng Hòa đến An Dương Vương,2025-07-20 16:14:00,300,FRC3,33,33,760,760,1,False,10.763480856227291,106.68240386571111,0.52,10.0,14.4,Partly cloudy
1282,Từ Ngã Sáu Cộng Hòa đến An Dương Vương,2025-07-20 16:14:00,200,FRC3,33,33,760,760,1,False,10.762642918836454,106.6827364596283,0.52,10.0,14.4,Partly cloudy
1283,Từ Ngã Sáu Cộng Hòa đến An Dương Vương,2025-07-20 16:14:00,100,FRC3,33,33,760,760,1,False,10.7619261906941,106.68302613820323,0.52,10.0,14.4,Partly cloudy
1284,Từ Ngã Sáu Cộng Hòa đến An Dương Vương,2025-07-20 16:14:00,0,FRC3,33,33,760,760,1,False,10.761156760056346,106.68331581677815,0.52,10.0,14.4,Partly cloudy
1285,Từ Cầu Nguyễn Văn Cừ đến An Dương Vương,2025-07-20 16:14:00,700,FRC2,35,35,454,454,1,False,10.755556817425111,106.68578400873503,0.52,10.0,14.4,Partly cloudy
1286,Từ Cầu Nguyễn Văn Cừ đến An Dương Vương,2025-07-20 16:14:00,600,FRC2,35,35,454,454,1,False,10.756358876280022,106.6853232069683,0.52,10.0,14.4,Partly cloudy
1287,Từ Cầu Nguyễn Văn Cừ đến An Dương Vương,2025-07-20 16:14:00,500,FRC2,35,35,454,454,1,False,10.757138847709548,106.684944289696,0.52,10.0,14.4,Partly cloudy
1288,Từ Cầu Nguyễn Văn Cừ đến An Dương Vương,2025-07-20 16:14:00,400,FRC2,35,35,454,454,1,False,10.757963133528543,106.68463303622572,0.52,10.0,14.4,Partly cloudy
1289,Từ Cầu Nguyễn Văn Cừ đến An Dương Vương,2025-07-20 16:14:00,300,FRC2,35,35,454,454,1,False,10.758623446871004,106.68435335919212,0.52,10.0,14.4,Partly cloudy
1290,Từ Cầu Nguyễn Văn Cừ đến An Dương Vương,2025-07-20 16:14:00,200,FRC6,27,27,628,628,1,False,10.759478749919925,106.68406917123804,0.52,10.0,14.4,Partly cloudy
1291,Từ Cầu Nguyễn Văn Cừ đến An Dương Vương,2025-07-20 16:14:00,100,FRC2,35,35,454,454,1,False,10.760311892549737,106.68371280856688,0.52,10.0,14.4,Partly cloudy
1292,Từ Cầu Nguyễn Văn Cừ đến An Dương Vương,2025-07-20 16:14:00,0,FRC2,35,35,454,454,1,False,10.761189348756318,106.68340155509297,0.52,10.0,14.4,Partly cloudy
1293,Từ Vòng Xoay Trần Phú đến ĐHSP,2025-07-20 16:14:00,1000,FRC4,29,29,198,198,1,False,10.757533515349062,106.67414436746735,0.52,10.0,14.4,Partly cloudy
1294,Từ Vòng Xoay Trần Phú đến ĐHSP,2025-07-20 16:14:00,900,FRC4,29,29,198,198,1,False,10.757824186413304,106.67502060044893,0.52,10.0,14.4,Partly cloudy
1295,Từ Vòng Xoay Trần Phú đến ĐHSP,2025-07-20 16:14:00,800,FRC4,29,29,198,198,1,False,10.758126036834728,106.67584372840122,0.52,10.0,14.4,Partly cloudy
1296,Từ Vòng Xoay Trần Phú đến ĐHSP,2025-07-20 16:14:00,700,FRC4,29,29,198,198,1,False,10.758483785091158,106.67667444278729,0.52,10.0,14.4,Partly cloudy
1297,Từ Vòng Xoay Trần Phú đến ĐHSP,2025-07-20 16:14:00,600,FRC4,29,29,198,198,1,False,10.758740916389923,106.67733446243443,0.52,10.0,14.4,Partly cloudy
1298,Từ Vòng Xoay Trần Phú đến ĐHSP,2025-07-20 16:14:00,500,FRC4,28,28,207,207,1,False,10.759121023128003,106.67817276325134,0.52,10.0,14.4,Partly cloudy
1299,Từ Vòng Xoay Trần Phú đến ĐHSP,2025-07-20 16:14:00,400,FRC4,28,28,207,207,1,False,10.759445231432741,106.6790186505005,0.52,10.0,14.4,Partly cloudy
1300,Từ Vòng Xoay Trần Phú đến ĐHSP,2025-07-20 16:14:00,300,FRC4,28,28,207,207,1,False,10.759784345493584,106.67986453775157,0.52,10.0,14.4,Partly cloudy
1301,Từ Vòng Xoay Trần Phú đến ĐHSP,2025-07-20 16:14:00,200,FRC4,28,28,207,207,1,False,10.76013091221701,106.68072559786684,0.52,10.0,14.4,Partly cloudy
1302,Từ Vòng Xoay Trần Phú đến ĐHSP,2025-07-20 16:14:00,100,FRC4,29,29,198,198,1,False,10.760458845955434,106.6815638986815,0.52,10.0,14.4,Partly cloudy
1303,Từ Vòng Xoay Trần Phú đến ĐHSP,2025-07-20 16:14:00,0,FRC4,29,29,198,198,1,False,10.760883668675298,106.6826449653469,0.52,10.0,14.4,Partly cloudy
1304,Từ Ngã Sáu Cộng Hòa đến An Dương Vương,2025-07-20 16:39:00,500,FRC3,33,33,760,760,1,False,10.765163027177051,106.68176325830919,0.52,10.0,14.4,Partly cloudy
1305,Từ Ngã Sáu Cộng Hòa đến An Dương Vương,2025-07-20 16:39:00,400,FRC3,33,33,760,760,1,False,10.764283334954333,106.68210132878986,0.52,10.0,14.4,Partly cloudy
1306,Từ Ngã Sáu Cộng Hòa đến An Dương Vương,2025-07-20 16:39:00,300,FRC3,33,33,760,760,1,False,10.763480856227291,106.68240386571111,0.52,10.0,14.4,Partly cloudy
1307,Từ Ngã Sáu Cộng Hòa đến An Dương Vương,2025-07-20 16:39:00,200,FRC3,33,33,760,760,1,False,10.762642918836454,106.6827364596283,0.52,10.0,14.4,Partly cloudy
1308,Từ Ngã Sáu Cộng Hòa đến An Dương Vương,2025-07-20 16:39:00,100,FRC3,33,33,760,760,1,False,10.7619261906941,106.68302613820323,0.52,10.0,14.4,Partly cloudy
1309,Từ Ngã Sáu Cộng Hòa đến An Dương Vương,2025-07-20 16:39:00,0,FRC3,33,33,760,760,1,False,10.761156760056346,106.68331581677815,0.52,10.0,14.4,Partly cloudy
1310,Từ Cầu Nguyễn Văn Cừ đến An Dương Vương,2025-07-20 16:39:00,700,FRC2,35,35,454,454,1,False,10.755556817425111,106.68578400873503,0.52,10.0,14.4,Partly cloudy
1311,Từ Cầu Nguyễn Văn Cừ đến An Dương Vương,2025-07-20 16:39:00,600,FRC2,35,35,454,454,1,False,10.756358876280022,106.6853232069683,0.52,10.0,14.4,Partly cloudy
1312,Từ Cầu Nguyễn Văn Cừ đến An Dương Vương,2025-07-20 16:39:00,500,FRC2,35,35,454,454,1,False,10.757138847709548,106.684944289696,0.52,10.0,14.4,Partly cloudy
1313,Từ Cầu Nguyễn Văn Cừ đến An Dương Vương,2025-07-20 16:39:00,400,FRC2,35,35,454,454,1,False,10.757963133528543,106.68463303622572,0.52,10.0,14.4,Partly cloudy
1314,Từ Cầu Nguyễn Văn Cừ đến An Dương Vương,2025-07-20 16:39:00,300,FRC2,35,35,454,454,1,False,10.758623446871004,106.68435335919212,0.52,10.0,14.4,Partly cloudy
1315,Từ Cầu Nguyễn Văn Cừ đến An Dương Vương,2025-07-20 16:39:00,200,FRC6,27,27,628,628,1,False,10.759478749919925,106.68406917123804,0.52,10.0,14.4,Partly cloudy
1316,Từ Cầu Nguyễn Văn Cừ đến An Dương Vương,2025-07-20 16:39:00,100,FRC2,35,35,454,454,1,False,10.760311892549737,106.68371280856688,0.52,10.0,14.4,Partly cloudy
1317,Từ Cầu Nguyễn Văn Cừ đến An Dương Vương,2025-07-20 16:39:00,0,FRC2,35,35,454,454,1,False,10.761189348756318,106.68340155509297,0.52,10.0,14.4,Partly cloudy
1318,Từ Vòng Xoay Trần Phú đến ĐHSP,2025-07-20 16:39:00,1000,FRC4,29,29,198,198,1,False,10.757533515349062,106.67414436746735,0.52,10.0,14.4,Partly cloudy
1319,Từ Vòng Xoay Trần Phú đến ĐHSP,2025-07-20 16:39:00,900,FRC4,29,29,198,198,1,False,10.757824186413304,106.67502060044893,0.52,10.0,14.4,Partly cloudy
1320,Từ Vòng Xoay Trần Phú đến ĐHSP,2025-07-20 16:39:00,800,FRC4,29,29,198,198,1,False,10.758126036834728,106.67584372840122,0.52,10.0,14.4,Partly cloudy
1321,Từ Vòng Xoay Trần Phú đến ĐHSP,2025-07-20 16:39:00,700,FRC4,29,29,198,198,1,False,10.758483785091158,106.67667444278729,0.52,10.0,14.4,Partly cloudy
1322,Từ Vòng Xoay Trần Phú đến ĐHSP,2025-07-20 16:39:00,600,FRC4,29,29,198,198,1,False,10.758740916389923,106.67733446243443,0.52,10.0,14.4,Partly cloudy
1323,Từ Vòng Xoay Trần Phú đến ĐHSP,2025-07-20 16:39:00,500,FRC4,28,28,207,207,1,False,10.759121023128003,106.67817276325134,0.52,10.0,14.4,Partly cloudy
1324,Từ Vòng Xoay Trần Phú đến ĐHSP,2025-07-20 16:39:00,400,FRC4,28,28,207,207,1,False,10.759445231432741,106.6790186505005,0.52,10.0,14.4,Partly cloudy
1325,Từ Vòng Xoay Trần Phú đến ĐHSP,2025-07-20 16:39:00,300,FRC4,28,28,207,207,1,False,10.759784345493584,106.67986453775157,0.52,10.0,14.4,Partly cloudy
1326,Từ Vòng Xoay Trần Phú đến ĐHSP,2025-07-20 16:39:00,200,FRC4,28,28,207,207,1,False,10.76013091221701,106.68072559786684,0.52,10.0,14.4,Partly cloudy
1327,Từ Vòng Xoay Trần Phú đến ĐHSP,2025-07-20 16:39:00,100,FRC4,29,29,198,198,1,False,10.760458845955434,106.6815638986815,0.52,10.0,14.4,Partly cloudy
1328,Từ Vòng Xoay Trần Phú đến ĐHSP,2025-07-20 16:39:00,0,FRC4,29,29,198,198,1,False,10.760883668675298,106.6826449653469,0.52,10.0,14.4,Partly cloudy
1329,Từ Ngã Sáu Cộng Hòa đến An Dương Vương,2025-07-20 16:54:00,500,FRC3,33,33,760,760,1,False,10.765163027177051,106.68176325830919,0.15,10.0,16.6,Partly cloudy
1330,Từ Ngã Sáu Cộng Hòa đến An Dương Vương,2025-07-20 16:54:00,400,FRC3,33,33,760,760,1,False,10.764283334954333,106.68210132878986,0.15,10.0,16.6,Partly cloudy
1331,Từ Ngã Sáu Cộng Hòa đến An Dương Vương,2025-07-20 16:54:00,300,FRC3,33,33,760,760,1,False,10.763480856227291,106.68240386571111,0.15,10.0,16.6,Partly cloudy
1332,Từ Ngã Sáu Cộng Hòa đến An Dương Vương,2025-07-20 16:54:00,200,FRC3,33,33,760,760,1,False,10.762642918836454,106.6827364596283,0.15,10.0,16.6,Partly cloudy
1333,Từ Ngã Sáu Cộng Hòa đến An Dương Vương,2025-07-20 16:54:00,100,FRC3,33,33,760,760,1,False,10.7619261906941,106.68302613820323,0.15,10.0,16.6,Partly cloudy
1334,Từ Ngã Sáu Cộng Hòa đến An Dương Vương,2025-07-20 16:54:00,0,FRC3,33,33,760,760,1,False,10.761156760056346,106.68331581677815,0.15,10.0,16.6,Partly cloudy
1335,Từ Cầu Nguyễn Văn Cừ đến An Dương Vương,2025-07-20 16:54:00,700,FRC2,35,35,454,454,1,False,10.755556817425111,106.68578400873503,0.15,10.0,16.6,Partly cloudy
1336,Từ Cầu Nguyễn Văn Cừ đến An Dương Vương,2025-07-20 16:54:00,600,FRC2,35,35,454,454,1,False,10.756358876280022,106.6853232069683,0.15,10.0,16.6,Partly cloudy
1337,Từ Cầu Nguyễn Văn Cừ đến An Dương Vương,2025-07-20 16:54:00,500,FRC2,35,35,454,454,1,False,10.757138847709548,106.684944289696,0.15,10.0,16.6,Partly cloudy
1338,Từ Cầu Nguyễn Văn Cừ đến An Dương Vương,2025-07-20 16:54:00,400,FRC2,35,35,454,454,1,False,10.757963133528543,106.68463303622572,0.15,10.0,16.6,Partly cloudy
1339,Từ Cầu Nguyễn Văn Cừ đến An Dương Vương,2025-07-20 16:54:00,300,FRC2,35,35,454,454,1,False,10.758623446871004,106.68435335919212,0.15,10.0,16.6,Partly cloudy
1340,Từ Cầu Nguyễn Văn Cừ đến An Dương Vương,2025-07-20 16:54:00,200,FRC6,27,27,628,628,1,False,10.759478749919925,106.68406917123804,0.15,10.0,16.6,Partly cloudy
1341,Từ Cầu Nguyễn Văn Cừ đến An Dương Vương,2025-07-20 16:54:00,100,FRC2,35,35,454,454,1,False,10.760311892549737,106.68371280856688,0.15,10.0,16.6,Partly cloudy
1342,Từ Cầu Nguyễn Văn Cừ đến An Dương Vương,2025-07-20 16:54:00,0,FRC2,35,35,454,454,1,False,10.761189348756318,106.68340155509297,0.15,10.0,16.6,Partly cloudy
1343,Từ Vòng Xoay Trần Phú đến ĐHSP,2025-07-20 16:54:00,1000,FRC4,29,29,198,198,1,False,10.757533515349062,106.67414436746735,0.15,10.0,16.6,Partly cloudy
1344,Từ Vòng Xoay Trần Phú đến ĐHSP,2025-07-20 16:54:00,900,FRC4,29,29,198,198,1,False,10.757824186413304,106.67502060044893,0.15,10.0,16.6,Partly cloudy
1345,Từ Vòng Xoay Trần Phú đến ĐHSP,2025-07-20 16:54:00,800,FRC4,29,29,198,198,1,False,10.758126036834728,106.67584372840122,0.15,10.0,16.6,Partly cloudy
1346,Từ Vòng Xoay Trần Phú đến ĐHSP,2025-07-20 16:54:00,700,FRC4,29,29,198,198,1,False,10.758483785091158,106.67667444278729,0.15,10.0,16.6,Partly cloudy
1347,Từ Vòng Xoay Trần Phú đến ĐHSP,2025-07-20 16:54:00,600,FRC4,29,29,198,198,1,False,10.758740916389923,106.67733446243443,0.15,10.0,16.6,Partly cloudy
1348,Từ Vòng Xoay Trần Phú đến ĐHSP,2025-07-20 16:54:00,500,FRC4,28,28,207,207,1,False,10.759121023128003,106.67817276325134,0.15,10.0,16.6,Partly cloudy
1349,Từ Vòng Xoay Trần Phú đến ĐHSP,2025-07-20 16:54:00,400,FRC4,28,28,207,207,1,False,10.759445231432741,106.6790186505005,0.15,10.0,16.6,Partly cloudy
1350,Từ Vòng Xoay Trần Phú đến ĐHSP,2025-07-20 16:54:00,300,FRC4,28,28,207,207,1,False,10.759784345493584,106.67986453775157,0.15,10.0,16.6,Partly cloudy
1351,Từ Vòng Xoay Trần Phú đến ĐHSP,2025-07-20 16:54:00,200,FRC4,28,28,207,207,1,False,10.76013091221701,106.68072559786684,0.15,10.0,16.6,Partly cloudy
1352,Từ Vòng Xoay Trần Phú đến ĐHSP,2025-07-20 16:54:00,100,FRC4,29,29,198,198,1,False,10.760458845955434,106.6815638986815,0.15,10.0,16.6,Partly cloudy
1353,Từ Vòng Xoay Trần Phú đến ĐHSP,2025-07-20 16:54:00,0,FRC4,29,29,198,198,1,False,10.760883668675298,106.6826449653469,0.15,10.0,16.6,Partly cloudy
1354,Từ Ngã Sáu Cộng Hòa đến An Dương Vương,2025-07-20 17:10:00,500,FRC3,33,33,760,760,1,False,10.765163027177051,106.68176325830919,0.0,10.0,17.3,Partly cloudy
1355,Từ Ngã Sáu Cộng Hòa đến An Dương Vương,2025-07-20 17:10:00,400,FRC3,33,33,760,760,1,False,10.764283334954333,106.68210132878986,0.0,10.0,17.3,Partly cloudy
1356,Từ Ngã Sáu Cộng Hòa đến An Dương Vương,2025-07-20 17:10:00,300,FRC3,33,33,760,760,1,False,10.763480856227291,106.68240386571111,0.0,10.0,17.3,Partly cloudy
1357,Từ Ngã Sáu Cộng Hòa đến An Dương Vương,2025-07-20 17:10:00,200,FRC3,33,33,760,760,1,False,10.762642918836454,106.6827364596283,0.0,10.0,17.3,Partly cloudy
1358,Từ Ngã Sáu Cộng Hòa đến An Dương Vương,2025-07-20 17:10:00,100,FRC3,33,33,760,760,1,False,10.7619261906941,106.68302613820323,0.0,10.0,17.3,Partly cloudy
1359,Từ Ngã Sáu Cộng Hòa đến An Dương Vương,2025-07-20 17:10:00,0,FRC3,33,33,760,760,1,False,10.761156760056346,106.68331581677815,0.0,10.0,17.3,Partly cloudy
1360,Từ Cầu Nguyễn Văn Cừ đến An Dương Vương,2025-07-20 17:10:00,700,FRC2,35,35,454,454,1,False,10.755556817425111,106.68578400873503,0.0,10.0,17.3,Partly cloudy
1361,Từ Cầu Nguyễn Văn Cừ đến An Dương Vương,2025-07-20 17:10:00,600,FRC2,35,35,454,454,1,False,10.756358876280022,106.6853232069683,0.0,10.0,17.3,Partly cloudy
1362,Từ Cầu Nguyễn Văn Cừ đến An Dương Vương,2025-07-20 17:10:00,500,FRC2,35,35,454,454,1,False,10.757138847709548,106.684944289696,0.0,10.0,17.3,Partly cloudy
1363,Từ Cầu Nguyễn Văn Cừ đến An Dương Vương,2025-07-20 17:10:00,400,FRC2,35,35,454,454,1,False,10.757963133528543,106.68463303622572,0.0,10.0,17.3,Partly cloudy
1364,Từ Cầu Nguyễn Văn Cừ đến An Dương Vương,2025-07-20 17:10:00,300,FRC2,35,35,454,454,1,False,10.758623446871004,106.68435335919212,0.0,10.0,17.3,Partly cloudy
1365,Từ Cầu Nguyễn Văn Cừ đến An Dương Vương,2025-07-20 17:10:00,200,FRC6,27,27,628,628,1,False,10.759478749919925,106.68406917123804,0.0,10.0,17.3,Partly cloudy
1366,Từ Cầu Nguyễn Văn Cừ đến An Dương Vương,2025-07-20 17:10:00,100,FRC2,35,35,454,454,1,False,10.760311892549737,106.68371280856688,0.0,10.0,17.3,Partly cloudy
1367,Từ Cầu Nguyễn Văn Cừ đến An Dương Vương,2025-07-20 17:10:00,0,FRC2,35,35,454,454,1,False,10.761189348756318,106.68340155509297,0.0,10.0,17.3,Partly cloudy
1368,Từ Vòng Xoay Trần Phú đến ĐHSP,2025-07-20 17:10:00,1000,FRC4,29,29,198,198,1,False,10.757533515349062,106.67414436746735,0.0,10.0,17.3,Partly cloudy
1369,Từ Vòng Xoay Trần Phú đến ĐHSP,2025-07-20 17:10:00,900,FRC4,29,29,198,198,1,False,10.757824186413304,106.67502060044893,0.0,10.0,17.3,Partly cloudy
1370,Từ Vòng Xoay Trần Phú đến ĐHSP,2025-07-20 17:10:00,800,FRC4,29,29,198,198,1,False,10.758126036834728,106.67584372840122,0.0,10.0,17.3,Partly cloudy
1371,Từ Vòng Xoay Trần Phú đến ĐHSP,2025-07-20 17:10:00,700,FRC4,29,29,198,198,1,False,10.758483785091158,106.67667444278729,0.0,10.0,17.3,Partly cloudy
1372,Từ Vòng Xoay Trần Phú đến ĐHSP,2025-07-20 17:10:00,600,FRC4,29,29,198,198,1,False,10.758740916389923,106.67733446243443,0.0,10.0,17.3,Partly cloudy
1373,Từ Vòng Xoay Trần Phú đến ĐHSP,2025-07-20 17:10:00,500,FRC4,28,28,207,207,1,False,10.759121023128003,106.67817276325134,0.0,10.0,17.3,Partly cloudy
1374,Từ Vòng Xoay Trần Phú đến ĐHSP,2025-07-20 17:10:00,400,FRC4,28,28,207,207,1,False,10.759445231432741,106.6790186505005,0.0,10.0,17.3,Partly cloudy
1375,Từ Vòng Xoay Trần Phú đến ĐHSP,2025-07-20 17:10:00,300,FRC4,28,28,207,207,1,False,10.759784345493584,106.67986453775157,0.0,10.0,17.3,Partly cloudy
1376,Từ Vòng Xoay Trần Phú đến ĐHSP,2025-07-20 17:10:00,200,FRC4,28,28,207,207,1,False,10.76013091221701,106.68072559786684,0.0,10.0,17.3,Partly cloudy
1377,Từ Vòng Xoay Trần Phú đến ĐHSP,2025-07-20 17:10:00,100,FRC4,29,29,198,198,1,False,10.760458845955434,106.6815638986815,0.0,10.0,17.3,Partly cloudy
1378,Từ Vòng Xoay Trần Phú đến ĐHSP,2025-07-20 17:10:00,0,FRC4,29,29,198,198,1,False,10.760883668675298,106.6826449653469,0.0,10.0,17.3,Partly cloudy
1379,Từ Ngã Sáu Cộng Hòa đến An Dương Vương,2025-07-20 17:31:00,500,FRC3,33,33,760,760,1,False,10.765163027177051,106.68176325830919,0.0,10.0,17.3,Cloudy
1380,Từ Ngã Sáu Cộng Hòa đến An Dương Vương,2025-07-20 17:31:00,400,FRC3,33,33,760,760,1,False,10.764283334954333,106.68210132878986,0.0,10.0,17.3,Cloudy
1381,Từ Ngã Sáu Cộng Hòa đến An Dương Vương,2025-07-20 17:31:00,300,FRC3,33,33,760,760,1,False,10.763480856227291,106.68240386571111,0.0,10.0,17.3,Cloudy
1382,Từ Ngã Sáu Cộng Hòa đến An Dương Vương,2025-07-20 17:31:00,200,FRC3,33,33,760,760,1,False,10.762642918836454,106.6827364596283,0.0,10.0,17.3,Cloudy
1383,Từ Ngã Sáu Cộng Hòa đến An Dương Vương,2025-07-20 17:31:00,100,FRC3,33,33,760,760,1,False,10.7619261906941,106.68302613820323,0.0,10.0,17.3,Cloudy
1384,Từ Ngã Sáu Cộng Hòa đến An Dương Vương,2025-07-20 17:31:00,0,FRC3,33,33,760,760,1,False,10.761156760056346,106.68331581677815,0.0,10.0,17.3,Cloudy
1385,Từ Cầu Nguyễn Văn Cừ đến An Dương Vương,2025-07-20 17:31:00,700,FRC2,35,35,454,454,1,False,10.755556817425111,106.68578400873503,0.0,10.0,17.3,Cloudy
1386,Từ Cầu Nguyễn Văn Cừ đến An Dương Vương,2025-07-20 17:31:00,600,FRC2,35,35,454,454,1,False,10.756358876280022,106.6853232069683,0.0,10.0,17.3,Cloudy
1387,Từ Cầu Nguyễn Văn Cừ đến An Dương Vương,2025-07-20 17:31:00,500,FRC2,35,35,454,454,1,False,10.757138847709548,106.684944289696,0.0,10.0,17.3,Cloudy
1388,Từ Cầu Nguyễn Văn Cừ đến An Dương Vương,2025-07-20 17:31:00,400,FRC2,35,35,454,454,1,False,10.757963133528543,106.68463303622572,0.0,10.0,17.3,Cloudy
1389,Từ Cầu Nguyễn Văn Cừ đến An Dương Vương,2025-07-20 17:31:00,300,FRC2,35,35,454,454,1,False,10.758623446871004,106.68435335919212,0.0,10.0,17.3,Cloudy
1390,Từ Cầu Nguyễn Văn Cừ đến An Dương Vương,2025-07-20 17:31:00,200,FRC6,27,27,628,628,1,False,10.759478749919925,106.68406917123804,0.0,10.0,17.3,Cloudy
1391,Từ Cầu Nguyễn Văn Cừ đến An Dương Vương,2025-07-20 17:31:00,100,FRC2,35,35,454,454,1,False,10.760311892549737,106.68371280856688,0.0,10.0,17.3,Cloudy
1392,Từ Cầu Nguyễn Văn Cừ đến An Dương Vương,2025-07-20 17:31:00,0,FRC2,35,35,454,454,1,False,10.761189348756318,106.68340155509297,0.0,10.0,17.3,Cloudy
1393,Từ Vòng Xoay Trần Phú đến ĐHSP,2025-07-20 17:31:00,1000,FRC4,29,29,198,198,1,False,10.757533515349062,106.67414436746735,0.0,10.0,17.3,Cloudy
1394,Từ Vòng Xoay Trần Phú đến ĐHSP,2025-07-20 17:31:00,900,FRC4,29,29,198,198,1,False,10.757824186413304,106.67502060044893,0.0,10.0,17.3,Cloudy
1395,Từ Vòng Xoay Trần Phú đến ĐHSP,2025-07-20 17:31:00,800,FRC4,29,29,198,198,1,False,10.758126036834728,106.67584372840122,0.0,10.0,17.3,Cloudy
1396,Từ Vòng Xoay Trần Phú đến ĐHSP,2025-07-20 17:31:00,700,FRC4,29,29,198,198,1,False,10.758483785091158,106.67667444278729,0.0,10.0,17.3,Cloudy
1397,Từ Vòng Xoay Trần Phú đến ĐHSP,2025-07-20 17:31:00,600,FRC4,29,29,198,198,1,False,10.758740916389923,106.67733446243443,0.0,10.0,17.3,Cloudy
1398,Từ Vòng Xoay Trần Phú đến ĐHSP,2025-07-20 17:31:00,500,FRC4,28,28,207,207,1,False,10.759121023128003,106.67817276325134,0.0,10.0,17.3,Cloudy
1399,Từ Vòng Xoay Trần Phú đến ĐHSP,2025-07-20 17:31:00,400,FRC4,28,28,207,207,1,False,10.759445231432741,106.6790186505005,0.0,10.0,17.3,Cloudy
1400,Từ Vòng Xoay Trần Phú đến ĐHSP,2025-07-20 17:31:00,300,FRC4,28,28,207,207,1,False,10.759784345493584,106.67986453775157,0.0,10.0,17.3,Cloudy
1401,Từ Vòng Xoay Trần Phú đến ĐHSP,2025-07-20 17:31:00,200,FRC4,28,28,207,207,1,False,10.76013091221701,106.68072559786684,0.0,10.0,17.3,Cloudy
1402,Từ Vòng Xoay Trần Phú đến ĐHSP,2025-07-20 17:31:00,100,FRC4,29,29,198,198,1,False,10.760458845955434,106.6815638986815,0.0,10.0,17.3,Cloudy
1403,Từ Vòng Xoay Trần Phú đến ĐHSP,2025-07-20 17:31:00,0,FRC4,29,29,198,198,1,False,10.760883668675298,106.6826449653469,0.0,10.0,17.3,Cloudy
1404,Từ Ngã Sáu Cộng Hòa đến An Dương Vương,2025-07-20 17:50:00,500,FRC3,33,33,760,760,1,False,10.765163027177051,106.68176325830919,0.0,10.0,17.3,Cloudy
1405,Từ Ngã Sáu Cộng Hòa đến An Dương Vương,2025-07-20 17:50:00,400,FRC3,33,33,760,760,1,False,10.764283334954333,106.68210132878986,0.0,10.0,17.3,Cloudy
1406,Từ Ngã Sáu Cộng Hòa đến An Dương Vương,2025-07-20 17:50:00,300,FRC3,33,33,760,760,1,False,10.763480856227291,106.68240386571111,0.0,10.0,17.3,Cloudy
1407,Từ Ngã Sáu Cộng Hòa đến An Dương Vương,2025-07-20 17:50:00,200,FRC3,33,33,760,760,1,False,10.762642918836454,106.6827364596283,0.0,10.0,17.3,Cloudy
1408,Từ Ngã Sáu Cộng Hòa đến An Dương Vương,2025-07-20 17:50:00,100,FRC3,33,33,760,760,1,False,10.7619261906941,106.68302613820323,0.0,10.0,17.3,Cloudy
1409,Từ Ngã Sáu Cộng Hòa đến An Dương Vương,2025-07-20 17:50:00,0,FRC3,33,33,760,760,1,False,10.761156760056346,106.68331581677815,0.0,10.0,17.3,Cloudy
1410,Từ Cầu Nguyễn Văn Cừ đến An Dương Vương,2025-07-20 17:50:00,700,FRC2,35,35,454,454,1,False,10.755556817425111,106.68578400873503,0.0,10.0,17.3,Cloudy
1411,Từ Cầu Nguyễn Văn Cừ đến An Dương Vương,2025-07-20 17:50:00,600,FRC2,35,35,454,454,1,False,10.756358876280022,106.6853232069683,0.0,10.0,17.3,Cloudy
1412,Từ Cầu Nguyễn Văn Cừ đến An Dương Vương,2025-07-20 17:50:00,500,FRC2,35,35,454,454,1,False,10.757138847709548,106.684944289696,0.0,10.0,17.3,Cloudy
1413,Từ Cầu Nguyễn Văn Cừ đến An Dương Vương,2025-07-20 17:50:00,400,FRC2,35,35,454,454,1,False,10.757963133528543,106.68463303622572,0.0,10.0,17.3,Cloudy
1414,Từ Cầu Nguyễn Văn Cừ đến An Dương Vương,2025-07-20 17:50:00,300,FRC2,35,35,454,454,1,False,10.758623446871004,106.68435335919212,0.0,10.0,17.3,Cloudy
1415,Từ Cầu Nguyễn Văn Cừ đến An Dương Vương,2025-07-20 17:50:00,200,FRC6,27,27,628,628,1,False,10.759478749919925,106.68406917123804,0.0,10.0,17.3,Cloudy
1416,Từ Cầu Nguyễn Văn Cừ đến An Dương Vương,2025-07-20 17:50:00,100,FRC2,35,35,454,454,1,False,10.760311892549737,106.68371280856688,0.0,10.0,17.3,Cloudy
1417,Từ Cầu Nguyễn Văn Cừ đến An Dương Vương,2025-07-20 17:50:00,0,FRC2,35,35,454,454,1,False,10.761189348756318,106.68340155509297,0.0,10.0,17.3,Cloudy
1418,Từ Vòng Xoay Trần Phú đến ĐHSP,2025-07-20 17:50:00,1000,FRC4,29,29,198,198,1,False,10.757533515349062,106.67414436746735,0.0,10.0,17.3,Cloudy
1419,Từ Vòng Xoay Trần Phú đến ĐHSP,2025-07-20 17:50:00,900,FRC4,29,29,198,198,1,False,10.757824186413304,106.67502060044893,0.0,10.0,17.3,Cloudy
1420,Từ Vòng Xoay Trần Phú đến ĐHSP,2025-07-20 17:50:00,800,FRC4,29,29,198,198,1,False,10.758126036834728,106.67584372840122,0.0,10.0,17.3,Cloudy
1421,Từ Vòng Xoay Trần Phú đến ĐHSP,2025-07-20 17:50:00,700,FRC4,29,29,198,198,1,False,10.758483785091158,106.67667444278729,0.0,10.0,17.3,Cloudy
1422,Từ Vòng Xoay Trần Phú đến ĐHSP,2025-07-20 17:50:00,600,FRC4,29,29,198,198,1,False,10.758740916389923,106.67733446243443,0.0,10.0,17.3,Cloudy
1423,Từ Vòng Xoay Trần Phú đến ĐHSP,2025-07-20 17:50:00,500,FRC4,21,28,276,207,0.988697,False,10.759121023128003,106.67817276325134,0.0,10.0,17.3,Cloudy
1424,Từ Vòng Xoay Trần Phú đến ĐHSP,2025-07-20 17:50:00,400,FRC4,21,28,276,207,0.988697,False,10.759445231432741,106.6790186505005,0.0,10.0,17.3,Cloudy
1425,Từ Vòng Xoay Trần Phú đến ĐHSP,2025-07-20 17:50:00,300,FRC4,21,28,276,207,0.988697,False,10.759784345493584,106.67986453775157,0.0,10.0,17.3,Cloudy
1426,Từ Vòng Xoay Trần Phú đến ĐHSP,2025-07-20 17:50:00,200,FRC4,21,28,276,207,0.988697,False,10.76013091221701,106.68072559786684,0.0,10.0,17.3,Cloudy
1427,Từ Vòng Xoay Trần Phú đến ĐHSP,2025-07-20 17:50:00,100,FRC4,29,29,198,198,1,False,10.760458845955434,106.6815638986815,0.0,10.0,17.3,Cloudy
1428,Từ Vòng Xoay Trần Phú đến ĐHSP,2025-07-20 17:50:00,0,FRC4,29,29,198,198,1,False,10.760883668675298,106.6826449653469,0.0,10.0,17.3,Cloudy
1429,Từ Ngã Sáu Cộng Hòa đến An Dương Vương,2025-07-21 06:25:00,500,FRC3,23,33,1091,760,1,False,10.765163027177051,106.68176325830919,0.0,10.0,23.0,Light rain
1430,Từ Ngã Sáu Cộng Hòa đến An Dương Vương,2025-07-21 06:25:00,400,FRC3,23,33,1091,760,1,False,10.764283334954333,106.68210132878986,0.0,10.0,23.0,Light rain
1431,Từ Ngã Sáu Cộng Hòa đến An Dương Vương,2025-07-21 06:25:00,300,FRC3,23,33,1091,760,1,False,10.763480856227291,106.68240386571111,0.0,10.0,23.0,Light rain
1432,Từ Ngã Sáu Cộng Hòa đến An Dương Vương,2025-07-21 06:25:00,200,FRC3,23,33,1091,760,1,False,10.762642918836454,106.6827364596283,0.0,10.0,23.0,Light rain
1433,Từ Ngã Sáu Cộng Hòa đến An Dương Vương,2025-07-21 06:25:00,100,FRC3,23,33,1091,760,1,False,10.7619261906941,106.68302613820323,0.0,10.0,23.0,Light rain
1434,Từ Ngã Sáu Cộng Hòa đến An Dương Vương,2025-07-21 06:25:00,0,FRC3,23,33,1091,760,1,False,10.761156760056346,106.68331581677815,0.0,10.0,23.0,Light rain
1435,Từ Cầu Nguyễn Văn Cừ đến An Dương Vương,2025-07-21 06:25:00,700,FRC2,25,34,636,467,1,False,10.755556817425111,106.68578400873503,0.0,10.0,23.0,Light rain
1436,Từ Cầu Nguyễn Văn Cừ đến An Dương Vương,2025-07-21 06:25:00,600,FRC2,25,34,636,467,1,False,10.756358876280022,106.6853232069683,0.0,10.0,23.0,Light rain
1437,Từ Cầu Nguyễn Văn Cừ đến An Dương Vương,2025-07-21 06:25:00,500,FRC2,25,34,636,467,1,False,10.757138847709548,106.684944289696,0.0,10.0,23.0,Light rain
1438,Từ Cầu Nguyễn Văn Cừ đến An Dương Vương,2025-07-21 06:25:00,400,FRC2,25,34,636,467,1,False,10.757963133528543,106.68463303622572,0.0,10.0,23.0,Light rain
1439,Từ Cầu Nguyễn Văn Cừ đến An Dương Vương,2025-07-21 06:25:00,300,FRC2,25,34,636,467,1,False,10.758623446871004,106.68435335919212,0.0,10.0,23.0,Light rain
1440,Từ Cầu Nguyễn Văn Cừ đến An Dương Vương,2025-07-21 06:25:00,200,FRC6,18,26,943,652,1,False,10.759478749919925,106.68406917123804,0.0,10.0,23.0,Light rain
1441,Từ Cầu Nguyễn Văn Cừ đến An Dương Vương,2025-07-21 06:25:00,100,FRC2,25,34,636,467,1,False,10.760311892549737,106.68371280856688,0.0,10.0,23.0,Light rain
1442,Từ Cầu Nguyễn Văn Cừ đến An Dương Vương,2025-07-21 06:25:00,0,FRC2,25,34,636,467,1,False,10.761189348756318,106.68340155509297,0.0,10.0,23.0,Light rain
1443,Từ Vòng Xoay Trần Phú đến ĐHSP,2025-07-21 06:25:00,1000,FRC4,20,29,287,198,1,False,10.757533515349062,106.67414436746735,0.0,10.0,23.0,Light rain
1444,Từ Vòng Xoay Trần Phú đến ĐHSP,2025-07-21 06:25:00,900,FRC4,20,29,287,198,1,False,10.757824186413304,106.67502060044893,0.0,10.0,23.0,Light rain
1445,Từ Vòng Xoay Trần Phú đến ĐHSP,2025-07-21 06:25:00,800,FRC4,20,29,287,198,1,False,10.758126036834728,106.67584372840122,0.0,10.0,23.0,Light rain
1446,Từ Vòng Xoay Trần Phú đến ĐHSP,2025-07-21 06:25:00,700,FRC4,20,29,287,198,1,False,10.758483785091158,106.67667444278729,0.0,10.0,23.0,Light rain
1447,Từ Vòng Xoay Trần Phú đến ĐHSP,2025-07-21 06:25:00,600,FRC4,20,29,287,198,1,False,10.758740916389923,106.67733446243443,0.0,10.0,23.0,Light rain
1448,Từ Vòng Xoay Trần Phú đến ĐHSP,2025-07-21 06:25:00,500,FRC4,21,28,276,207,0.996775,False,10.759121023128003,106.67817276325134,0.0,10.0,23.0,Light rain
1449,Từ Vòng Xoay Trần Phú đến ĐHSP,2025-07-21 06:25:00,400,FRC4,21,28,276,207,0.996775,False,10.759445231432741,106.6790186505005,0.0,10.0,23.0,Light rain
1450,Từ Vòng Xoay Trần Phú đến ĐHSP,2025-07-21 06:25:00,300,FRC4,21,28,276,207,0.996775,False,10.759784345493584,106.67986453775157,0.0,10.0,23.0,Light rain
1451,Từ Vòng Xoay Trần Phú đến ĐHSP,2025-07-21 06:25:00,200,FRC4,21,28,276,207,0.996775,False,10.76013091221701,106.68072559786684,0.0,10.0,23.0,Light rain
1452,Từ Vòng Xoay Trần Phú đến ĐHSP,2025-07-21 06:25:00,100,FRC4,20,29,287,198,1,False,10.760458845955434,106.6815638986815,0.0,10.0,23.0,Light rain
1453,Từ Vòng Xoay Trần Phú đến ĐHSP,2025-07-21 06:25:00,0,FRC4,20,29,287,198,1,False,10.760883668675298,106.6826449653469,0.0,10.0,23.0,Light rain
1454,Từ Ngã Sáu Cộng Hòa đến An Dương Vương,2025-07-21 06:54:00,500,FRC3,21,33,1195,760,1,False,10.765163027177051,106.68176325830919,0.0,10.0,23.0,Partly Cloudy
1455,Từ Ngã Sáu Cộng Hòa đến An Dương Vương,2025-07-21 06:54:00,400,FRC3,21,33,1195,760,1,False,10.764283334954333,106.68210132878986,0.0,10.0,23.0,Partly Cloudy
1456,Từ Ngã Sáu Cộng Hòa đến An Dương Vương,2025-07-21 06:54:00,300,FRC3,21,33,1195,760,1,False,10.763480856227291,106.68240386571111,0.0,10.0,23.0,Partly Cloudy
1457,Từ Ngã Sáu Cộng Hòa đến An Dương Vương,2025-07-21 06:54:00,200,FRC3,21,33,1195,760,1,False,10.762642918836454,106.6827364596283,0.0,10.0,23.0,Partly Cloudy
1458,Từ Ngã Sáu Cộng Hòa đến An Dương Vương,2025-07-21 06:54:00,100,FRC3,21,33,1195,760,1,False,10.7619261906941,106.68302613820323,0.0,10.0,23.0,Partly Cloudy
1459,Từ Ngã Sáu Cộng Hòa đến An Dương Vương,2025-07-21 06:54:00,0,FRC3,21,33,1195,760,1,False,10.761156760056346,106.68331581677815,0.0,10.0,23.0,Partly Cloudy
1460,Từ Cầu Nguyễn Văn Cừ đến An Dương Vương,2025-07-21 06:54:00,700,FRC2,25,35,636,454,1,False,10.755556817425111,106.68578400873503,0.0,10.0,23.0,Partly Cloudy
1461,Từ Cầu Nguyễn Văn Cừ đến An Dương Vương,2025-07-21 06:54:00,600,FRC2,25,35,636,454,1,False,10.756358876280022,106.6853232069683,0.0,10.0,23.0,Partly Cloudy
1462,Từ Cầu Nguyễn Văn Cừ đến An Dương Vương,2025-07-21 06:54:00,500,FRC2,25,35,636,454,1,False,10.757138847709548,106.684944289696,0.0,10.0,23.0,Partly Cloudy
1463,Từ Cầu Nguyễn Văn Cừ đến An Dương Vương,2025-07-21 06:54:00,400,FRC2,25,35,636,454,1,False,10.757963133528543,106.68463303622572,0.0,10.0,23.0,Partly Cloudy
1464,Từ Cầu Nguyễn Văn Cừ đến An Dương Vương,2025-07-21 06:54:00,300,FRC2,25,35,636,454,1,False,10.758623446871004,106.68435335919212,0.0,10.0,23.0,Partly Cloudy
1465,Từ Cầu Nguyễn Văn Cừ đến An Dương Vương,2025-07-21 06:54:00,200,FRC6,20,26,848,652,1,False,10.759478749919925,106.68406917123804,0.0,10.0,23.0,Partly Cloudy
1466,Từ Cầu Nguyễn Văn Cừ đến An Dương Vương,2025-07-21 06:54:00,100,FRC2,25,35,636,454,1,False,10.760311892549737,106.68371280856688,0.0,10.0,23.0,Partly Cloudy
1467,Từ Cầu Nguyễn Văn Cừ đến An Dương Vương,2025-07-21 06:54:00,0,FRC2,25,35,636,454,1,False,10.761189348756318,106.68340155509297,0.0,10.0,23.0,Partly Cloudy
1468,Từ Vòng Xoay Trần Phú đến ĐHSP,2025-07-21 06:54:00,1000,FRC4,19,28,302,205,1,False,10.757533515349062,106.67414436746735,0.0,10.0,23.0,Partly Cloudy
1469,Từ Vòng Xoay Trần Phú đến ĐHSP,2025-07-21 06:54:00,900,FRC4,19,28,302,205,1,False,10.757824186413304,106.67502060044893,0.0,10.0,23.0,Partly Cloudy
1470,Từ Vòng Xoay Trần Phú đến ĐHSP,2025-07-21 06:54:00,800,FRC4,19,28,302,205,1,False,10.758126036834728,106.67584372840122,0.0,10.0,23.0,Partly Cloudy
1471,Từ Vòng Xoay Trần Phú đến ĐHSP,2025-07-21 06:54:00,700,FRC4,19,28,302,205,1,False,10.758483785091158,106.67667444278729,0.0,10.0,23.0,Partly Cloudy
1472,Từ Vòng Xoay Trần Phú đến ĐHSP,2025-07-21 06:54:00,600,FRC4,19,28,302,205,1,False,10.758740916389923,106.67733446243443,0.0,10.0,23.0,Partly Cloudy
1473,Từ Vòng Xoay Trần Phú đến ĐHSP,2025-07-21 06:54:00,500,FRC4,19,28,305,207,1,False,10.759121023128003,106.67817276325134,0.0,10.0,23.0,Partly Cloudy
1474,Từ Vòng Xoay Trần Phú đến ĐHSP,2025-07-21 06:54:00,400,FRC4,19,28,305,207,1,False,10.759445231432741,106.6790186505005,0.0,10.0,23.0,Partly Cloudy
1475,Từ Vòng Xoay Trần Phú đến ĐHSP,2025-07-21 06:54:00,300,FRC4,19,28,305,207,1,False,10.759784345493584,106.67986453775157,0.0,10.0,23.0,Partly Cloudy
1476,Từ Vòng Xoay Trần Phú đến ĐHSP,2025-07-21 06:54:00,200,FRC4,19,28,305,207,1,False,10.76013091221701,106.68072559786684,0.0,10.0,23.0,Partly Cloudy
1477,Từ Vòng Xoay Trần Phú đến ĐHSP,2025-07-21 06:54:00,100,FRC4,19,28,302,205,1,False,10.760458845955434,106.6815638986815,0.0,10.0,23.0,Partly Cloudy
1478,Từ Vòng Xoay Trần Phú đến ĐHSP,2025-07-21 06:54:00,0,FRC4,19,28,302,205,1,False,10.760883668675298,106.6826449653469,0.0,10.0,23.0,Partly Cloudy
1479,Từ Ngã Sáu Cộng Hòa đến An Dương Vương,2025-07-21 07:24:00,500,FRC3,21,33,1195,760,1,False,10.765163027177051,106.68176325830919,0.53,10.0,21.2,Partly cloudy
1480,Từ Ngã Sáu Cộng Hòa đến An Dương Vương,2025-07-21 07:24:00,400,FRC3,21,33,1195,760,1,False,10.764283334954333,106.68210132878986,0.53,10.0,21.2,Partly cloudy
1481,Từ Ngã Sáu Cộng Hòa đến An Dương Vương,2025-07-21 07:24:00,300,FRC3,21,33,1195,760,1,False,10.763480856227291,106.68240386571111,0.53,10.0,21.2,Partly cloudy
1482,Từ Ngã Sáu Cộng Hòa đến An Dương Vương,2025-07-21 07:24:00,200,FRC3,21,33,1195,760,1,False,10.762642918836454,106.6827364596283,0.53,10.0,21.2,Partly cloudy
1483,Từ Ngã Sáu Cộng Hòa đến An Dương Vương,2025-07-21 07:24:00,100,FRC3,21,33,1195,760,1,False,10.7619261906941,106.68302613820323,0.53,10.0,21.2,Partly cloudy
1484,Từ Ngã Sáu Cộng Hòa đến An Dương Vương,2025-07-21 07:24:00,0,FRC3,21,33,1195,760,1,False,10.761156760056346,106.68331581677815,0.53,10.0,21.2,Partly cloudy
1485,Từ Cầu Nguyễn Văn Cừ đến An Dương Vương,2025-07-21 07:24:00,700,FRC2,26,34,611,467,1,False,10.755556817425111,106.68578400873503,0.53,10.0,21.2,Partly cloudy
1486,Từ Cầu Nguyễn Văn Cừ đến An Dương Vương,2025-07-21 07:24:00,600,FRC2,26,34,611,467,1,False,10.756358876280022,106.6853232069683,0.53,10.0,21.2,Partly cloudy
1487,Từ Cầu Nguyễn Văn Cừ đến An Dương Vương,2025-07-21 07:24:00,500,FRC2,25,33,636,481,1,False,10.757138847709548,106.684944289696,0.53,10.0,21.2,Partly cloudy
1488,Từ Cầu Nguyễn Văn Cừ đến An Dương Vương,2025-07-21 07:24:00,400,FRC2,25,33,636,481,1,False,10.757963133528543,106.68463303622572,0.53,10.0,21.2,Partly cloudy
1489,Từ Cầu Nguyễn Văn Cừ đến An Dương Vương,2025-07-21 07:24:00,300,FRC2,25,33,636,481,1,False,10.758623446871004,106.68435335919212,0.53,10.0,21.2,Partly cloudy
1490,Từ Cầu Nguyễn Văn Cừ đến An Dương Vương,2025-07-21 07:24:00,200,FRC6,20,27,848,628,1,False,10.759478749919925,106.68406917123804,0.53,10.0,21.2,Partly cloudy
1491,Từ Cầu Nguyễn Văn Cừ đến An Dương Vương,2025-07-21 07:24:00,100,FRC2,25,33,636,481,1,False,10.760311892549737,106.68371280856688,0.53,10.0,21.2,Partly cloudy
1492,Từ Cầu Nguyễn Văn Cừ đến An Dương Vương,2025-07-21 07:24:00,0,FRC2,25,33,636,481,1,False,10.761189348756318,106.68340155509297,0.53,10.0,21.2,Partly cloudy
1493,Từ Vòng Xoay Trần Phú đến ĐHSP,2025-07-21 07:24:00,1000,FRC4,19,29,302,198,1,False,10.757533515349062,106.67414436746735,0.53,10.0,21.2,Partly cloudy
1494,Từ Vòng Xoay Trần Phú đến ĐHSP,2025-07-21 07:24:00,900,FRC4,19,29,302,198,1,False,10.757824186413304,106.67502060044893,0.53,10.0,21.2,Partly cloudy
1495,Từ Vòng Xoay Trần Phú đến ĐHSP,2025-07-21 07:24:00,800,FRC4,19,29,302,198,1,False,10.758126036834728,106.67584372840122,0.53,10.0,21.2,Partly cloudy
1496,Từ Vòng Xoay Trần Phú đến ĐHSP,2025-07-21 07:24:00,700,FRC4,19,29,302,198,1,False,10.758483785091158,106.67667444278729,0.53,10.0,21.2,Partly cloudy
1497,Từ Vòng Xoay Trần Phú đến ĐHSP,2025-07-21 07:24:00,600,FRC4,19,29,302,198,1,False,10.758740916389923,106.67733446243443,0.53,10.0,21.2,Partly cloudy
1498,Từ Vòng Xoay Trần Phú đến ĐHSP,2025-07-21 07:24:00,500,FRC4,22,27,263,214,1,False,10.759121023128003,106.67817276325134,0.53,10.0,21.2,Partly cloudy
1499,Từ Vòng Xoay Trần Phú đến ĐHSP,2025-07-21 07:24:00,400,FRC4,22,27,263,214,1,False,10.759445231432741,106.6790186505005,0.53,10.0,21.2,Partly cloudy
1500,Từ Vòng Xoay Trần Phú đến ĐHSP,2025-07-21 07:24:00,300,FRC4,22,27,263,214,1,False,10.759784345493584,106.67986453775157,0.53,10.0,21.2,Partly cloudy
1501,Từ Vòng Xoay Trần Phú đến ĐHSP,2025-07-21 07:24:00,200,FRC4,22,27,263,214,1,False,10.76013091221701,106.68072559786684,0.53,10.0,21.2,Partly cloudy
1502,Từ Vòng Xoay Trần Phú đến ĐHSP,2025-07-21 07:24:00,100,FRC4,19,29,302,198,1,False,10.760458845955434,106.6815638986815,0.53,10.0,21.2,Partly cloudy
1503,Từ Vòng Xoay Trần Phú đến ĐHSP,2025-07-21 07:24:00,0,FRC4,19,29,302,198,1,False,10.760883668675298,106.6826449653469,0.53,10.0,21.2,Partly cloudy
1504,Từ Ngã Sáu Cộng Hòa đến An Dương Vương,2025-07-21 07:47:00,500,FRC3,22,32,1141,784,1,False,10.765163027177051,106.68176325830919,0.53,10.0,21.2,Moderate rain
1505,Từ Ngã Sáu Cộng Hòa đến An Dương Vương,2025-07-21 07:47:00,400,FRC3,22,32,1141,784,1,False,10.764283334954333,106.68210132878986,0.53,10.0,21.2,Moderate rain
1506,Từ Ngã Sáu Cộng Hòa đến An Dương Vương,2025-07-21 07:47:00,300,FRC3,22,32,1141,784,1,False,10.763480856227291,106.68240386571111,0.53,10.0,21.2,Moderate rain
1507,Từ Ngã Sáu Cộng Hòa đến An Dương Vương,2025-07-21 07:47:00,200,FRC3,22,32,1141,784,1,False,10.762642918836454,106.6827364596283,0.53,10.0,21.2,Moderate rain
1508,Từ Ngã Sáu Cộng Hòa đến An Dương Vương,2025-07-21 07:47:00,100,FRC3,22,32,1141,784,1,False,10.7619261906941,106.68302613820323,0.53,10.0,21.2,Moderate rain
1509,Từ Ngã Sáu Cộng Hòa đến An Dương Vương,2025-07-21 07:47:00,0,FRC3,22,32,1141,784,1,False,10.761156760056346,106.68331581677815,0.53,10.0,21.2,Moderate rain
1510,Từ Cầu Nguyễn Văn Cừ đến An Dương Vương,2025-07-21 07:47:00,700,FRC2,27,35,589,454,1,False,10.755556817425111,106.68578400873503,0.53,10.0,21.2,Moderate rain
1511,Từ Cầu Nguyễn Văn Cừ đến An Dương Vương,2025-07-21 07:47:00,600,FRC2,27,35,589,454,1,False,10.756358876280022,106.6853232069683,0.53,10.0,21.2,Moderate rain
1512,Từ Cầu Nguyễn Văn Cừ đến An Dương Vương,2025-07-21 07:47:00,500,FRC2,27,35,589,454,1,False,10.757138847709548,106.684944289696,0.53,10.0,21.2,Moderate rain
1513,Từ Cầu Nguyễn Văn Cừ đến An Dương Vương,2025-07-21 07:47:00,400,FRC2,27,35,589,454,1,False,10.757963133528543,106.68463303622572,0.53,10.0,21.2,Moderate rain
1514,Từ Cầu Nguyễn Văn Cừ đến An Dương Vương,2025-07-21 07:47:00,300,FRC2,27,35,589,454,1,False,10.758623446871004,106.68435335919212,0.53,10.0,21.2,Moderate rain
1515,Từ Cầu Nguyễn Văn Cừ đến An Dương Vương,2025-07-21 07:47:00,200,FRC6,19,26,893,652,1,False,10.759478749919925,106.68406917123804,0.53,10.0,21.2,Moderate rain
1516,Từ Cầu Nguyễn Văn Cừ đến An Dương Vương,2025-07-21 07:47:00,100,FRC2,27,35,589,454,1,False,10.760311892549737,106.68371280856688,0.53,10.0,21.2,Moderate rain
1517,Từ Cầu Nguyễn Văn Cừ đến An Dương Vương,2025-07-21 07:47:00,0,FRC2,27,35,589,454,1,False,10.761189348756318,106.68340155509297,0.53,10.0,21.2,Moderate rain
1518,Từ Vòng Xoay Trần Phú đến ĐHSP,2025-07-21 07:47:00,1000,FRC4,20,28,287,205,1,False,10.757533515349062,106.67414436746735,0.53,10.0,21.2,Moderate rain
1519,Từ Vòng Xoay Trần Phú đến ĐHSP,2025-07-21 07:47:00,900,FRC4,20,28,287,205,1,False,10.757824186413304,106.67502060044893,0.53,10.0,21.2,Moderate rain
1520,Từ Vòng Xoay Trần Phú đến ĐHSP,2025-07-21 07:47:00,800,FRC4,20,28,287,205,1,False,10.758126036834728,106.67584372840122,0.53,10.0,21.2,Moderate rain
1521,Từ Vòng Xoay Trần Phú đến ĐHSP,2025-07-21 07:47:00,700,FRC4,20,28,287,205,1,False,10.758483785091158,106.67667444278729,0.53,10.0,21.2,Moderate rain
1522,Từ Vòng Xoay Trần Phú đến ĐHSP,2025-07-21 07:47:00,600,FRC4,20,28,287,205,1,False,10.758740916389923,106.67733446243443,0.53,10.0,21.2,Moderate rain
1523,Từ Vòng Xoay Trần Phú đến ĐHSP,2025-07-21 07:47:00,500,FRC4,15,28,386,207,1,False,10.759121023128003,106.67817276325134,0.53,10.0,21.2,Moderate rain
1524,Từ Vòng Xoay Trần Phú đến ĐHSP,2025-07-21 07:47:00,400,FRC4,15,28,386,207,1,False,10.759445231432741,106.6790186505005,0.53,10.0,21.2,Moderate rain
1525,Từ Vòng Xoay Trần Phú đến ĐHSP,2025-07-21 07:47:00,300,FRC4,15,28,386,207,1,False,10.759784345493584,106.67986453775157,0.53,10.0,21.2,Moderate rain
1526,Từ Vòng Xoay Trần Phú đến ĐHSP,2025-07-21 07:47:00,200,FRC4,15,28,386,207,1,False,10.76013091221701,106.68072559786684,0.53,10.0,21.2,Moderate rain
1527,Từ Vòng Xoay Trần Phú đến ĐHSP,2025-07-21 07:47:00,100,FRC4,20,28,287,205,1,False,10.760458845955434,106.6815638986815,0.53,10.0,21.2,Moderate rain
1528,Từ Vòng Xoay Trần Phú đến ĐHSP,2025-07-21 07:47:00,0,FRC4,20,28,287,205,1,False,10.760883668675298,106.6826449653469,0.53,10.0,21.2,Moderate rain
1529,Từ Ngã Sáu Cộng Hòa đến An Dương Vương,2025-07-21 08:24:00,500,FRC3,21,33,1195,760,1,False,10.765163027177051,106.68176325830919,0.96,9.0,22.3,Overcast
1530,Từ Ngã Sáu Cộng Hòa đến An Dương Vương,2025-07-21 08:24:00,400,FRC3,21,33,1195,760,1,False,10.764283334954333,106.68210132878986,0.96,9.0,22.3,Overcast
1531,Từ Ngã Sáu Cộng Hòa đến An Dương Vương,2025-07-21 08:24:00,300,FRC3,21,33,1195,760,1,False,10.763480856227291,106.68240386571111,0.96,9.0,22.3,Overcast
1532,Từ Ngã Sáu Cộng Hòa đến An Dương Vương,2025-07-21 08:24:00,200,FRC3,21,33,1195,760,1,False,10.762642918836454,106.6827364596283,0.96,9.0,22.3,Overcast
1533,Từ Ngã Sáu Cộng Hòa đến An Dương Vương,2025-07-21 08:24:00,100,FRC3,21,33,1195,760,1,False,10.7619261906941,106.68302613820323,0.96,9.0,22.3,Overcast
1534,Từ Ngã Sáu Cộng Hòa đến An Dương Vương,2025-07-21 08:24:00,0,FRC3,21,33,1195,760,1,False,10.761156760056346,106.68331581677815,0.96,9.0,22.3,Overcast
1535,Từ Cầu Nguyễn Văn Cừ đến An Dương Vương,2025-07-21 08:24:00,700,FRC2,26,34,611,467,1,False,10.755556817425111,106.68578400873503,0.96,9.0,22.3,Overcast
1536,Từ Cầu Nguyễn Văn Cừ đến An Dương Vương,2025-07-21 08:24:00,600,FRC2,26,34,611,467,1,False,10.756358876280022,106.6853232069683,0.96,9.0,22.3,Overcast
1537,Từ Cầu Nguyễn Văn Cừ đến An Dương Vương,2025-07-21 08:24:00,500,FRC2,26,34,611,467,1,False,10.757138847709548,106.684944289696,0.96,9.0,22.3,Overcast
1538,Từ Cầu Nguyễn Văn Cừ đến An Dương Vương,2025-07-21 08:24:00,400,FRC2,26,34,611,467,1,False,10.757963133528543,106.68463303622572,0.96,9.0,22.3,Overcast
1539,Từ Cầu Nguyễn Văn Cừ đến An Dương Vương,2025-07-21 08:24:00,300,FRC2,26,34,611,467,1,False,10.758623446871004,106.68435335919212,0.96,9.0,22.3,Overcast
1540,Từ Cầu Nguyễn Văn Cừ đến An Dương Vương,2025-07-21 08:24:00,200,FRC6,19,26,893,652,1,False,10.759478749919925,106.68406917123804,0.96,9.0,22.3,Overcast
1541,Từ Cầu Nguyễn Văn Cừ đến An Dương Vương,2025-07-21 08:24:00,100,FRC2,26,34,611,467,1,False,10.760311892549737,106.68371280856688,0.96,9.0,22.3,Overcast
1542,Từ Cầu Nguyễn Văn Cừ đến An Dương Vương,2025-07-21 08:24:00,0,FRC2,26,34,611,467,1,False,10.761189348756318,106.68340155509297,0.96,9.0,22.3,Overcast
1543,Từ Vòng Xoay Trần Phú đến ĐHSP,2025-07-21 08:24:00,1000,FRC4,20,28,287,205,1,False,10.757533515349062,106.67414436746735,0.96,9.0,22.3,Overcast
1544,Từ Vòng Xoay Trần Phú đến ĐHSP,2025-07-21 08:24:00,900,FRC4,20,28,287,205,1,False,10.757824186413304,106.67502060044893,0.96,9.0,22.3,Overcast
1545,Từ Vòng Xoay Trần Phú đến ĐHSP,2025-07-21 08:24:00,800,FRC4,20,28,287,205,1,False,10.758126036834728,106.67584372840122,0.96,9.0,22.3,Overcast
1546,Từ Vòng Xoay Trần Phú đến ĐHSP,2025-07-21 08:24:00,700,FRC4,20,28,287,205,1,False,10.758483785091158,106.67667444278729,0.96,9.0,22.3,Overcast
1547,Từ Vòng Xoay Trần Phú đến ĐHSP,2025-07-21 08:24:00,600,FRC4,20,28,287,205,1,False,10.758740916389923,106.67733446243443,0.96,9.0,22.3,Overcast
1548,Từ Vòng Xoay Trần Phú đến ĐHSP,2025-07-21 08:24:00,500,FRC4,19,28,305,207,1,False,10.759121023128003,106.67817276325134,0.96,9.0,22.3,Overcast
1549,Từ Vòng Xoay Trần Phú đến ĐHSP,2025-07-21 08:24:00,400,FRC4,19,28,305,207,1,False,10.759445231432741,106.6790186505005,0.96,9.0,22.3,Overcast
1550,Từ Vòng Xoay Trần Phú đến ĐHSP,2025-07-21 08:24:00,300,FRC4,19,28,305,207,1,False,10.759784345493584,106.67986453775157,0.96,9.0,22.3,Overcast
1551,Từ Vòng Xoay Trần Phú đến ĐHSP,2025-07-21 08:24:00,200,FRC4,19,28,305,207,1,False,10.76013091221701,106.68072559786684,0.96,9.0,22.3,Overcast
1552,Từ Vòng Xoay Trần Phú đến ĐHSP,2025-07-21 08:24:00,100,FRC4,20,28,287,205,1,False,10.760458845955434,106.6815638986815,0.96,9.0,22.3,Overcast
1553,Từ Vòng Xoay Trần Phú đến ĐHSP,2025-07-21 08:24:00,0,FRC4,20,28,287,205,1,False,10.760883668675298,106.6826449653469,0.96,9.0,22.3,Overcast
1554,Từ Ngã Sáu Cộng Hòa đến An Dương Vương,2025-07-21 08:54:00,500,FRC3,22,33,1141,760,1,False,10.765163027177051,106.68176325830919,0.96,8.0,22.3,Light rain
1555,Từ Ngã Sáu Cộng Hòa đến An Dương Vương,2025-07-21 08:54:00,400,FRC3,21,32,1195,784,1,False,10.764283334954333,106.68210132878986,0.96,8.0,22.3,Light rain
1556,Từ Ngã Sáu Cộng Hòa đến An Dương Vương,2025-07-21 08:54:00,300,FRC3,21,32,1195,784,1,False,10.763480856227291,106.68240386571111,0.96,8.0,22.3,Light rain
1557,Từ Ngã Sáu Cộng Hòa đến An Dương Vương,2025-07-21 08:54:00,200,FRC3,21,32,1195,784,1,False,10.762642918836454,106.6827364596283,0.96,8.0,22.3,Light rain
1558,Từ Ngã Sáu Cộng Hòa đến An Dương Vương,2025-07-21 08:54:00,100,FRC3,21,32,1195,784,1,False,10.7619261906941,106.68302613820323,0.96,8.0,22.3,Light rain
1559,Từ Ngã Sáu Cộng Hòa đến An Dương Vương,2025-07-21 08:54:00,0,FRC3,21,32,1195,784,1,False,10.761156760056346,106.68331581677815,0.96,8.0,22.3,Light rain
1560,Từ Cầu Nguyễn Văn Cừ đến An Dương Vương,2025-07-21 08:54:00,700,FRC2,24,34,662,467,1,False,10.755556817425111,106.68578400873503,0.96,8.0,22.3,Light rain
1561,Từ Cầu Nguyễn Văn Cừ đến An Dương Vương,2025-07-21 08:54:00,600,FRC2,24,34,662,467,1,False,10.756358876280022,106.6853232069683,0.96,8.0,22.3,Light rain
1562,Từ Cầu Nguyễn Văn Cừ đến An Dương Vương,2025-07-21 08:54:00,500,FRC2,24,34,662,467,1,False,10.757138847709548,106.684944289696,0.96,8.0,22.3,Light rain
1563,Từ Cầu Nguyễn Văn Cừ đến An Dương Vương,2025-07-21 08:54:00,400,FRC2,24,34,662,467,1,False,10.757963133528543,106.68463303622572,0.96,8.0,22.3,Light rain
1564,Từ Cầu Nguyễn Văn Cừ đến An Dương Vương,2025-07-21 08:54:00,300,FRC2,24,34,662,467,1,False,10.758623446871004,106.68435335919212,0.96,8.0,22.3,Light rain
1565,Từ Cầu Nguyễn Văn Cừ đến An Dương Vương,2025-07-21 08:54:00,200,FRC6,19,26,893,652,1,False,10.759478749919925,106.68406917123804,0.96,8.0,22.3,Light rain
1566,Từ Cầu Nguyễn Văn Cừ đến An Dương Vương,2025-07-21 08:54:00,100,FRC2,24,34,662,467,1,False,10.760311892549737,106.68371280856688,0.96,8.0,22.3,Light rain
1567,Từ Cầu Nguyễn Văn Cừ đến An Dương Vương,2025-07-21 08:54:00,0,FRC2,24,34,662,467,1,False,10.761189348756318,106.68340155509297,0.96,8.0,22.3,Light rain
1568,Từ Vòng Xoay Trần Phú đến ĐHSP,2025-07-21 08:54:00,1000,FRC4,17,29,338,198,1,False,10.757533515349062,106.67414436746735,0.96,8.0,22.3,Light rain
1569,Từ Vòng Xoay Trần Phú đến ĐHSP,2025-07-21 08:54:00,900,FRC4,17,29,338,198,1,False,10.757824186413304,106.67502060044893,0.96,8.0,22.3,Light rain
1570,Từ Vòng Xoay Trần Phú đến ĐHSP,2025-07-21 08:54:00,800,FRC4,17,29,338,198,1,False,10.758126036834728,106.67584372840122,0.96,8.0,22.3,Light rain
1571,Từ Vòng Xoay Trần Phú đến ĐHSP,2025-07-21 08:54:00,700,FRC4,17,29,338,198,1,False,10.758483785091158,106.67667444278729,0.96,8.0,22.3,Light rain
1572,Từ Vòng Xoay Trần Phú đến ĐHSP,2025-07-21 08:54:00,600,FRC4,17,29,338,198,1,False,10.758740916389923,106.67733446243443,0.96,8.0,22.3,Light rain
1573,Từ Vòng Xoay Trần Phú đến ĐHSP,2025-07-21 08:54:00,500,FRC4,19,28,305,207,0.996775,False,10.759121023128003,106.67817276325134,0.96,8.0,22.3,Light rain
1574,Từ Vòng Xoay Trần Phú đến ĐHSP,2025-07-21 08:54:00,400,FRC4,19,28,305,207,0.996775,False,10.759445231432741,106.6790186505005,0.96,8.0,22.3,Light rain
1575,Từ Vòng Xoay Trần Phú đến ĐHSP,2025-07-21 08:54:00,300,FRC4,19,28,305,207,0.996775,False,10.759784345493584,106.67986453775157,0.96,8.0,22.3,Light rain
1576,Từ Vòng Xoay Trần Phú đến ĐHSP,2025-07-21 08:54:00,200,FRC4,19,28,305,207,0.996775,False,10.76013091221701,106.68072559786684,0.96,8.0,22.3,Light rain
1577,Từ Vòng Xoay Trần Phú đến ĐHSP,2025-07-21 08:54:00,100,FRC4,17,29,338,198,1,False,10.760458845955434,106.6815638986815,0.96,8.0,22.3,Light rain
1578,Từ Vòng Xoay Trần Phú đến ĐHSP,2025-07-21 08:54:00,0,FRC4,17,29,338,198,1,False,10.760883668675298,106.6826449653469,0.96,8.0,22.3,Light rain
1579,Từ Ngã Sáu Cộng Hòa đến An Dương Vương,2025-07-21 11:18:00,500,FRC3,18,33,1394,760,1,False,10.765163027177051,106.68176325830919,0.17,10.0,23.0,Moderate rain at times
1580,Từ Ngã Sáu Cộng Hòa đến An Dương Vương,2025-07-21 11:18:00,400,FRC3,18,33,1394,760,1,False,10.764283334954333,106.68210132878986,0.17,10.0,23.0,Moderate rain at times
1581,Từ Ngã Sáu Cộng Hòa đến An Dương Vương,2025-07-21 11:18:00,300,FRC3,18,33,1394,760,1,False,10.763480856227291,106.68240386571111,0.17,10.0,23.0,Moderate rain at times
1582,Từ Ngã Sáu Cộng Hòa đến An Dương Vương,2025-07-21 11:18:00,200,FRC3,18,33,1394,760,1,False,10.762642918836454,106.6827364596283,0.17,10.0,23.0,Moderate rain at times
1583,Từ Ngã Sáu Cộng Hòa đến An Dương Vương,2025-07-21 11:18:00,100,FRC3,18,33,1394,760,1,False,10.7619261906941,106.68302613820323,0.17,10.0,23.0,Moderate rain at times
1584,Từ Ngã Sáu Cộng Hòa đến An Dương Vương,2025-07-21 11:18:00,0,FRC3,18,33,1394,760,1,False,10.761156760056346,106.68331581677815,0.17,10.0,23.0,Moderate rain at times
1585,Từ Cầu Nguyễn Văn Cừ đến An Dương Vương,2025-07-21 11:18:00,700,FRC2,22,34,722,467,1,False,10.755556817425111,106.68578400873503,0.17,10.0,23.0,Moderate rain at times
1586,Từ Cầu Nguyễn Văn Cừ đến An Dương Vương,2025-07-21 11:18:00,600,FRC2,22,34,722,467,1,False,10.756358876280022,106.6853232069683,0.17,10.0,23.0,Moderate rain at times
1587,Từ Cầu Nguyễn Văn Cừ đến An Dương Vương,2025-07-21 11:18:00,500,FRC2,22,34,722,467,1,False,10.757138847709548,106.684944289696,0.17,10.0,23.0,Moderate rain at times
1588,Từ Cầu Nguyễn Văn Cừ đến An Dương Vương,2025-07-21 11:18:00,400,FRC2,22,34,722,467,1,False,10.757963133528543,106.68463303622572,0.17,10.0,23.0,Moderate rain at times
1589,Từ Cầu Nguyễn Văn Cừ đến An Dương Vương,2025-07-21 11:18:00,300,FRC2,22,34,722,467,1,False,10.758623446871004,106.68435335919212,0.17,10.0,23.0,Moderate rain at times
1590,Từ Cầu Nguyễn Văn Cừ đến An Dương Vương,2025-07-21 11:18:00,200,FRC6,18,27,943,628,1,False,10.759478749919925,106.68406917123804,0.17,10.0,23.0,Moderate rain at times
1591,Từ Cầu Nguyễn Văn Cừ đến An Dương Vương,2025-07-21 11:18:00,100,FRC2,22,34,722,467,1,False,10.760311892549737,106.68371280856688,0.17,10.0,23.0,Moderate rain at times
1592,Từ Cầu Nguyễn Văn Cừ đến An Dương Vương,2025-07-21 11:18:00,0,FRC2,22,34,722,467,1,False,10.761189348756318,106.68340155509297,0.17,10.0,23.0,Moderate rain at times
1593,Từ Vòng Xoay Trần Phú đến ĐHSP,2025-07-21 11:18:00,1000,FRC4,17,28,338,205,1,False,10.757533515349062,106.67414436746735,0.17,10.0,23.0,Moderate rain at times
1594,Từ Vòng Xoay Trần Phú đến ĐHSP,2025-07-21 11:18:00,900,FRC4,17,28,338,205,1,False,10.757824186413304,106.67502060044893,0.17,10.0,23.0,Moderate rain at times
1595,Từ Vòng Xoay Trần Phú đến ĐHSP,2025-07-21 11:18:00,800,FRC4,17,28,338,205,1,False,10.758126036834728,106.67584372840122,0.17,10.0,23.0,Moderate rain at times
1596,Từ Vòng Xoay Trần Phú đến ĐHSP,2025-07-21 11:18:00,700,FRC4,17,28,338,205,1,False,10.758483785091158,106.67667444278729,0.17,10.0,23.0,Moderate rain at times
1597,Từ Vòng Xoay Trần Phú đến ĐHSP,2025-07-21 11:18:00,600,FRC4,17,28,338,205,1,False,10.758740916389923,106.67733446243443,0.17,10.0,23.0,Moderate rain at times
1598,Từ Vòng Xoay Trần Phú đến ĐHSP,2025-07-21 11:18:00,500,FRC4,20,28,289,207,1,False,10.759121023128003,106.67817276325134,0.17,10.0,23.0,Moderate rain at times
1599,Từ Vòng Xoay Trần Phú đến ĐHSP,2025-07-21 11:18:00,400,FRC4,20,28,289,207,1,False,10.759445231432741,106.6790186505005,0.17,10.0,23.0,Moderate rain at times
1600,Từ Vòng Xoay Trần Phú đến ĐHSP,2025-07-21 11:18:00,300,FRC4,20,28,289,207,1,False,10.759784345493584,106.67986453775157,0.17,10.0,23.0,Moderate rain at times
1601,Từ Vòng Xoay Trần Phú đến ĐHSP,2025-07-21 11:18:00,200,FRC4,20,28,289,207,1,False,10.76013091221701,106.68072559786684,0.17,10.0,23.0,Moderate rain at times
1602,Từ Vòng Xoay Trần Phú đến ĐHSP,2025-07-21 11:18:00,100,FRC4,17,28,338,205,1,False,10.760458845955434,106.6815638986815,0.17,10.0,23.0,Moderate rain at times
1603,Từ Vòng Xoay Trần Phú đến ĐHSP,2025-07-21 11:18:00,0,FRC4,17,28,338,205,1,False,10.760883668675298,106.6826449653469,0.17,10.0,23.0,Moderate rain at times
1604,Từ Ngã Sáu Cộng Hòa đến An Dương Vương,2025-07-21 11:41:00,500,FRC3,19,33,1321,760,1,False,10.765163027177051,106.68176325830919,0.17,10.0,23.0,Moderate rain at times
1605,Từ Ngã Sáu Cộng Hòa đến An Dương Vương,2025-07-21 11:41:00,400,FRC3,19,33,1321,760,1,False,10.764283334954333,106.68210132878986,0.17,10.0,23.0,Moderate rain at times
1606,Từ Ngã Sáu Cộng Hòa đến An Dương Vương,2025-07-21 11:41:00,300,FRC3,19,33,1321,760,1,False,10.763480856227291,106.68240386571111,0.17,10.0,23.0,Moderate rain at times
1607,Từ Ngã Sáu Cộng Hòa đến An Dương Vương,2025-07-21 11:41:00,200,FRC3,19,33,1321,760,1,False,10.762642918836454,106.6827364596283,0.17,10.0,23.0,Moderate rain at times
1608,Từ Ngã Sáu Cộng Hòa đến An Dương Vương,2025-07-21 11:41:00,100,FRC3,19,33,1321,760,1,False,10.7619261906941,106.68302613820323,0.17,10.0,23.0,Moderate rain at times
1609,Từ Ngã Sáu Cộng Hòa đến An Dương Vương,2025-07-21 11:41:00,0,FRC3,19,33,1321,760,1,False,10.761156760056346,106.68331581677815,0.17,10.0,23.0,Moderate rain at times
1610,Từ Cầu Nguyễn Văn Cừ đến An Dương Vương,2025-07-21 11:41:00,700,FRC2,21,35,757,454,1,False,10.755556817425111,106.68578400873503,0.17,10.0,23.0,Moderate rain at times
1611,Từ Cầu Nguyễn Văn Cừ đến An Dương Vương,2025-07-21 11:41:00,600,FRC2,21,35,757,454,1,False,10.756358876280022,106.6853232069683,0.17,10.0,23.0,Moderate rain at times
1612,Từ Cầu Nguyễn Văn Cừ đến An Dương Vương,2025-07-21 11:41:00,500,FRC2,21,35,757,454,1,False,10.757138847709548,106.684944289696,0.17,10.0,23.0,Moderate rain at times
1613,Từ Cầu Nguyễn Văn Cừ đến An Dương Vương,2025-07-21 11:41:00,400,FRC2,21,35,757,454,1,False,10.757963133528543,106.68463303622572,0.17,10.0,23.0,Moderate rain at times
1614,Từ Cầu Nguyễn Văn Cừ đến An Dương Vương,2025-07-21 11:41:00,300,FRC2,21,35,757,454,1,False,10.758623446871004,106.68435335919212,0.17,10.0,23.0,Moderate rain at times
1615,Từ Cầu Nguyễn Văn Cừ đến An Dương Vương,2025-07-21 11:41:00,200,FRC6,18,26,943,652,1,False,10.759478749919925,106.68406917123804,0.17,10.0,23.0,Moderate rain at times
1616,Từ Cầu Nguyễn Văn Cừ đến An Dương Vương,2025-07-21 11:41:00,100,FRC2,21,35,757,454,1,False,10.760311892549737,106.68371280856688,0.17,10.0,23.0,Moderate rain at times
1617,Từ Cầu Nguyễn Văn Cừ đến An Dương Vương,2025-07-21 11:41:00,0,FRC2,21,35,757,454,1,False,10.761189348756318,106.68340155509297,0.17,10.0,23.0,Moderate rain at times
1618,Từ Vòng Xoay Trần Phú đến ĐHSP,2025-07-21 11:41:00,1000,FRC4,22,28,261,205,1,False,10.757533515349062,106.67414436746735,0.17,10.0,23.0,Moderate rain at times
1619,Từ Vòng Xoay Trần Phú đến ĐHSP,2025-07-21 11:41:00,900,FRC4,22,28,261,205,1,False,10.757824186413304,106.67502060044893,0.17,10.0,23.0,Moderate rain at times
1620,Từ Vòng Xoay Trần Phú đến ĐHSP,2025-07-21 11:41:00,800,FRC4,22,28,261,205,1,False,10.758126036834728,106.67584372840122,0.17,10.0,23.0,Moderate rain at times
1621,Từ Vòng Xoay Trần Phú đến ĐHSP,2025-07-21 11:41:00,700,FRC4,22,28,261,205,1,False,10.758483785091158,106.67667444278729,0.17,10.0,23.0,Moderate rain at times
1622,Từ Vòng Xoay Trần Phú đến ĐHSP,2025-07-21 11:41:00,600,FRC4,22,28,261,205,1,False,10.758740916389923,106.67733446243443,0.17,10.0,23.0,Moderate rain at times
1623,Từ Vòng Xoay Trần Phú đến ĐHSP,2025-07-21 11:41:00,500,FRC4,21,28,276,207,1,False,10.759121023128003,106.67817276325134,0.17,10.0,23.0,Moderate rain at times
1624,Từ Vòng Xoay Trần Phú đến ĐHSP,2025-07-21 11:41:00,400,FRC4,21,28,276,207,1,False,10.759445231432741,106.6790186505005,0.17,10.0,23.0,Moderate rain at times
1625,Từ Vòng Xoay Trần Phú đến ĐHSP,2025-07-21 11:41:00,300,FRC4,21,28,276,207,1,False,10.759784345493584,106.67986453775157,0.17,10.0,23.0,Moderate rain at times
1626,Từ Vòng Xoay Trần Phú đến ĐHSP,2025-07-21 11:41:00,200,FRC4,21,28,276,207,1,False,10.76013091221701,106.68072559786684,0.17,10.0,23.0,Moderate rain at times
1627,Từ Vòng Xoay Trần Phú đến ĐHSP,2025-07-21 11:41:00,100,FRC4,22,28,261,205,1,False,10.760458845955434,106.6815638986815,0.17,10.0,23.0,Moderate rain at times
1628,Từ Vòng Xoay Trần Phú đến ĐHSP,2025-07-21 11:41:00,0,FRC4,22,28,261,205,1,False,10.760883668675298,106.6826449653469,0.17,10.0,23.0,Moderate rain at times
1629,Từ Ngã Sáu Cộng Hòa đến An Dương Vương,2025-07-21 11:53:00,500,FRC3,19,32,1321,784,1,False,10.765163027177051,106.68176325830919,0.17,10.0,23.0,Moderate rain at times
1630,Từ Ngã Sáu Cộng Hòa đến An Dương Vương,2025-07-21 11:53:00,400,FRC3,19,32,1321,784,1,False,10.764283334954333,106.68210132878986,0.17,10.0,23.0,Moderate rain at times
1631,Từ Ngã Sáu Cộng Hòa đến An Dương Vương,2025-07-21 11:53:00,300,FRC3,19,32,1321,784,1,False,10.763480856227291,106.68240386571111,0.17,10.0,23.0,Moderate rain at times
1632,Từ Ngã Sáu Cộng Hòa đến An Dương Vương,2025-07-21 11:53:00,200,FRC3,19,32,1321,784,1,False,10.762642918836454,106.6827364596283,0.17,10.0,23.0,Moderate rain at times
1633,Từ Ngã Sáu Cộng Hòa đến An Dương Vương,2025-07-21 11:53:00,100,FRC3,19,32,1321,784,1,False,10.7619261906941,106.68302613820323,0.17,10.0,23.0,Moderate rain at times
1634,Từ Ngã Sáu Cộng Hòa đến An Dương Vương,2025-07-21 11:53:00,0,FRC3,19,32,1321,784,1,False,10.761156760056346,106.68331581677815,0.17,10.0,23.0,Moderate rain at times
1635,Từ Cầu Nguyễn Văn Cừ đến An Dương Vương,2025-07-21 11:53:00,700,FRC2,22,34,722,467,1,False,10.755556817425111,106.68578400873503,0.17,10.0,23.0,Moderate rain at times
1636,Từ Cầu Nguyễn Văn Cừ đến An Dương Vương,2025-07-21 11:53:00,600,FRC2,22,34,722,467,1,False,10.756358876280022,106.6853232069683,0.17,10.0,23.0,Moderate rain at times
1637,Từ Cầu Nguyễn Văn Cừ đến An Dương Vương,2025-07-21 11:53:00,500,FRC2,22,34,722,467,1,False,10.757138847709548,106.684944289696,0.17,10.0,23.0,Moderate rain at times
1638,Từ Cầu Nguyễn Văn Cừ đến An Dương Vương,2025-07-21 11:53:00,400,FRC2,22,34,722,467,1,False,10.757963133528543,106.68463303622572,0.17,10.0,23.0,Moderate rain at times
1639,Từ Cầu Nguyễn Văn Cừ đến An Dương Vương,2025-07-21 11:53:00,300,FRC2,22,34,722,467,1,False,10.758623446871004,106.68435335919212,0.17,10.0,23.0,Moderate rain at times
1640,Từ Cầu Nguyễn Văn Cừ đến An Dương Vương,2025-07-21 11:53:00,200,FRC6,16,26,1061,652,1,False,10.759478749919925,106.68406917123804,0.17,10.0,23.0,Moderate rain at times
1641,Từ Cầu Nguyễn Văn Cừ đến An Dương Vương,2025-07-21 11:53:00,100,FRC2,22,34,722,467,1,False,10.760311892549737,106.68371280856688,0.17,10.0,23.0,Moderate rain at times
1642,Từ Cầu Nguyễn Văn Cừ đến An Dương Vương,2025-07-21 11:53:00,0,FRC2,22,34,722,467,1,False,10.761189348756318,106.68340155509297,0.17,10.0,23.0,Moderate rain at times
1643,Từ Vòng Xoay Trần Phú đến ĐHSP,2025-07-21 11:53:00,1000,FRC4,29,29,198,198,1,False,10.757533515349062,106.67414436746735,0.17,10.0,23.0,Moderate rain at times
1644,Từ Vòng Xoay Trần Phú đến ĐHSP,2025-07-21 11:53:00,900,FRC4,29,29,198,198,1,False,10.757824186413304,106.67502060044893,0.17,10.0,23.0,Moderate rain at times
1645,Từ Vòng Xoay Trần Phú đến ĐHSP,2025-07-21 11:53:00,800,FRC4,29,29,198,198,1,False,10.758126036834728,106.67584372840122,0.17,10.0,23.0,Moderate rain at times
1646,Từ Vòng Xoay Trần Phú đến ĐHSP,2025-07-21 11:53:00,700,FRC4,29,29,198,198,1,False,10.758483785091158,106.67667444278729,0.17,10.0,23.0,Moderate rain at times
1647,Từ Vòng Xoay Trần Phú đến ĐHSP,2025-07-21 11:53:00,600,FRC4,29,29,198,198,1,False,10.758740916389923,106.67733446243443,0.17,10.0,23.0,Moderate rain at times
1648,Từ Vòng Xoay Trần Phú đến ĐHSP,2025-07-21 11:53:00,500,FRC4,19,27,305,214,1,False,10.759121023128003,106.67817276325134,0.17,10.0,23.0,Moderate rain at times
1649,Từ Vòng Xoay Trần Phú đến ĐHSP,2025-07-21 11:53:00,400,FRC4,19,27,305,214,1,False,10.759445231432741,106.6790186505005,0.17,10.0,23.0,Moderate rain at times
1650,Từ Vòng Xoay Trần Phú đến ĐHSP,2025-07-21 11:53:00,300,FRC4,21,28,276,207,1,False,10.759784345493584,106.67986453775157,0.17,10.0,23.0,Moderate rain at times
1651,Từ Vòng Xoay Trần Phú đến ĐHSP,2025-07-21 11:53:00,200,FRC4,21,28,276,207,1,False,10.76013091221701,106.68072559786684,0.17,10.0,23.0,Moderate rain at times
1652,Từ Vòng Xoay Trần Phú đến ĐHSP,2025-07-21 11:53:00,100,FRC4,24,29,239,198,1,False,10.760458845955434,106.6815638986815,0.17,10.0,23.0,Moderate rain at times
1653,Từ Vòng Xoay Trần Phú đến ĐHSP,2025-07-21 11:53:00,0,FRC4,24,29,239,198,1,False,10.760883668675298,106.6826449653469,0.17,10.0,23.0,Moderate rain at times
1654,Từ Ngã Sáu Cộng Hòa đến An Dương Vương,2025-07-21 12:42:00,500,FRC3,20,33,1255,760,1,False,10.765163027177051,106.68176325830919,0.01,8.0,19.1,Light rain
1655,Từ Ngã Sáu Cộng Hòa đến An Dương Vương,2025-07-21 12:42:00,400,FRC3,20,33,1255,760,1,False,10.764283334954333,106.68210132878986,0.01,8.0,19.1,Light rain
1656,Từ Ngã Sáu Cộng Hòa đến An Dương Vương,2025-07-21 12:42:00,300,FRC3,20,33,1255,760,1,False,10.763480856227291,106.68240386571111,0.01,8.0,19.1,Light rain
1657,Từ Ngã Sáu Cộng Hòa đến An Dương Vương,2025-07-21 12:42:00,200,FRC3,20,33,1255,760,1,False,10.762642918836454,106.6827364596283,0.01,8.0,19.1,Light rain
1658,Từ Ngã Sáu Cộng Hòa đến An Dương Vương,2025-07-21 12:42:00,100,FRC3,20,33,1255,760,1,False,10.7619261906941,106.68302613820323,0.01,8.0,19.1,Light rain
1659,Từ Ngã Sáu Cộng Hòa đến An Dương Vương,2025-07-21 12:42:00,0,FRC3,20,33,1255,760,1,False,10.761156760056346,106.68331581677815,0.01,8.0,19.1,Light rain
1660,Từ Cầu Nguyễn Văn Cừ đến An Dương Vương,2025-07-21 12:42:00,700,FRC2,24,34,662,467,1,False,10.755556817425111,106.68578400873503,0.01,8.0,19.1,Light rain
1661,Từ Cầu Nguyễn Văn Cừ đến An Dương Vương,2025-07-21 12:42:00,600,FRC2,24,34,662,467,1,False,10.756358876280022,106.6853232069683,0.01,8.0,19.1,Light rain
1662,Từ Cầu Nguyễn Văn Cừ đến An Dương Vương,2025-07-21 12:42:00,500,FRC2,24,34,662,467,1,False,10.757138847709548,106.684944289696,0.01,8.0,19.1,Light rain
1663,Từ Cầu Nguyễn Văn Cừ đến An Dương Vương,2025-07-21 12:42:00,400,FRC2,24,34,662,467,1,False,10.757963133528543,106.68463303622572,0.01,8.0,19.1,Light rain
1664,Từ Cầu Nguyễn Văn Cừ đến An Dương Vương,2025-07-21 12:42:00,300,FRC2,24,34,662,467,1,False,10.758623446871004,106.68435335919212,0.01,8.0,19.1,Light rain
1665,Từ Cầu Nguyễn Văn Cừ đến An Dương Vương,2025-07-21 12:42:00,200,FRC6,19,26,893,652,1,False,10.759478749919925,106.68406917123804,0.01,8.0,19.1,Light rain
1666,Từ Cầu Nguyễn Văn Cừ đến An Dương Vương,2025-07-21 12:42:00,100,FRC2,24,34,662,467,1,False,10.760311892549737,106.68371280856688,0.01,8.0,19.1,Light rain
1667,Từ Cầu Nguyễn Văn Cừ đến An Dương Vương,2025-07-21 12:42:00,0,FRC2,24,34,662,467,1,False,10.761189348756318,106.68340155509297,0.01,8.0,19.1,Light rain
1668,Từ Vòng Xoay Trần Phú đến ĐHSP,2025-07-21 12:42:00,1000,FRC4,19,29,302,198,1,False,10.757533515349062,106.67414436746735,0.01,8.0,19.1,Light rain
1669,Từ Vòng Xoay Trần Phú đến ĐHSP,2025-07-21 12:42:00,900,FRC4,19,29,302,198,1,False,10.757824186413304,106.67502060044893,0.01,8.0,19.1,Light rain
1670,Từ Vòng Xoay Trần Phú đến ĐHSP,2025-07-21 12:42:00,800,FRC4,19,29,302,198,1,False,10.758126036834728,106.67584372840122,0.01,8.0,19.1,Light rain
1671,Từ Vòng Xoay Trần Phú đến ĐHSP,2025-07-21 12:42:00,700,FRC4,19,29,302,198,1,False,10.758483785091158,106.67667444278729,0.01,8.0,19.1,Light rain
1672,Từ Vòng Xoay Trần Phú đến ĐHSP,2025-07-21 12:42:00,600,FRC4,19,29,302,198,1,False,10.758740916389923,106.67733446243443,0.01,8.0,19.1,Light rain
1673,Từ Vòng Xoay Trần Phú đến ĐHSP,2025-07-21 12:42:00,500,FRC4,18,28,322,207,1,False,10.759121023128003,106.67817276325134,0.01,8.0,19.1,Light rain
1674,Từ Vòng Xoay Trần Phú đến ĐHSP,2025-07-21 12:42:00,400,FRC4,18,28,322,207,1,False,10.759445231432741,106.6790186505005,0.01,8.0,19.1,Light rain
1675,Từ Vòng Xoay Trần Phú đến ĐHSP,2025-07-21 12:42:00,300,FRC4,18,28,322,207,1,False,10.759784345493584,106.67986453775157,0.01,8.0,19.1,Light rain
1676,Từ Vòng Xoay Trần Phú đến ĐHSP,2025-07-21 12:42:00,200,FRC4,18,28,322,207,1,False,10.76013091221701,106.68072559786684,0.01,8.0,19.1,Light rain
1677,Từ Vòng Xoay Trần Phú đến ĐHSP,2025-07-21 12:42:00,100,FRC4,19,29,302,198,1,False,10.760458845955434,106.6815638986815,0.01,8.0,19.1,Light rain
1678,Từ Vòng Xoay Trần Phú đến ĐHSP,2025-07-21 12:42:00,0,FRC4,19,29,302,198,1,False,10.760883668675298,106.6826449653469,0.01,8.0,19.1,Light rain
1679,Từ Ngã Sáu Cộng Hòa đến An Dương Vương,2025-07-21 13:27:00,500,FRC3,22,33,1141,760,1,False,10.765163027177051,106.68176325830919,0.01,8.0,16.9,Light rain
1680,Từ Ngã Sáu Cộng Hòa đến An Dương Vương,2025-07-21 13:27:00,400,FRC3,22,33,1141,760,1,False,10.764283334954333,106.68210132878986,0.01,8.0,16.9,Light rain
1681,Từ Ngã Sáu Cộng Hòa đến An Dương Vương,2025-07-21 13:27:00,300,FRC3,22,33,1141,760,1,False,10.763480856227291,106.68240386571111,0.01,8.0,16.9,Light rain
1682,Từ Ngã Sáu Cộng Hòa đến An Dương Vương,2025-07-21 13:27:00,200,FRC3,22,33,1141,760,1,False,10.762642918836454,106.6827364596283,0.01,8.0,16.9,Light rain
1683,Từ Ngã Sáu Cộng Hòa đến An Dương Vương,2025-07-21 13:27:00,100,FRC3,22,33,1141,760,1,False,10.7619261906941,106.68302613820323,0.01,8.0,16.9,Light rain
1684,Từ Ngã Sáu Cộng Hòa đến An Dương Vương,2025-07-21 13:27:00,0,FRC3,22,33,1141,760,1,False,10.761156760056346,106.68331581677815,0.01,8.0,16.9,Light rain
1685,Từ Cầu Nguyễn Văn Cừ đến An Dương Vương,2025-07-21 13:27:00,700,FRC2,24,34,662,467,1,False,10.755556817425111,106.68578400873503,0.01,8.0,16.9,Light rain
1686,Từ Cầu Nguyễn Văn Cừ đến An Dương Vương,2025-07-21 13:27:00,600,FRC2,24,34,662,467,1,False,10.756358876280022,106.6853232069683,0.01,8.0,16.9,Light rain
1687,Từ Cầu Nguyễn Văn Cừ đến An Dương Vương,2025-07-21 13:27:00,500,FRC2,24,34,662,467,1,False,10.757138847709548,106.684944289696,0.01,8.0,16.9,Light rain
1688,Từ Cầu Nguyễn Văn Cừ đến An Dương Vương,2025-07-21 13:27:00,400,FRC2,24,34,662,467,1,False,10.757963133528543,106.68463303622572,0.01,8.0,16.9,Light rain
1689,Từ Cầu Nguyễn Văn Cừ đến An Dương Vương,2025-07-21 13:27:00,300,FRC2,24,34,662,467,1,False,10.758623446871004,106.68435335919212,0.01,8.0,16.9,Light rain
1690,Từ Cầu Nguyễn Văn Cừ đến An Dương Vương,2025-07-21 13:27:00,200,FRC6,20,26,848,652,1,False,10.759478749919925,106.68406917123804,0.01,8.0,16.9,Light rain
1691,Từ Cầu Nguyễn Văn Cừ đến An Dương Vương,2025-07-21 13:27:00,100,FRC2,24,34,662,467,1,False,10.760311892549737,106.68371280856688,0.01,8.0,16.9,Light rain
1692,Từ Cầu Nguyễn Văn Cừ đến An Dương Vương,2025-07-21 13:27:00,0,FRC2,24,34,662,467,1,False,10.761189348756318,106.68340155509297,0.01,8.0,16.9,Light rain
1693,Từ Vòng Xoay Trần Phú đến ĐHSP,2025-07-21 13:27:00,1000,FRC4,22,29,261,198,1,False,10.757533515349062,106.67414436746735,0.01,8.0,16.9,Light rain
1694,Từ Vòng Xoay Trần Phú đến ĐHSP,2025-07-21 13:27:00,900,FRC4,22,29,261,198,1,False,10.757824186413304,106.67502060044893,0.01,8.0,16.9,Light rain
1695,Từ Vòng Xoay Trần Phú đến ĐHSP,2025-07-21 13:27:00,800,FRC4,22,29,261,198,1,False,10.758126036834728,106.67584372840122,0.01,8.0,16.9,Light rain
1696,Từ Vòng Xoay Trần Phú đến ĐHSP,2025-07-21 13:27:00,700,FRC4,22,29,261,198,1,False,10.758483785091158,106.67667444278729,0.01,8.0,16.9,Light rain
1697,Từ Vòng Xoay Trần Phú đến ĐHSP,2025-07-21 13:27:00,600,FRC4,22,29,261,198,1,False,10.758740916389923,106.67733446243443,0.01,8.0,16.9,Light rain
1698,Từ Vòng Xoay Trần Phú đến ĐHSP,2025-07-21 13:27:00,500,FRC4,22,27,263,214,1,False,10.759121023128003,106.67817276325134,0.01,8.0,16.9,Light rain
1699,Từ Vòng Xoay Trần Phú đến ĐHSP,2025-07-21 13:27:00,400,FRC4,22,27,263,214,1,False,10.759445231432741,106.6790186505005,0.01,8.0,16.9,Light rain
1700,Từ Vòng Xoay Trần Phú đến ĐHSP,2025-07-21 13:27:00,300,FRC4,22,27,263,214,1,False,10.759784345493584,106.67986453775157,0.01,8.0,16.9,Light rain
1701,Từ Vòng Xoay Trần Phú đến ĐHSP,2025-07-21 13:27:00,200,FRC4,22,27,263,214,1,False,10.76013091221701,106.68072559786684,0.01,8.0,16.9,Light rain
1702,Từ Vòng Xoay Trần Phú đến ĐHSP,2025-07-21 13:27:00,100,FRC4,22,29,261,198,1,False,10.760458845955434,106.6815638986815,0.01,8.0,16.9,Light rain
1703,Từ Vòng Xoay Trần Phú đến ĐHSP,2025-07-21 13:27:00,0,FRC4,22,29,261,198,1,False,10.760883668675298,106.6826449653469,0.01,8.0,16.9,Light rain
1704,Từ Ngã Sáu Cộng Hòa đến An Dương Vương,2025-07-21 16:15:00,500,FRC3,33,33,760,760,1,False,10.765163027177051,106.68176325830919,0.0,10.0,16.2,Partly Cloudy
1705,Từ Ngã Sáu Cộng Hòa đến An Dương Vương,2025-07-21 16:15:00,400,FRC3,33,33,760,760,1,False,10.764283334954333,106.68210132878986,0.0,10.0,16.2,Partly Cloudy
1706,Từ Ngã Sáu Cộng Hòa đến An Dương Vương,2025-07-21 16:15:00,300,FRC3,33,33,760,760,1,False,10.763480856227291,106.68240386571111,0.0,10.0,16.2,Partly Cloudy
1707,Từ Ngã Sáu Cộng Hòa đến An Dương Vương,2025-07-21 16:15:00,200,FRC3,33,33,760,760,1,False,10.762642918836454,106.6827364596283,0.0,10.0,16.2,Partly Cloudy
1708,Từ Ngã Sáu Cộng Hòa đến An Dương Vương,2025-07-21 16:15:00,100,FRC3,33,33,760,760,1,False,10.7619261906941,106.68302613820323,0.0,10.0,16.2,Partly Cloudy
1709,Từ Ngã Sáu Cộng Hòa đến An Dương Vương,2025-07-21 16:15:00,0,FRC3,33,33,760,760,1,False,10.761156760056346,106.68331581677815,0.0,10.0,16.2,Partly Cloudy
1710,Từ Cầu Nguyễn Văn Cừ đến An Dương Vương,2025-07-21 16:15:00,700,FRC2,35,35,454,454,1,False,10.755556817425111,106.68578400873503,0.0,10.0,16.2,Partly Cloudy
1711,Từ Cầu Nguyễn Văn Cừ đến An Dương Vương,2025-07-21 16:15:00,600,FRC2,35,35,454,454,1,False,10.756358876280022,106.6853232069683,0.0,10.0,16.2,Partly Cloudy
1712,Từ Cầu Nguyễn Văn Cừ đến An Dương Vương,2025-07-21 16:15:00,500,FRC2,35,35,454,454,1,False,10.757138847709548,106.684944289696,0.0,10.0,16.2,Partly Cloudy
1713,Từ Cầu Nguyễn Văn Cừ đến An Dương Vương,2025-07-21 16:15:00,400,FRC2,35,35,454,454,1,False,10.757963133528543,106.68463303622572,0.0,10.0,16.2,Partly Cloudy
1714,Từ Cầu Nguyễn Văn Cừ đến An Dương Vương,2025-07-21 16:15:00,300,FRC2,35,35,454,454,1,False,10.758623446871004,106.68435335919212,0.0,10.0,16.2,Partly Cloudy
1715,Từ Cầu Nguyễn Văn Cừ đến An Dương Vương,2025-07-21 16:15:00,200,FRC6,23,26,738,652,1,False,10.759478749919925,106.68406917123804,0.0,10.0,16.2,Partly Cloudy
1716,Từ Cầu Nguyễn Văn Cừ đến An Dương Vương,2025-07-21 16:15:00,100,FRC2,35,35,454,454,1,False,10.760311892549737,106.68371280856688,0.0,10.0,16.2,Partly Cloudy
1717,Từ Cầu Nguyễn Văn Cừ đến An Dương Vương,2025-07-21 16:15:00,0,FRC2,35,35,454,454,1,False,10.761189348756318,106.68340155509297,0.0,10.0,16.2,Partly Cloudy
1718,Từ Vòng Xoay Trần Phú đến ĐHSP,2025-07-21 16:15:00,1000,FRC4,29,29,198,198,1,False,10.757533515349062,106.67414436746735,0.0,10.0,16.2,Partly Cloudy
1719,Từ Vòng Xoay Trần Phú đến ĐHSP,2025-07-21 16:15:00,900,FRC4,29,29,198,198,1,False,10.757824186413304,106.67502060044893,0.0,10.0,16.2,Partly Cloudy
1720,Từ Vòng Xoay Trần Phú đến ĐHSP,2025-07-21 16:15:00,800,FRC4,29,29,198,198,1,False,10.758126036834728,106.67584372840122,0.0,10.0,16.2,Partly Cloudy
1721,Từ Vòng Xoay Trần Phú đến ĐHSP,2025-07-21 16:15:00,700,FRC4,29,29,198,198,1,False,10.758483785091158,106.67667444278729,0.0,10.0,16.2,Partly Cloudy
1722,Từ Vòng Xoay Trần Phú đến ĐHSP,2025-07-21 16:15:00,600,FRC4,29,29,198,198,1,False,10.758740916389923,106.67733446243443,0.0,10.0,16.2,Partly Cloudy
1723,Từ Vòng Xoay Trần Phú đến ĐHSP,2025-07-21 16:15:00,500,FRC4,28,28,207,207,1,False,10.759121023128003,106.67817276325134,0.0,10.0,16.2,Partly Cloudy
1724,Từ Vòng Xoay Trần Phú đến ĐHSP,2025-07-21 16:15:00,400,FRC4,28,28,207,207,1,False,10.759445231432741,106.6790186505005,0.0,10.0,16.2,Partly Cloudy
1725,Từ Vòng Xoay Trần Phú đến ĐHSP,2025-07-21 16:15:00,300,FRC4,28,28,207,207,1,False,10.759784345493584,106.67986453775157,0.0,10.0,16.2,Partly Cloudy
1726,Từ Vòng Xoay Trần Phú đến ĐHSP,2025-07-21 16:15:00,200,FRC4,28,28,207,207,1,False,10.76013091221701,106.68072559786684,0.0,10.0,16.2,Partly Cloudy
1727,Từ Vòng Xoay Trần Phú đến ĐHSP,2025-07-21 16:15:00,100,FRC4,29,29,198,198,1,False,10.760458845955434,106.6815638986815,0.0,10.0,16.2,Partly Cloudy
1728,Từ Vòng Xoay Trần Phú đến ĐHSP,2025-07-21 16:15:00,0,FRC4,29,29,198,198,1,False,10.760883668675298,106.6826449653469,0.0,10.0,16.2,Partly Cloudy
1729,Từ Ngã Sáu Cộng Hòa đến An Dương Vương,2025-07-21 16:45:00,500,FRC3,33,33,760,760,1,False,10.765163027177051,106.68176325830919,0.0,10.0,16.2,Partly Cloudy
1730,Từ Ngã Sáu Cộng Hòa đến An Dương Vương,2025-07-21 16:45:00,400,FRC3,33,33,760,760,1,False,10.764283334954333,106.68210132878986,0.0,10.0,16.9,Partly Cloudy
1731,Từ Ngã Sáu Cộng Hòa đến An Dương Vương,2025-07-21 16:45:00,300,FRC3,33,33,760,760,1,False,10.763480856227291,106.68240386571111,0.0,10.0,16.9,Partly Cloudy
1732,Từ Ngã Sáu Cộng Hòa đến An Dương Vương,2025-07-21 16:45:00,200,FRC3,33,33,760,760,1,False,10.762642918836454,106.6827364596283,0.0,10.0,16.9,Partly Cloudy
1733,Từ Ngã Sáu Cộng Hòa đến An Dương Vương,2025-07-21 16:45:00,100,FRC3,33,33,760,760,1,False,10.7619261906941,106.68302613820323,0.0,10.0,16.2,Partly Cloudy
1734,Từ Ngã Sáu Cộng Hòa đến An Dương Vương,2025-07-21 16:45:00,0,FRC3,33,33,760,760,1,False,10.761156760056346,106.68331581677815,0.0,10.0,16.2,Partly Cloudy
1735,Từ Cầu Nguyễn Văn Cừ đến An Dương Vương,2025-07-21 16:45:00,700,FRC2,35,35,454,454,1,False,10.755556817425111,106.68578400873503,0.0,10.0,16.9,Partly Cloudy
1736,Từ Cầu Nguyễn Văn Cừ đến An Dương Vương,2025-07-21 16:45:00,600,FRC2,35,35,454,454,1,False,10.756358876280022,106.6853232069683,0.0,10.0,16.2,Partly Cloudy
1737,Từ Cầu Nguyễn Văn Cừ đến An Dương Vương,2025-07-21 16:45:00,500,FRC2,35,35,454,454,1,False,10.757138847709548,106.684944289696,0.0,10.0,16.9,Partly Cloudy
1738,Từ Cầu Nguyễn Văn Cừ đến An Dương Vương,2025-07-21 16:45:00,400,FRC2,35,35,454,454,1,False,10.757963133528543,106.68463303622572,0.0,10.0,16.9,Partly Cloudy
1739,Từ Cầu Nguyễn Văn Cừ đến An Dương Vương,2025-07-21 16:45:00,300,FRC2,35,35,454,454,1,False,10.758623446871004,106.68435335919212,0.0,10.0,16.9,Partly Cloudy
1740,Từ Cầu Nguyễn Văn Cừ đến An Dương Vương,2025-07-21 16:45:00,200,FRC6,27,27,628,628,1,False,10.759478749919925,106.68406917123804,0.0,10.0,16.9,Partly Cloudy
1741,Từ Cầu Nguyễn Văn Cừ đến An Dương Vương,2025-07-21 16:45:00,100,FRC2,35,35,454,454,1,False,10.760311892549737,106.68371280856688,0.0,10.0,16.2,Partly Cloudy
1742,Từ Cầu Nguyễn Văn Cừ đến An Dương Vương,2025-07-21 16:45:00,0,FRC2,35,35,454,454,1,False,10.761189348756318,106.68340155509297,0.0,10.0,16.9,Partly Cloudy
1743,Từ Vòng Xoay Trần Phú đến ĐHSP,2025-07-21 16:45:00,1000,FRC4,29,29,198,198,1,False,10.757533515349062,106.67414436746735,0.0,10.0,16.9,Partly Cloudy
1744,Từ Vòng Xoay Trần Phú đến ĐHSP,2025-07-21 16:45:00,900,FRC4,29,29,198,198,1,False,10.757824186413304,106.67502060044893,0.0,10.0,16.9,Partly Cloudy
1745,Từ Vòng Xoay Trần Phú đến ĐHSP,2025-07-21 16:45:00,800,FRC4,29,29,198,198,1,False,10.758126036834728,106.67584372840122,0.0,10.0,16.2,Partly Cloudy
1746,Từ Vòng Xoay Trần Phú đến ĐHSP,2025-07-21 16:45:00,700,FRC4,29,29,198,198,1,False,10.758483785091158,106.67667444278729,0.0,10.0,16.9,Partly Cloudy
1747,Từ Vòng Xoay Trần Phú đến ĐHSP,2025-07-21 16:45:00,600,FRC4,29,29,198,198,1,False,10.758740916389923,106.67733446243443,0.0,10.0,16.9,Partly Cloudy
1748,Từ Vòng Xoay Trần Phú đến ĐHSP,2025-07-21 16:45:00,500,FRC4,22,28,263,207,0.979651,False,10.759121023128003,106.67817276325134,0.0,10.0,16.9,Partly Cloudy
1749,Từ Vòng Xoay Trần Phú đến ĐHSP,2025-07-21 16:45:00,400,FRC4,22,28,263,207,0.979651,False,10.759445231432741,106.6790186505005,0.0,10.0,16.9,Partly Cloudy
1750,Từ Vòng Xoay Trần Phú đến ĐHSP,2025-07-21 16:45:00,300,FRC4,22,28,263,207,0.979651,False,10.759784345493584,106.67986453775157,0.0,10.0,16.2,Partly Cloudy
1751,Từ Vòng Xoay Trần Phú đến ĐHSP,2025-07-21 16:45:00,200,FRC4,22,28,263,207,0.979651,False,10.76013091221701,106.68072559786684,0.0,10.0,16.9,Partly Cloudy
1752,Từ Vòng Xoay Trần Phú đến ĐHSP,2025-07-21 16:45:00,100,FRC4,29,29,198,198,1,False,10.760458845955434,106.6815638986815,0.0,10.0,16.2,Partly Cloudy
1753,Từ Vòng Xoay Trần Phú đến ĐHSP,2025-07-21 16:45:00,0,FRC4,29,29,198,198,1,False,10.760883668675298,106.6826449653469,0.0,10.0,16.9,Partly Cloudy
1754,Từ Ngã Sáu Cộng Hòa đến An Dương Vương,2025-07-21 17:14:00,500,FRC3,33,33,760,760,1,False,10.765163027177051,106.68176325830919,0.0,10.0,15.5,Clear
1755,Từ Ngã Sáu Cộng Hòa đến An Dương Vương,2025-07-21 17:14:00,400,FRC3,33,33,760,760,1,False,10.764283334954333,106.68210132878986,0.0,10.0,15.5,Clear
1756,Từ Ngã Sáu Cộng Hòa đến An Dương Vương,2025-07-21 17:14:00,300,FRC3,33,33,760,760,1,False,10.763480856227291,106.68240386571111,0.0,10.0,15.5,Clear
1757,Từ Ngã Sáu Cộng Hòa đến An Dương Vương,2025-07-21 17:14:00,200,FRC3,33,33,760,760,1,False,10.762642918836454,106.6827364596283,0.0,10.0,15.5,Clear
1758,Từ Ngã Sáu Cộng Hòa đến An Dương Vương,2025-07-21 17:14:00,100,FRC3,33,33,760,760,1,False,10.7619261906941,106.68302613820323,0.0,10.0,15.5,Clear
1759,Từ Ngã Sáu Cộng Hòa đến An Dương Vương,2025-07-21 17:14:00,0,FRC3,33,33,760,760,1,False,10.761156760056346,106.68331581677815,0.0,10.0,15.5,Clear
1760,Từ Cầu Nguyễn Văn Cừ đến An Dương Vương,2025-07-21 17:14:00,700,FRC2,35,35,454,454,1,False,10.755556817425111,106.68578400873503,0.0,10.0,15.5,Clear
1761,Từ Cầu Nguyễn Văn Cừ đến An Dương Vương,2025-07-21 17:14:00,600,FRC2,35,35,454,454,1,False,10.756358876280022,106.6853232069683,0.0,10.0,15.5,Clear
1762,Từ Cầu Nguyễn Văn Cừ đến An Dương Vương,2025-07-21 17:14:00,500,FRC2,35,35,454,454,1,False,10.757138847709548,106.684944289696,0.0,10.0,15.5,Clear
1763,Từ Cầu Nguyễn Văn Cừ đến An Dương Vương,2025-07-21 17:14:00,400,FRC2,35,35,454,454,1,False,10.757963133528543,106.68463303622572,0.0,10.0,15.5,Clear
1764,Từ Cầu Nguyễn Văn Cừ đến An Dương Vương,2025-07-21 17:14:00,300,FRC2,35,35,454,454,1,False,10.758623446871004,106.68435335919212,0.0,10.0,15.5,Clear
1765,Từ Cầu Nguyễn Văn Cừ đến An Dương Vương,2025-07-21 17:14:00,200,FRC6,27,27,628,628,1,False,10.759478749919925,106.68406917123804,0.0,10.0,15.5,Clear
1766,Từ Cầu Nguyễn Văn Cừ đến An Dương Vương,2025-07-21 17:14:00,100,FRC2,35,35,454,454,1,False,10.760311892549737,106.68371280856688,0.0,10.0,15.5,Clear
1767,Từ Cầu Nguyễn Văn Cừ đến An Dương Vương,2025-07-21 17:14:00,0,FRC2,35,35,454,454,1,False,10.761189348756318,106.68340155509297,0.0,10.0,15.5,Clear
1768,Từ Vòng Xoay Trần Phú đến ĐHSP,2025-07-21 17:14:00,1000,FRC4,24,28,239,205,1,False,10.757533515349062,106.67414436746735,0.0,10.0,15.5,Clear
1769,Từ Vòng Xoay Trần Phú đến ĐHSP,2025-07-21 17:14:00,900,FRC4,24,28,239,205,1,False,10.757824186413304,106.67502060044893,0.0,10.0,15.5,Clear
1770,Từ Vòng Xoay Trần Phú đến ĐHSP,2025-07-21 17:14:00,800,FRC4,24,28,239,205,1,False,10.758126036834728,106.67584372840122,0.0,10.0,15.5,Clear
1771,Từ Vòng Xoay Trần Phú đến ĐHSP,2025-07-21 17:14:00,700,FRC4,24,28,239,205,1,False,10.758483785091158,106.67667444278729,0.0,10.0,15.5,Clear
1772,Từ Vòng Xoay Trần Phú đến ĐHSP,2025-07-21 17:14:00,600,FRC4,24,28,239,205,1,False,10.758740916389923,106.67733446243443,0.0,10.0,15.5,Clear
1773,Từ Vòng Xoay Trần Phú đến ĐHSP,2025-07-21 17:14:00,500,FRC4,28,28,207,207,1,False,10.759121023128003,106.67817276325134,0.0,10.0,15.5,Clear
1774,Từ Vòng Xoay Trần Phú đến ĐHSP,2025-07-21 17:14:00,400,FRC4,28,28,207,207,1,False,10.759445231432741,106.6790186505005,0.0,10.0,15.5,Clear
1775,Từ Vòng Xoay Trần Phú đến ĐHSP,2025-07-21 17:14:00,300,FRC4,28,28,207,207,1,False,10.759784345493584,106.67986453775157,0.0,10.0,15.5,Clear
1776,Từ Vòng Xoay Trần Phú đến ĐHSP,2025-07-21 17:14:00,200,FRC4,28,28,207,207,1,False,10.76013091221701,106.68072559786684,0.0,10.0,15.5,Clear
1777,Từ Vòng Xoay Trần Phú đến ĐHSP,2025-07-21 17:14:00,100,FRC4,24,28,239,205,1,False,10.760458845955434,106.6815638986815,0.0,10.0,15.5,Clear
1778,Từ Vòng Xoay Trần Phú đến ĐHSP,2025-07-21 17:14:00,0,FRC4,24,28,239,205,1,False,10.760883668675298,106.6826449653469,0.0,10.0,15.5,Clear
1779,Từ Ngã Sáu Cộng Hòa đến An Dương Vương,2025-07-21 17:37:00,500,FRC3,33,33,760,760,1,False,10.765163027177051,106.68176325830919,0.0,10.0,15.5,Clear
1780,Từ Ngã Sáu Cộng Hòa đến An Dương Vương,2025-07-21 17:37:00,400,FRC3,33,33,760,760,1,False,10.764283334954333,106.68210132878986,0.0,10.0,15.5,Clear
1781,Từ Ngã Sáu Cộng Hòa đến An Dương Vương,2025-07-21 17:37:00,300,FRC3,33,33,760,760,1,False,10.763480856227291,106.68240386571111,0.0,10.0,15.5,Clear
1782,Từ Ngã Sáu Cộng Hòa đến An Dương Vương,2025-07-21 17:37:00,200,FRC3,33,33,760,760,1,False,10.762642918836454,106.6827364596283,0.0,10.0,15.5,Clear
1783,Từ Ngã Sáu Cộng Hòa đến An Dương Vương,2025-07-21 17:37:00,100,FRC3,33,33,760,760,1,False,10.7619261906941,106.68302613820323,0.0,10.0,15.5,Clear
1784,Từ Ngã Sáu Cộng Hòa đến An Dương Vương,2025-07-21 17:37:00,0,FRC3,33,33,760,760,1,False,10.761156760056346,106.68331581677815,0.0,10.0,15.5,Clear
1785,Từ Cầu Nguyễn Văn Cừ đến An Dương Vương,2025-07-21 17:37:00,700,FRC2,35,35,454,454,1,False,10.755556817425111,106.68578400873503,0.0,10.0,15.5,Clear
1786,Từ Cầu Nguyễn Văn Cừ đến An Dương Vương,2025-07-21 17:37:00,600,FRC2,35,35,454,454,1,False,10.756358876280022,106.6853232069683,0.0,10.0,15.5,Clear
1787,Từ Cầu Nguyễn Văn Cừ đến An Dương Vương,2025-07-21 17:37:00,500,FRC2,35,35,454,454,1,False,10.757138847709548,106.684944289696,0.0,10.0,15.5,Clear
1788,Từ Cầu Nguyễn Văn Cừ đến An Dương Vương,2025-07-21 17:37:00,400,FRC2,35,35,454,454,1,False,10.757963133528543,106.68463303622572,0.0,10.0,15.5,Clear
1789,Từ Cầu Nguyễn Văn Cừ đến An Dương Vương,2025-07-21 17:37:00,300,FRC2,35,35,454,454,1,False,10.758623446871004,106.68435335919212,0.0,10.0,15.5,Clear
1790,Từ Cầu Nguyễn Văn Cừ đến An Dương Vương,2025-07-21 17:37:00,200,FRC6,27,27,628,628,1,False,10.759478749919925,106.68406917123804,0.0,10.0,15.5,Clear
1791,Từ Cầu Nguyễn Văn Cừ đến An Dương Vương,2025-07-21 17:37:00,100,FRC2,35,35,454,454,1,False,10.760311892549737,106.68371280856688,0.0,10.0,15.5,Clear
1792,Từ Cầu Nguyễn Văn Cừ đến An Dương Vương,2025-07-21 17:37:00,0,FRC2,35,35,454,454,1,False,10.761189348756318,106.68340155509297,0.0,10.0,15.5,Clear
1793,Từ Vòng Xoay Trần Phú đến ĐHSP,2025-07-21 17:37:00,1000,FRC4,29,29,198,198,1,False,10.757533515349062,106.67414436746735,0.0,10.0,15.5,Clear
1794,Từ Vòng Xoay Trần Phú đến ĐHSP,2025-07-21 17:37:00,900,FRC4,29,29,198,198,1,False,10.757824186413304,106.67502060044893,0.0,10.0,15.5,Clear
1795,Từ Vòng Xoay Trần Phú đến ĐHSP,2025-07-21 17:37:00,800,FRC4,29,29,198,198,1,False,10.758126036834728,106.67584372840122,0.0,10.0,15.5,Clear
1796,Từ Vòng Xoay Trần Phú đến ĐHSP,2025-07-21 17:37:00,700,FRC4,29,29,198,198,1,False,10.758483785091158,106.67667444278729,0.0,10.0,15.5,Clear
1797,Từ Vòng Xoay Trần Phú đến ĐHSP,2025-07-21 17:37:00,600,FRC4,29,29,198,198,1,False,10.758740916389923,106.67733446243443,0.0,10.0,15.5,Clear
1798,Từ Vòng Xoay Trần Phú đến ĐHSP,2025-07-21 17:37:00,500,FRC4,22,28,263,207,0.988079,False,10.759121023128003,106.67817276325134,0.0,10.0,15.5,Clear
1799,Từ Vòng Xoay Trần Phú đến ĐHSP,2025-07-21 17:37:00,400,FRC4,22,28,263,207,0.988079,False,10.759445231432741,106.6790186505005,0.0,10.0,15.5,Clear
1800,Từ Vòng Xoay Trần Phú đến ĐHSP,2025-07-21 17:37:00,300,FRC4,22,28,263,207,0.988079,False,10.759784345493584,106.67986453775157,0.0,10.0,15.5,Clear
1801,Từ Vòng Xoay Trần Phú đến ĐHSP,2025-07-21 17:37:00,200,FRC4,22,28,263,207,0.988079,False,10.76013091221701,106.68072559786684,0.0,10.0,15.5,Clear
1802,Từ Vòng Xoay Trần Phú đến ĐHSP,2025-07-21 17:37:00,100,FRC4,29,29,198,198,1,False,10.760458845955434,106.6815638986815,0.0,10.0,15.5,Clear
1803,Từ Vòng Xoay Trần Phú đến ĐHSP,2025-07-21 17:37:00,0,FRC4,29,29,198,198,1,False,10.760883668675298,106.6826449653469,0.0,10.0,15.5,Clear
1804,Từ Ngã Sáu Cộng Hòa đến An Dương Vương,2025-07-21 17:52:00,500,FRC3,33,33,760,760,1,False,10.765163027177051,106.68176325830919,0.0,10.0,15.5,Clear
1805,Từ Ngã Sáu Cộng Hòa đến An Dương Vương,2025-07-21 17:52:00,400,FRC3,33,33,760,760,1,False,10.764283334954333,106.68210132878986,0.0,10.0,15.5,Clear
1806,Từ Ngã Sáu Cộng Hòa đến An Dương Vương,2025-07-21 17:52:00,300,FRC3,33,33,760,760,1,False,10.763480856227291,106.68240386571111,0.0,10.0,15.5,Clear
1807,Từ Ngã Sáu Cộng Hòa đến An Dương Vương,2025-07-21 17:52:00,200,FRC3,33,33,760,760,1,False,10.762642918836454,106.6827364596283,0.0,10.0,15.5,Clear
1808,Từ Ngã Sáu Cộng Hòa đến An Dương Vương,2025-07-21 17:52:00,100,FRC3,33,33,760,760,1,False,10.7619261906941,106.68302613820323,0.0,10.0,15.5,Clear
1809,Từ Ngã Sáu Cộng Hòa đến An Dương Vương,2025-07-21 17:52:00,0,FRC3,33,33,760,760,1,False,10.761156760056346,106.68331581677815,0.0,10.0,15.5,Clear
1810,Từ Cầu Nguyễn Văn Cừ đến An Dương Vương,2025-07-21 17:52:00,700,FRC2,35,35,454,454,1,False,10.755556817425111,106.68578400873503,0.0,10.0,15.5,Clear
1811,Từ Cầu Nguyễn Văn Cừ đến An Dương Vương,2025-07-21 17:52:00,600,FRC2,35,35,454,454,1,False,10.756358876280022,106.6853232069683,0.0,10.0,15.5,Clear
1812,Từ Cầu Nguyễn Văn Cừ đến An Dương Vương,2025-07-21 17:52:00,500,FRC2,35,35,454,454,1,False,10.757138847709548,106.684944289696,0.0,10.0,15.5,Clear
1813,Từ Cầu Nguyễn Văn Cừ đến An Dương Vương,2025-07-21 17:52:00,400,FRC2,35,35,454,454,1,False,10.757963133528543,106.68463303622572,0.0,10.0,15.5,Clear
1814,Từ Cầu Nguyễn Văn Cừ đến An Dương Vương,2025-07-21 17:52:00,300,FRC2,35,35,454,454,1,False,10.758623446871004,106.68435335919212,0.0,10.0,15.5,Clear
1815,Từ Cầu Nguyễn Văn Cừ đến An Dương Vương,2025-07-21 17:52:00,200,FRC6,27,27,628,628,1,False,10.759478749919925,106.68406917123804,0.0,10.0,15.5,Clear
1816,Từ Cầu Nguyễn Văn Cừ đến An Dương Vương,2025-07-21 17:52:00,100,FRC2,35,35,454,454,1,False,10.760311892549737,106.68371280856688,0.0,10.0,15.5,Clear
1817,Từ Cầu Nguyễn Văn Cừ đến An Dương Vương,2025-07-21 17:52:00,0,FRC2,35,35,454,454,1,False,10.761189348756318,106.68340155509297,0.0,10.0,15.5,Clear
1818,Từ Vòng Xoay Trần Phú đến ĐHSP,2025-07-21 17:52:00,1000,FRC4,29,29,198,198,1,False,10.757533515349062,106.67414436746735,0.0,10.0,15.5,Clear
1819,Từ Vòng Xoay Trần Phú đến ĐHSP,2025-07-21 17:52:00,900,FRC4,29,29,198,198,1,False,10.757824186413304,106.67502060044893,0.0,10.0,15.5,Clear
1820,Từ Vòng Xoay Trần Phú đến ĐHSP,2025-07-21 17:52:00,800,FRC4,29,29,198,198,1,False,10.758126036834728,106.67584372840122,0.0,10.0,15.5,Clear
1821,Từ Vòng Xoay Trần Phú đến ĐHSP,2025-07-21 17:52:00,700,FRC4,29,29,198,198,1,False,10.758483785091158,106.67667444278729,0.0,10.0,15.5,Clear
1822,Từ Vòng Xoay Trần Phú đến ĐHSP,2025-07-21 17:52:00,600,FRC4,29,29,198,198,1,False,10.758740916389923,106.67733446243443,0.0,10.0,15.5,Clear
1823,Từ Vòng Xoay Trần Phú đến ĐHSP,2025-07-21 17:52:00,500,FRC4,20,28,289,207,0.968385,False,10.759121023128003,106.67817276325134,0.0,10.0,15.5,Clear
1824,Từ Vòng Xoay Trần Phú đến ĐHSP,2025-07-21 17:52:00,400,FRC4,20,28,289,207,0.968385,False,10.759445231432741,106.6790186505005,0.0,10.0,15.5,Clear
1825,Từ Vòng Xoay Trần Phú đến ĐHSP,2025-07-21 17:52:00,300,FRC4,20,28,289,207,0.968385,False,10.759784345493584,106.67986453775157,0.0,10.0,15.5,Clear
1826,Từ Vòng Xoay Trần Phú đến ĐHSP,2025-07-21 17:52:00,200,FRC4,20,28,289,207,0.968385,False,10.76013091221701,106.68072559786684,0.0,10.0,15.5,Clear
1827,Từ Vòng Xoay Trần Phú đến ĐHSP,2025-07-21 17:52:00,100,FRC4,29,29,198,198,1,False,10.760458845955434,106.6815638986815,0.0,10.0,15.5,Clear
1828,Từ Vòng Xoay Trần Phú đến ĐHSP,2025-07-21 17:52:00,0,FRC4,29,29,198,198,1,False,10.760883668675298,106.6826449653469,0.0,10.0,15.5,Clear
1829,Từ Ngã Sáu Cộng Hòa đến An Dương Vương,2025-07-22 06:24:00,500,FRC3,24,33,1046,760,1,False,10.765163027177051,106.68176325830919,0.0,10.0,29.2,Partly cloudy
1830,Từ Ngã Sáu Cộng Hòa đến An Dương Vương,2025-07-22 06:24:00,400,FRC3,24,33,1046,760,1,False,10.764283334954333,106.68210132878986,0.0,10.0,29.2,Partly cloudy
1831,Từ Ngã Sáu Cộng Hòa đến An Dương Vương,2025-07-22 06:24:00,300,FRC3,24,33,1046,760,1,False,10.763480856227291,106.68240386571111,0.0,10.0,29.2,Partly cloudy
1832,Từ Ngã Sáu Cộng Hòa đến An Dương Vương,2025-07-22 06:24:00,200,FRC3,24,33,1046,760,1,False,10.762642918836454,106.6827364596283,0.0,10.0,29.2,Partly cloudy
1833,Từ Ngã Sáu Cộng Hòa đến An Dương Vương,2025-07-22 06:24:00,100,FRC3,24,33,1046,760,1,False,10.7619261906941,106.68302613820323,0.0,10.0,29.2,Partly cloudy
1834,Từ Ngã Sáu Cộng Hòa đến An Dương Vương,2025-07-22 06:24:00,0,FRC3,24,33,1046,760,1,False,10.761156760056346,106.68331581677815,0.0,10.0,29.2,Partly cloudy
1835,Từ Cầu Nguyễn Văn Cừ đến An Dương Vương,2025-07-22 06:24:00,700,FRC2,27,35,589,454,1,False,10.755556817425111,106.68578400873503,0.0,10.0,29.2,Partly cloudy
1836,Từ Cầu Nguyễn Văn Cừ đến An Dương Vương,2025-07-22 06:24:00,600,FRC2,27,35,589,454,1,False,10.756358876280022,106.6853232069683,0.0,10.0,29.2,Partly cloudy
1837,Từ Cầu Nguyễn Văn Cừ đến An Dương Vương,2025-07-22 06:24:00,500,FRC2,27,35,589,454,1,False,10.757138847709548,106.684944289696,0.0,10.0,29.2,Partly cloudy
1838,Từ Cầu Nguyễn Văn Cừ đến An Dương Vương,2025-07-22 06:24:00,400,FRC2,27,35,589,454,1,False,10.757963133528543,106.68463303622572,0.0,10.0,29.2,Partly cloudy
1839,Từ Cầu Nguyễn Văn Cừ đến An Dương Vương,2025-07-22 06:24:00,300,FRC2,27,35,589,454,1,False,10.758623446871004,106.68435335919212,0.0,10.0,29.2,Partly cloudy
1840,Từ Cầu Nguyễn Văn Cừ đến An Dương Vương,2025-07-22 06:24:00,200,FRC6,21,26,808,652,1,False,10.759478749919925,106.68406917123804,0.0,10.0,29.2,Partly cloudy
1841,Từ Cầu Nguyễn Văn Cừ đến An Dương Vương,2025-07-22 06:24:00,100,FRC2,27,35,589,454,1,False,10.760311892549737,106.68371280856688,0.0,10.0,29.2,Partly cloudy
1842,Từ Cầu Nguyễn Văn Cừ đến An Dương Vương,2025-07-22 06:24:00,0,FRC2,27,35,589,454,1,False,10.761189348756318,106.68340155509297,0.0,10.0,29.2,Partly cloudy
1843,Từ Vòng Xoay Trần Phú đến ĐHSP,2025-07-22 06:24:00,1000,FRC4,21,28,273,205,1,False,10.757533515349062,106.67414436746735,0.0,10.0,29.2,Partly cloudy
1844,Từ Vòng Xoay Trần Phú đến ĐHSP,2025-07-22 06:24:00,900,FRC4,21,28,273,205,1,False,10.757824186413304,106.67502060044893,0.0,10.0,29.2,Partly cloudy
1845,Từ Vòng Xoay Trần Phú đến ĐHSP,2025-07-22 06:24:00,800,FRC4,21,28,273,205,1,False,10.758126036834728,106.67584372840122,0.0,10.0,29.2,Partly cloudy
1846,Từ Vòng Xoay Trần Phú đến ĐHSP,2025-07-22 06:24:00,700,FRC4,21,28,273,205,1,False,10.758483785091158,106.67667444278729,0.0,10.0,29.2,Partly cloudy
1847,Từ Vòng Xoay Trần Phú đến ĐHSP,2025-07-22 06:24:00,600,FRC4,21,28,273,205,1,False,10.758740916389923,106.67733446243443,0.0,10.0,29.2,Partly cloudy
1848,Từ Vòng Xoay Trần Phú đến ĐHSP,2025-07-22 06:24:00,500,FRC4,24,27,241,214,0.998091,False,10.759121023128003,106.67817276325134,0.0,10.0,29.2,Partly cloudy
1849,Từ Vòng Xoay Trần Phú đến ĐHSP,2025-07-22 06:24:00,400,FRC4,24,27,241,214,0.998091,False,10.759445231432741,106.6790186505005,0.0,10.0,29.2,Partly cloudy
1850,Từ Vòng Xoay Trần Phú đến ĐHSP,2025-07-22 06:24:00,300,FRC4,24,27,241,214,0.998091,False,10.759784345493584,106.67986453775157,0.0,10.0,29.2,Partly cloudy
1851,Từ Vòng Xoay Trần Phú đến ĐHSP,2025-07-22 06:24:00,200,FRC4,24,27,241,214,0.998091,False,10.76013091221701,106.68072559786684,0.0,10.0,29.2,Partly cloudy
1852,Từ Vòng Xoay Trần Phú đến ĐHSP,2025-07-22 06:24:00,100,FRC4,21,28,273,205,1,False,10.760458845955434,106.6815638986815,0.0,10.0,29.2,Partly cloudy
1853,Từ Vòng Xoay Trần Phú đến ĐHSP,2025-07-22 06:24:00,0,FRC4,21,28,273,205,1,False,10.760883668675298,106.6826449653469,0.0,10.0,29.2,Partly cloudy
1879,Từ Ngã Sáu Cộng Hòa đến An Dương Vương,2025-07-22 07:19:00,500,FRC3,23,33,1091,760,1,False,10.765163027177051,106.68176325830919,0.0,10.0,29.5,Light rain
1880,Từ Ngã Sáu Cộng Hòa đến An Dương Vương,2025-07-22 07:19:00,400,FRC3,23,33,1091,760,1,False,10.764283334954333,106.68210132878986,0.0,10.0,29.5,Light rain
1881,Từ Ngã Sáu Cộng Hòa đến An Dương Vương,2025-07-22 07:19:00,300,FRC3,23,33,1091,760,1,False,10.763480856227291,106.68240386571111,0.0,10.0,29.5,Light rain
1882,Từ Ngã Sáu Cộng Hòa đến An Dương Vương,2025-07-22 07:19:00,200,FRC3,23,33,1091,760,1,False,10.762642918836454,106.6827364596283,0.0,10.0,29.5,Light rain
1883,Từ Ngã Sáu Cộng Hòa đến An Dương Vương,2025-07-22 07:19:00,100,FRC3,23,33,1091,760,1,False,10.7619261906941,106.68302613820323,0.0,10.0,29.5,Light rain
1884,Từ Ngã Sáu Cộng Hòa đến An Dương Vương,2025-07-22 07:19:00,0,FRC3,23,33,1091,760,1,False,10.761156760056346,106.68331581677815,0.0,10.0,29.5,Light rain
1885,Từ Cầu Nguyễn Văn Cừ đến An Dương Vương,2025-07-22 07:19:00,700,FRC2,26,34,611,467,1,False,10.755556817425111,106.68578400873503,0.0,10.0,29.5,Light rain
1886,Từ Cầu Nguyễn Văn Cừ đến An Dương Vương,2025-07-22 07:19:00,600,FRC2,26,34,611,467,1,False,10.756358876280022,106.6853232069683,0.0,10.0,29.5,Light rain
1887,Từ Cầu Nguyễn Văn Cừ đến An Dương Vương,2025-07-22 07:19:00,500,FRC2,26,34,611,467,1,False,10.757138847709548,106.684944289696,0.0,10.0,29.5,Light rain
1888,Từ Cầu Nguyễn Văn Cừ đến An Dương Vương,2025-07-22 07:19:00,400,FRC2,26,34,611,467,1,False,10.757963133528543,106.68463303622572,0.0,10.0,29.5,Light rain
1889,Từ Cầu Nguyễn Văn Cừ đến An Dương Vương,2025-07-22 07:19:00,300,FRC2,26,34,611,467,1,False,10.758623446871004,106.68435335919212,0.0,10.0,29.5,Light rain
1890,Từ Cầu Nguyễn Văn Cừ đến An Dương Vương,2025-07-22 07:19:00,200,FRC6,17,26,998,652,1,False,10.759478749919925,106.68406917123804,0.0,10.0,29.5,Light rain
1891,Từ Cầu Nguyễn Văn Cừ đến An Dương Vương,2025-07-22 07:19:00,100,FRC2,26,34,611,467,1,False,10.760311892549737,106.68371280856688,0.0,10.0,29.5,Light rain
1892,Từ Cầu Nguyễn Văn Cừ đến An Dương Vương,2025-07-22 07:19:00,0,FRC2,26,34,611,467,1,False,10.761189348756318,106.68340155509297,0.0,10.0,29.5,Light rain
1893,Từ Vòng Xoay Trần Phú đến ĐHSP,2025-07-22 07:19:00,1000,FRC4,21,28,273,205,1,False,10.757533515349062,106.67414436746735,0.0,10.0,29.5,Light rain
1894,Từ Vòng Xoay Trần Phú đến ĐHSP,2025-07-22 07:19:00,900,FRC4,21,28,273,205,1,False,10.757824186413304,106.67502060044893,0.0,10.0,29.5,Light rain
1895,Từ Vòng Xoay Trần Phú đến ĐHSP,2025-07-22 07:19:00,800,FRC4,21,28,273,205,1,False,10.758126036834728,106.67584372840122,0.0,10.0,29.5,Light rain
1896,Từ Vòng Xoay Trần Phú đến ĐHSP,2025-07-22 07:19:00,700,FRC4,21,28,273,205,1,False,10.758483785091158,106.67667444278729,0.0,10.0,29.5,Light rain
1897,Từ Vòng Xoay Trần Phú đến ĐHSP,2025-07-22 07:19:00,600,FRC4,21,28,273,205,1,False,10.758740916389923,106.67733446243443,0.0,10.0,29.5,Light rain
1898,Từ Vòng Xoay Trần Phú đến ĐHSP,2025-07-22 07:19:00,500,FRC4,18,28,322,207,0.998085,False,10.759121023128003,106.67817276325134,0.0,10.0,29.5,Light rain
1899,Từ Vòng Xoay Trần Phú đến ĐHSP,2025-07-22 07:19:00,400,FRC4,18,28,322,207,0.998085,False,10.759445231432741,106.6790186505005,0.0,10.0,29.5,Light rain
1900,Từ Vòng Xoay Trần Phú đến ĐHSP,2025-07-22 07:19:00,300,FRC4,18,28,322,207,0.998085,False,10.759784345493584,106.67986453775157,0.0,10.0,29.5,Light rain
1901,Từ Vòng Xoay Trần Phú đến ĐHSP,2025-07-22 07:19:00,200,FRC4,18,28,322,207,0.998085,False,10.76013091221701,106.68072559786684,0.0,10.0,29.5,Light rain
1902,Từ Vòng Xoay Trần Phú đến ĐHSP,2025-07-22 07:19:00,100,FRC4,21,28,273,205,1,False,10.760458845955434,106.6815638986815,0.0,10.0,29.5,Light rain
1903,Từ Vòng Xoay Trần Phú đến ĐHSP,2025-07-22 07:19:00,0,FRC4,21,28,273,205,1,False,10.760883668675298,106.6826449653469,0.0,10.0,29.5,Light rain
1904,Từ Ngã Sáu Cộng Hòa đến An Dương Vương,2025-07-22 07:42:00,500,FRC3,22,32,1141,784,1,False,10.765163027177051,106.68176325830919,0.0,10.0,29.5,Moderate rain
1905,Từ Ngã Sáu Cộng Hòa đến An Dương Vương,2025-07-22 07:42:00,400,FRC3,22,32,1141,784,1,False,10.764283334954333,106.68210132878986,0.0,10.0,29.5,Moderate rain
1906,Từ Ngã Sáu Cộng Hòa đến An Dương Vương,2025-07-22 07:42:00,300,FRC3,22,32,1141,784,1,False,10.763480856227291,106.68240386571111,0.0,10.0,29.5,Moderate rain
1907,Từ Ngã Sáu Cộng Hòa đến An Dương Vương,2025-07-22 07:42:00,200,FRC3,22,32,1141,784,1,False,10.762642918836454,106.6827364596283,0.0,10.0,29.5,Moderate rain
1908,Từ Ngã Sáu Cộng Hòa đến An Dương Vương,2025-07-22 07:42:00,100,FRC3,22,32,1141,784,1,False,10.7619261906941,106.68302613820323,0.0,10.0,29.5,Moderate rain
1909,Từ Ngã Sáu Cộng Hòa đến An Dương Vương,2025-07-22 07:42:00,0,FRC3,22,32,1141,784,1,False,10.761156760056346,106.68331581677815,0.0,10.0,29.5,Moderate rain
1910,Từ Cầu Nguyễn Văn Cừ đến An Dương Vương,2025-07-22 07:42:00,700,FRC2,26,34,611,467,1,False,10.755556817425111,106.68578400873503,0.0,10.0,29.5,Moderate rain
1911,Từ Cầu Nguyễn Văn Cừ đến An Dương Vương,2025-07-22 07:42:00,600,FRC2,26,34,611,467,1,False,10.756358876280022,106.6853232069683,0.0,10.0,29.5,Moderate rain
1912,Từ Cầu Nguyễn Văn Cừ đến An Dương Vương,2025-07-22 07:42:00,500,FRC2,26,34,611,467,1,False,10.757138847709548,106.684944289696,0.0,10.0,29.5,Moderate rain
1913,Từ Cầu Nguyễn Văn Cừ đến An Dương Vương,2025-07-22 07:42:00,400,FRC2,26,34,611,467,1,False,10.757963133528543,106.68463303622572,0.0,10.0,29.5,Moderate rain
1914,Từ Cầu Nguyễn Văn Cừ đến An Dương Vương,2025-07-22 07:42:00,300,FRC2,26,34,611,467,1,False,10.758623446871004,106.68435335919212,0.0,10.0,29.5,Moderate rain
1915,Từ Cầu Nguyễn Văn Cừ đến An Dương Vương,2025-07-22 07:42:00,200,FRC6,18,26,943,652,1,False,10.759478749919925,106.68406917123804,0.0,10.0,29.5,Moderate rain
1916,Từ Cầu Nguyễn Văn Cừ đến An Dương Vương,2025-07-22 07:42:00,100,FRC2,26,34,611,467,1,False,10.760311892549737,106.68371280856688,0.0,10.0,29.5,Moderate rain
1917,Từ Cầu Nguyễn Văn Cừ đến An Dương Vương,2025-07-22 07:42:00,0,FRC2,26,34,611,467,1,False,10.761189348756318,106.68340155509297,0.0,10.0,29.5,Moderate rain
1918,Từ Vòng Xoay Trần Phú đến ĐHSP,2025-07-22 07:42:00,1000,FRC4,21,28,273,205,1,False,10.757533515349062,106.67414436746735,0.0,10.0,29.5,Moderate rain
1919,Từ Vòng Xoay Trần Phú đến ĐHSP,2025-07-22 07:42:00,900,FRC4,21,28,273,205,1,False,10.757824186413304,106.67502060044893,0.0,10.0,29.5,Moderate rain
1920,Từ Vòng Xoay Trần Phú đến ĐHSP,2025-07-22 07:42:00,800,FRC4,21,28,273,205,1,False,10.758126036834728,106.67584372840122,0.0,10.0,29.5,Moderate rain
1921,Từ Vòng Xoay Trần Phú đến ĐHSP,2025-07-22 07:42:00,700,FRC4,21,28,273,205,1,False,10.758483785091158,106.67667444278729,0.0,10.0,29.5,Moderate rain
1922,Từ Vòng Xoay Trần Phú đến ĐHSP,2025-07-22 07:42:00,600,FRC4,21,28,273,205,1,False,10.758740916389923,106.67733446243443,0.0,10.0,29.5,Moderate rain
1923,Từ Vòng Xoay Trần Phú đến ĐHSP,2025-07-22 07:42:00,500,FRC4,18,28,322,207,0.998079,False,10.759121023128003,106.67817276325134,0.0,10.0,29.5,Moderate rain
1924,Từ Vòng Xoay Trần Phú đến ĐHSP,2025-07-22 07:42:00,400,FRC4,18,28,322,207,0.998079,False,10.759445231432741,106.6790186505005,0.0,10.0,29.5,Moderate rain
1925,Từ Vòng Xoay Trần Phú đến ĐHSP,2025-07-22 07:42:00,300,FRC4,18,28,322,207,0.998079,False,10.759784345493584,106.67986453775157,0.0,10.0,29.5,Moderate rain
1926,Từ Vòng Xoay Trần Phú đến ĐHSP,2025-07-22 07:42:00,200,FRC4,18,28,322,207,0.998079,False,10.76013091221701,106.68072559786684,0.0,10.0,29.5,Moderate rain
1927,Từ Vòng Xoay Trần Phú đến ĐHSP,2025-07-22 07:42:00,100,FRC4,21,28,273,205,1,False,10.760458845955434,106.6815638986815,0.0,10.0,29.5,Moderate rain
1928,Từ Vòng Xoay Trần Phú đến ĐHSP,2025-07-22 07:42:00,0,FRC4,21,28,273,205,1,False,10.760883668675298,106.6826449653469,0.0,10.0,29.5,Moderate rain
1929,Từ Ngã Sáu Cộng Hòa đến An Dương Vương,2025-07-22 07:52:00,500,FRC3,22,33,1141,760,1,False,10.765163027177051,106.68176325830919,0.0,10.0,29.5,Partly cloudy
1930,Từ Ngã Sáu Cộng Hòa đến An Dương Vương,2025-07-22 07:52:00,400,FRC3,22,33,1141,760,1,False,10.764283334954333,106.68210132878986,0.0,10.0,29.5,Partly cloudy
1931,Từ Ngã Sáu Cộng Hòa đến An Dương Vương,2025-07-22 07:52:00,300,FRC3,22,33,1141,760,1,False,10.763480856227291,106.68240386571111,0.0,10.0,29.5,Partly cloudy
1932,Từ Ngã Sáu Cộng Hòa đến An Dương Vương,2025-07-22 07:52:00,200,FRC3,22,33,1141,760,1,False,10.762642918836454,106.6827364596283,0.0,10.0,29.5,Partly cloudy
1933,Từ Ngã Sáu Cộng Hòa đến An Dương Vương,2025-07-22 07:52:00,100,FRC3,22,33,1141,760,1,False,10.7619261906941,106.68302613820323,0.0,10.0,29.5,Partly cloudy
1934,Từ Ngã Sáu Cộng Hòa đến An Dương Vương,2025-07-22 07:52:00,0,FRC3,22,33,1141,760,1,False,10.761156760056346,106.68331581677815,0.0,10.0,29.5,Partly cloudy
1935,Từ Cầu Nguyễn Văn Cừ đến An Dương Vương,2025-07-22 07:52:00,700,FRC2,27,35,589,454,1,False,10.755556817425111,106.68578400873503,0.0,10.0,29.5,Partly cloudy
1936,Từ Cầu Nguyễn Văn Cừ đến An Dương Vương,2025-07-22 07:52:00,600,FRC2,27,35,589,454,1,False,10.756358876280022,106.6853232069683,0.0,10.0,29.5,Partly cloudy
1937,Từ Cầu Nguyễn Văn Cừ đến An Dương Vương,2025-07-22 07:52:00,500,FRC2,27,35,589,454,1,False,10.757138847709548,106.684944289696,0.0,10.0,29.5,Partly cloudy
1938,Từ Cầu Nguyễn Văn Cừ đến An Dương Vương,2025-07-22 07:52:00,400,FRC2,27,35,589,454,1,False,10.757963133528543,106.68463303622572,0.0,10.0,29.5,Partly cloudy
1939,Từ Cầu Nguyễn Văn Cừ đến An Dương Vương,2025-07-22 07:52:00,300,FRC2,27,35,589,454,1,False,10.758623446871004,106.68435335919212,0.0,10.0,29.5,Partly cloudy
1940,Từ Cầu Nguyễn Văn Cừ đến An Dương Vương,2025-07-22 07:52:00,200,FRC6,20,26,848,652,1,False,10.759478749919925,106.68406917123804,0.0,10.0,29.5,Partly cloudy
1941,Từ Cầu Nguyễn Văn Cừ đến An Dương Vương,2025-07-22 07:52:00,100,FRC2,27,35,589,454,1,False,10.760311892549737,106.68371280856688,0.0,10.0,29.5,Partly cloudy
1942,Từ Cầu Nguyễn Văn Cừ đến An Dương Vương,2025-07-22 07:52:00,0,FRC2,27,35,589,454,1,False,10.761189348756318,106.68340155509297,0.0,10.0,29.5,Partly cloudy
1943,Từ Vòng Xoay Trần Phú đến ĐHSP,2025-07-22 07:52:00,1000,FRC4,21,28,273,205,1,False,10.757533515349062,106.67414436746735,0.0,10.0,29.5,Partly cloudy
1944,Từ Vòng Xoay Trần Phú đến ĐHSP,2025-07-22 07:52:00,900,FRC4,21,28,273,205,1,False,10.757824186413304,106.67502060044893,0.0,10.0,29.5,Partly cloudy
1945,Từ Vòng Xoay Trần Phú đến ĐHSP,2025-07-22 07:52:00,800,FRC4,21,28,273,205,1,False,10.758126036834728,106.67584372840122,0.0,10.0,29.5,Partly cloudy
1946,Từ Vòng Xoay Trần Phú đến ĐHSP,2025-07-22 07:52:00,700,FRC4,21,28,273,205,1,False,10.758483785091158,106.67667444278729,0.0,10.0,29.5,Partly cloudy
1947,Từ Vòng Xoay Trần Phú đến ĐHSP,2025-07-22 07:52:00,600,FRC4,21,28,273,205,1,False,10.758740916389923,106.67733446243443,0.0,10.0,29.5,Partly cloudy
1948,Từ Vòng Xoay Trần Phú đến ĐHSP,2025-07-22 07:52:00,500,FRC4,19,28,305,207,0.993549,False,10.759121023128003,106.67817276325134,0.0,10.0,29.5,Partly cloudy
1949,Từ Vòng Xoay Trần Phú đến ĐHSP,2025-07-22 07:52:00,400,FRC4,19,28,305,207,0.993549,False,10.759445231432741,106.6790186505005,0.0,10.0,29.5,Partly cloudy
1950,Từ Vòng Xoay Trần Phú đến ĐHSP,2025-07-22 07:52:00,300,FRC4,19,28,305,207,0.993549,False,10.759784345493584,106.67986453775157,0.0,10.0,29.5,Partly cloudy
1951,Từ Vòng Xoay Trần Phú đến ĐHSP,2025-07-22 07:52:00,200,FRC4,19,28,305,207,0.993549,False,10.76013091221701,106.68072559786684,0.0,10.0,29.5,Partly cloudy
1952,Từ Vòng Xoay Trần Phú đến ĐHSP,2025-07-22 07:52:00,100,FRC4,21,28,273,205,1,False,10.760458845955434,106.6815638986815,0.0,10.0,29.5,Partly cloudy
1953,Từ Vòng Xoay Trần Phú đến ĐHSP,2025-07-22 07:52:00,0,FRC4,21,28,273,205,1,False,10.760883668675298,106.6826449653469,0.0,10.0,29.5,Partly cloudy
1954,Từ Ngã Sáu Cộng Hòa đến An Dương Vương,2025-07-22 08:22:00,500,FRC3,22,33,1141,760,1,False,10.765163027177051,106.68176325830919,0.0,10.0,28.8,Partly cloudy
1955,Từ Ngã Sáu Cộng Hòa đến An Dương Vương,2025-07-22 08:22:00,400,FRC3,22,33,1141,760,1,False,10.764283334954333,106.68210132878986,0.0,10.0,28.8,Partly cloudy
1956,Từ Ngã Sáu Cộng Hòa đến An Dương Vương,2025-07-22 08:22:00,300,FRC3,22,33,1141,760,1,False,10.763480856227291,106.68240386571111,0.0,10.0,28.8,Partly cloudy
1957,Từ Ngã Sáu Cộng Hòa đến An Dương Vương,2025-07-22 08:22:00,200,FRC3,22,33,1141,760,1,False,10.762642918836454,106.6827364596283,0.0,10.0,28.8,Partly cloudy
1958,Từ Ngã Sáu Cộng Hòa đến An Dương Vương,2025-07-22 08:22:00,100,FRC3,22,33,1141,760,1,False,10.7619261906941,106.68302613820323,0.0,10.0,28.8,Partly cloudy
1959,Từ Ngã Sáu Cộng Hòa đến An Dương Vương,2025-07-22 08:22:00,0,FRC3,22,33,1141,760,1,False,10.761156760056346,106.68331581677815,0.0,10.0,28.8,Partly cloudy
1960,Từ Cầu Nguyễn Văn Cừ đến An Dương Vương,2025-07-22 08:22:00,700,FRC2,25,34,636,467,1,False,10.755556817425111,106.68578400873503,0.0,10.0,28.8,Partly cloudy
1961,Từ Cầu Nguyễn Văn Cừ đến An Dương Vương,2025-07-22 08:22:00,600,FRC2,25,34,636,467,1,False,10.756358876280022,106.6853232069683,0.0,10.0,28.8,Partly cloudy
1962,Từ Cầu Nguyễn Văn Cừ đến An Dương Vương,2025-07-22 08:22:00,500,FRC2,25,34,636,467,1,False,10.757138847709548,106.684944289696,0.0,10.0,28.8,Partly cloudy
1963,Từ Cầu Nguyễn Văn Cừ đến An Dương Vương,2025-07-22 08:22:00,400,FRC2,25,34,636,467,1,False,10.757963133528543,106.68463303622572,0.0,10.0,28.8,Partly cloudy
1964,Từ Cầu Nguyễn Văn Cừ đến An Dương Vương,2025-07-22 08:22:00,300,FRC2,25,34,636,467,1,False,10.758623446871004,106.68435335919212,0.0,10.0,28.8,Partly cloudy
1965,Từ Cầu Nguyễn Văn Cừ đến An Dương Vương,2025-07-22 08:22:00,200,FRC6,20,26,848,652,1,False,10.759478749919925,106.68406917123804,0.0,10.0,28.8,Partly cloudy
1966,Từ Cầu Nguyễn Văn Cừ đến An Dương Vương,2025-07-22 08:22:00,100,FRC2,25,34,636,467,1,False,10.760311892549737,106.68371280856688,0.0,10.0,28.8,Partly cloudy
1967,Từ Cầu Nguyễn Văn Cừ đến An Dương Vương,2025-07-22 08:22:00,0,FRC2,25,34,636,467,1,False,10.761189348756318,106.68340155509297,0.0,10.0,28.8,Partly cloudy
1968,Từ Vòng Xoay Trần Phú đến ĐHSP,2025-07-22 08:22:00,1000,FRC4,21,28,273,205,1,False,10.757533515349062,106.67414436746735,0.0,10.0,28.8,Partly cloudy
1969,Từ Vòng Xoay Trần Phú đến ĐHSP,2025-07-22 08:22:00,900,FRC4,20,27,287,212,1,False,10.757824186413304,106.67502060044893,0.0,10.0,28.8,Partly cloudy
1970,Từ Vòng Xoay Trần Phú đến ĐHSP,2025-07-22 08:22:00,800,FRC4,20,27,287,212,1,False,10.758126036834728,106.67584372840122,0.0,10.0,28.8,Partly cloudy
1971,Từ Vòng Xoay Trần Phú đến ĐHSP,2025-07-22 08:22:00,700,FRC4,20,27,287,212,1,False,10.758483785091158,106.67667444278729,0.0,10.0,28.8,Partly cloudy
1972,Từ Vòng Xoay Trần Phú đến ĐHSP,2025-07-22 08:22:00,600,FRC4,20,27,287,212,1,False,10.758740916389923,106.67733446243443,0.0,10.0,28.8,Partly cloudy
1973,Từ Vòng Xoay Trần Phú đến ĐHSP,2025-07-22 08:22:00,500,FRC4,16,27,362,214,1,False,10.759121023128003,106.67817276325134,0.0,10.0,28.8,Partly cloudy
1974,Từ Vòng Xoay Trần Phú đến ĐHSP,2025-07-22 08:22:00,400,FRC4,16,27,362,214,1,False,10.759445231432741,106.6790186505005,0.0,10.0,28.8,Partly cloudy
1975,Từ Vòng Xoay Trần Phú đến ĐHSP,2025-07-22 08:22:00,300,FRC4,16,27,362,214,1,False,10.759784345493584,106.67986453775157,0.0,10.0,28.8,Partly cloudy
1976,Từ Vòng Xoay Trần Phú đến ĐHSP,2025-07-22 08:22:00,200,FRC4,16,27,362,214,1,False,10.76013091221701,106.68072559786684,0.0,10.0,28.8,Partly cloudy
1977,Từ Vòng Xoay Trần Phú đến ĐHSP,2025-07-22 08:23:00,100,FRC4,20,27,287,212,1,False,10.760458845955434,106.6815638986815,0.0,10.0,28.8,Partly cloudy
1978,Từ Vòng Xoay Trần Phú đến ĐHSP,2025-07-22 08:23:00,0,FRC4,20,27,287,212,1,False,10.760883668675298,106.6826449653469,0.0,10.0,28.8,Partly cloudy
1979,Từ Ngã Sáu Cộng Hòa đến An Dương Vương,2025-07-22 08:51:00,500,FRC3,21,33,1195,760,1,False,10.765163027177051,106.68176325830919,0.0,10.0,28.8,Partly cloudy
1980,Từ Ngã Sáu Cộng Hòa đến An Dương Vương,2025-07-22 08:51:00,400,FRC3,21,33,1195,760,1,False,10.764283334954333,106.68210132878986,0.0,10.0,28.8,Partly cloudy
1981,Từ Ngã Sáu Cộng Hòa đến An Dương Vương,2025-07-22 08:51:00,300,FRC3,21,33,1195,760,1,False,10.763480856227291,106.68240386571111,0.0,10.0,28.8,Partly cloudy
1982,Từ Ngã Sáu Cộng Hòa đến An Dương Vương,2025-07-22 08:51:00,200,FRC3,21,33,1195,760,1,False,10.762642918836454,106.6827364596283,0.0,10.0,28.8,Partly cloudy
1983,Từ Ngã Sáu Cộng Hòa đến An Dương Vương,2025-07-22 08:51:00,100,FRC3,21,33,1195,760,1,False,10.7619261906941,106.68302613820323,0.0,10.0,28.8,Partly cloudy
1984,Từ Ngã Sáu Cộng Hòa đến An Dương Vương,2025-07-22 08:51:00,0,FRC3,21,33,1195,760,1,False,10.761156760056346,106.68331581677815,0.0,10.0,28.8,Partly cloudy
1985,Từ Cầu Nguyễn Văn Cừ đến An Dương Vương,2025-07-22 08:51:00,700,FRC2,26,35,611,454,1,False,10.755556817425111,106.68578400873503,0.0,10.0,28.8,Partly cloudy
1986,Từ Cầu Nguyễn Văn Cừ đến An Dương Vương,2025-07-22 08:51:00,600,FRC2,26,35,611,454,1,False,10.756358876280022,106.6853232069683,0.0,10.0,28.8,Partly cloudy
1987,Từ Cầu Nguyễn Văn Cừ đến An Dương Vương,2025-07-22 08:51:00,500,FRC2,26,35,611,454,1,False,10.757138847709548,106.684944289696,0.0,10.0,28.8,Partly cloudy
1988,Từ Cầu Nguyễn Văn Cừ đến An Dương Vương,2025-07-22 08:51:00,400,FRC2,26,35,611,454,1,False,10.757963133528543,106.68463303622572,0.0,10.0,28.8,Partly cloudy
1989,Từ Cầu Nguyễn Văn Cừ đến An Dương Vương,2025-07-22 08:51:00,300,FRC2,26,35,611,454,1,False,10.758623446871004,106.68435335919212,0.0,10.0,28.8,Partly cloudy
1990,Từ Cầu Nguyễn Văn Cừ đến An Dương Vương,2025-07-22 08:51:00,200,FRC6,19,26,893,652,1,False,10.759478749919925,106.68406917123804,0.0,10.0,28.8,Partly cloudy
1991,Từ Cầu Nguyễn Văn Cừ đến An Dương Vương,2025-07-22 08:51:00,100,FRC2,26,35,611,454,1,False,10.760311892549737,106.68371280856688,0.0,10.0,28.8,Partly cloudy
1992,Từ Cầu Nguyễn Văn Cừ đến An Dương Vương,2025-07-22 08:51:00,0,FRC2,26,35,611,454,1,False,10.761189348756318,106.68340155509297,0.0,10.0,28.8,Partly cloudy
1993,Từ Vòng Xoay Trần Phú đến ĐHSP,2025-07-22 08:51:00,1000,FRC4,21,28,273,205,1,False,10.757533515349062,106.67414436746735,0.0,10.0,28.8,Partly cloudy
1994,Từ Vòng Xoay Trần Phú đến ĐHSP,2025-07-22 08:51:00,900,FRC4,21,28,273,205,1,False,10.757824186413304,106.67502060044893,0.0,10.0,28.8,Partly cloudy
1995,Từ Vòng Xoay Trần Phú đến ĐHSP,2025-07-22 08:51:00,800,FRC4,21,28,273,205,1,False,10.758126036834728,106.67584372840122,0.0,10.0,28.8,Partly cloudy
1996,Từ Vòng Xoay Trần Phú đến ĐHSP,2025-07-22 08:51:00,700,FRC4,21,28,273,205,1,False,10.758483785091158,106.67667444278729,0.0,10.0,28.8,Partly cloudy
1997,Từ Vòng Xoay Trần Phú đến ĐHSP,2025-07-22 08:51:00,600,FRC4,21,28,273,205,1,False,10.758740916389923,106.67733446243443,0.0,10.0,28.8,Partly cloudy
1998,Từ Vòng Xoay Trần Phú đến ĐHSP,2025-07-22 08:51:00,500,FRC4,20,28,289,207,1,False,10.759121023128003,106.67817276325134,0.0,10.0,28.8,Partly cloudy
1999,Từ Vòng Xoay Trần Phú đến ĐHSP,2025-07-22 08:51:00,400,FRC4,20,28,289,207,1,False,10.759445231432741,106.6790186505005,0.0,10.0,28.8,Partly cloudy
2000,Từ Vòng Xoay Trần Phú đến ĐHSP,2025-07-22 08:51:00,300,FRC4,20,28,289,207,1,False,10.759784345493584,106.67986453775157,0.0,10.0,28.8,Partly cloudy
2001,Từ Vòng Xoay Trần Phú đến ĐHSP,2025-07-22 08:51:00,200,FRC4,20,28,289,207,1,False,10.76013091221701,106.68072559786684,0.0,10.0,28.8,Partly cloudy
2002,Từ Vòng Xoay Trần Phú đến ĐHSP,2025-07-22 08:51:00,100,FRC4,21,28,273,205,1,False,10.760458845955434,106.6815638986815,0.0,10.0,28.8,Partly cloudy
2003,Từ Vòng Xoay Trần Phú đến ĐHSP,2025-07-22 08:51:00,0,FRC4,21,28,273,205,1,False,10.760883668675298,106.6826449653469,0.0,10.0,28.8,Partly cloudy
2004,Từ Ngã Sáu Cộng Hòa đến An Dương Vương,2025-07-22 11:17:00,500,FRC3,18,33,1394,760,1,False,10.765163027177051,106.68176325830919,0.0,10.0,26.3,Sunny
2005,Từ Ngã Sáu Cộng Hòa đến An Dương Vương,2025-07-22 11:17:00,400,FRC3,18,33,1394,760,1,False,10.764283334954333,106.68210132878986,0.0,10.0,26.3,Sunny
2006,Từ Ngã Sáu Cộng Hòa đến An Dương Vương,2025-07-22 11:17:00,300,FRC3,18,33,1394,760,1,False,10.763480856227291,106.68240386571111,0.0,10.0,26.3,Sunny
2007,Từ Ngã Sáu Cộng Hòa đến An Dương Vương,2025-07-22 11:17:00,200,FRC3,18,33,1394,760,1,False,10.762642918836454,106.6827364596283,0.0,10.0,26.3,Sunny
2008,Từ Ngã Sáu Cộng Hòa đến An Dương Vương,2025-07-22 11:17:00,100,FRC3,18,33,1394,760,1,False,10.7619261906941,106.68302613820323,0.0,10.0,26.3,Sunny
2009,Từ Ngã Sáu Cộng Hòa đến An Dương Vương,2025-07-22 11:17:00,0,FRC3,18,33,1394,760,1,False,10.761156760056346,106.68331581677815,0.0,10.0,26.3,Sunny
2010,Từ Cầu Nguyễn Văn Cừ đến An Dương Vương,2025-07-22 11:17:00,700,FRC2,21,35,757,454,1,False,10.755556817425111,106.68578400873503,0.0,10.0,26.3,Sunny
2011,Từ Cầu Nguyễn Văn Cừ đến An Dương Vương,2025-07-22 11:17:00,600,FRC2,21,35,757,454,1,False,10.756358876280022,106.6853232069683,0.0,10.0,26.3,Sunny
2012,Từ Cầu Nguyễn Văn Cừ đến An Dương Vương,2025-07-22 11:17:00,500,FRC2,21,35,757,454,1,False,10.757138847709548,106.684944289696,0.0,10.0,26.3,Sunny
2013,Từ Cầu Nguyễn Văn Cừ đến An Dương Vương,2025-07-22 11:17:00,400,FRC2,21,35,757,454,1,False,10.757963133528543,106.68463303622572,0.0,10.0,26.3,Sunny
2014,Từ Cầu Nguyễn Văn Cừ đến An Dương Vương,2025-07-22 11:17:00,300,FRC2,21,35,757,454,1,False,10.758623446871004,106.68435335919212,0.0,10.0,26.3,Sunny
2015,Từ Cầu Nguyễn Văn Cừ đến An Dương Vương,2025-07-22 11:17:00,200,FRC6,18,26,943,652,1,False,10.759478749919925,106.68406917123804,0.0,10.0,26.3,Sunny
2016,Từ Cầu Nguyễn Văn Cừ đến An Dương Vương,2025-07-22 11:17:00,100,FRC2,21,35,757,454,1,False,10.760311892549737,106.68371280856688,0.0,10.0,26.3,Sunny
2017,Từ Cầu Nguyễn Văn Cừ đến An Dương Vương,2025-07-22 11:17:00,0,FRC2,21,35,757,454,1,False,10.761189348756318,106.68340155509297,0.0,10.0,26.3,Sunny
2018,Từ Vòng Xoay Trần Phú đến ĐHSP,2025-07-22 11:17:00,1000,FRC4,20,28,287,205,1,False,10.757533515349062,106.67414436746735,0.0,10.0,26.3,Sunny
2019,Từ Vòng Xoay Trần Phú đến ĐHSP,2025-07-22 11:17:00,900,FRC4,20,28,287,205,1,False,10.757824186413304,106.67502060044893,0.0,10.0,26.3,Sunny
2020,Từ Vòng Xoay Trần Phú đến ĐHSP,2025-07-22 11:17:00,800,FRC4,20,28,287,205,1,False,10.758126036834728,106.67584372840122,0.0,10.0,26.3,Sunny
2021,Từ Vòng Xoay Trần Phú đến ĐHSP,2025-07-22 11:17:00,700,FRC4,20,28,287,205,1,False,10.758483785091158,106.67667444278729,0.0,10.0,26.3,Sunny
2022,Từ Vòng Xoay Trần Phú đến ĐHSP,2025-07-22 11:17:00,600,FRC4,20,28,287,205,1,False,10.758740916389923,106.67733446243443,0.0,10.0,26.3,Sunny
2023,Từ Vòng Xoay Trần Phú đến ĐHSP,2025-07-22 11:17:00,500,FRC4,20,27,289,214,1,False,10.759121023128003,106.67817276325134,0.0,10.0,26.3,Sunny
2024,Từ Vòng Xoay Trần Phú đến ĐHSP,2025-07-22 11:17:00,400,FRC4,20,27,289,214,1,False,10.759445231432741,106.6790186505005,0.0,10.0,26.3,Sunny
2025,Từ Vòng Xoay Trần Phú đến ĐHSP,2025-07-22 11:17:00,300,FRC4,20,27,289,214,1,False,10.759784345493584,106.67986453775157,0.0,10.0,26.3,Sunny
2026,Từ Vòng Xoay Trần Phú đến ĐHSP,2025-07-22 11:17:00,200,FRC4,20,27,289,214,1,False,10.76013091221701,106.68072559786684,0.0,10.0,26.3,Sunny
2027,Từ Vòng Xoay Trần Phú đến ĐHSP,2025-07-22 11:17:00,100,FRC4,20,28,287,205,1,False,10.760458845955434,106.6815638986815,0.0,10.0,26.3,Sunny
2028,Từ Vòng Xoay Trần Phú đến ĐHSP,2025-07-22 11:17:00,0,FRC4,20,28,287,205,1,False,10.760883668675298,106.6826449653469,0.0,10.0,26.3,Sunny
2029,Từ Ngã Sáu Cộng Hòa đến An Dương Vương,2025-07-22 11:40:00,500,FRC3,19,33,1321,760,1,False,10.765163027177051,106.68176325830919,0.0,10.0,26.3,Sunny
2030,Từ Ngã Sáu Cộng Hòa đến An Dương Vương,2025-07-22 11:40:00,400,FRC3,19,33,1321,760,1,False,10.764283334954333,106.68210132878986,0.0,10.0,26.3,Sunny
2031,Từ Ngã Sáu Cộng Hòa đến An Dương Vương,2025-07-22 11:40:00,300,FRC3,19,33,1321,760,1,False,10.763480856227291,106.68240386571111,0.0,10.0,26.3,Sunny
2032,Từ Ngã Sáu Cộng Hòa đến An Dương Vương,2025-07-22 11:40:00,200,FRC3,19,33,1321,760,1,False,10.762642918836454,106.6827364596283,0.0,10.0,26.3,Sunny
2033,Từ Ngã Sáu Cộng Hòa đến An Dương Vương,2025-07-22 11:40:00,100,FRC3,19,33,1321,760,1,False,10.7619261906941,106.68302613820323,0.0,10.0,26.3,Sunny
2034,Từ Ngã Sáu Cộng Hòa đến An Dương Vương,2025-07-22 11:40:00,0,FRC3,19,33,1321,760,1,False,10.761156760056346,106.68331581677815,0.0,10.0,26.3,Sunny
2035,Từ Cầu Nguyễn Văn Cừ đến An Dương Vương,2025-07-22 11:40:00,700,FRC2,21,34,757,467,1,False,10.755556817425111,106.68578400873503,0.0,10.0,26.3,Sunny
2036,Từ Cầu Nguyễn Văn Cừ đến An Dương Vương,2025-07-22 11:40:00,600,FRC2,21,34,757,467,1,False,10.756358876280022,106.6853232069683,0.0,10.0,26.3,Sunny
2037,Từ Cầu Nguyễn Văn Cừ đến An Dương Vương,2025-07-22 11:40:00,500,FRC2,21,34,757,467,1,False,10.757138847709548,106.684944289696,0.0,10.0,26.3,Sunny
2038,Từ Cầu Nguyễn Văn Cừ đến An Dương Vương,2025-07-22 11:40:00,400,FRC2,21,34,757,467,1,False,10.757963133528543,106.68463303622572,0.0,10.0,26.3,Sunny
2039,Từ Cầu Nguyễn Văn Cừ đến An Dương Vương,2025-07-22 11:40:00,300,FRC2,21,34,757,467,1,False,10.758623446871004,106.68435335919212,0.0,10.0,26.3,Sunny
2040,Từ Cầu Nguyễn Văn Cừ đến An Dương Vương,2025-07-22 11:40:00,200,FRC6,19,26,893,652,1,False,10.759478749919925,106.68406917123804,0.0,10.0,26.3,Sunny
2041,Từ Cầu Nguyễn Văn Cừ đến An Dương Vương,2025-07-22 11:40:00,100,FRC2,21,34,757,467,1,False,10.760311892549737,106.68371280856688,0.0,10.0,26.3,Sunny
2042,Từ Cầu Nguyễn Văn Cừ đến An Dương Vương,2025-07-22 11:40:00,0,FRC2,21,34,757,467,1,False,10.761189348756318,106.68340155509297,0.0,10.0,26.3,Sunny
2043,Từ Vòng Xoay Trần Phú đến ĐHSP,2025-07-22 11:40:00,1000,FRC4,22,28,261,205,1,False,10.757533515349062,106.67414436746735,0.0,10.0,26.3,Sunny
2044,Từ Vòng Xoay Trần Phú đến ĐHSP,2025-07-22 11:40:00,900,FRC4,22,28,261,205,1,False,10.757824186413304,106.67502060044893,0.0,10.0,26.3,Sunny
2045,Từ Vòng Xoay Trần Phú đến ĐHSP,2025-07-22 11:40:00,800,FRC4,22,28,261,205,1,False,10.758126036834728,106.67584372840122,0.0,10.0,26.3,Sunny
2046,Từ Vòng Xoay Trần Phú đến ĐHSP,2025-07-22 11:40:00,700,FRC4,22,28,261,205,1,False,10.758483785091158,106.67667444278729,0.0,10.0,26.3,Sunny
2047,Từ Vòng Xoay Trần Phú đến ĐHSP,2025-07-22 11:40:00,600,FRC4,22,28,261,205,1,False,10.758740916389923,106.67733446243443,0.0,10.0,26.3,Sunny
2048,Từ Vòng Xoay Trần Phú đến ĐHSP,2025-07-22 11:40:00,500,FRC4,28,28,207,207,1,False,10.759121023128003,106.67817276325134,0.0,10.0,26.3,Sunny
2049,Từ Vòng Xoay Trần Phú đến ĐHSP,2025-07-22 11:40:00,400,FRC4,28,28,207,207,1,False,10.759445231432741,106.6790186505005,0.0,10.0,26.3,Sunny
2050,Từ Vòng Xoay Trần Phú đến ĐHSP,2025-07-22 11:40:00,300,FRC4,28,28,207,207,1,False,10.759784345493584,106.67986453775157,0.0,10.0,26.3,Sunny
2051,Từ Vòng Xoay Trần Phú đến ĐHSP,2025-07-22 11:40:00,200,FRC4,28,28,207,207,1,False,10.76013091221701,106.68072559786684,0.0,10.0,26.3,Sunny
2052,Từ Vòng Xoay Trần Phú đến ĐHSP,2025-07-22 11:40:00,100,FRC4,22,28,261,205,1,False,10.760458845955434,106.6815638986815,0.0,10.0,26.3,Sunny
2053,Từ Vòng Xoay Trần Phú đến ĐHSP,2025-07-22 11:40:00,0,FRC4,22,28,261,205,1,False,10.760883668675298,106.6826449653469,0.0,10.0,26.3,Sunny
2054,Từ Ngã Sáu Cộng Hòa đến An Dương Vương,2025-07-22 11:51:00,500,FRC3,19,33,1321,760,1,False,10.765163027177051,106.68176325830919,0.0,10.0,26.3,Sunny
2055,Từ Ngã Sáu Cộng Hòa đến An Dương Vương,2025-07-22 11:51:00,400,FRC3,19,33,1321,760,1,False,10.764283334954333,106.68210132878986,0.0,10.0,26.3,Sunny
2056,Từ Ngã Sáu Cộng Hòa đến An Dương Vương,2025-07-22 11:51:00,300,FRC3,19,33,1321,760,1,False,10.763480856227291,106.68240386571111,0.0,10.0,26.3,Sunny
2057,Từ Ngã Sáu Cộng Hòa đến An Dương Vương,2025-07-22 11:51:00,200,FRC3,19,33,1321,760,1,False,10.762642918836454,106.6827364596283,0.0,10.0,26.3,Sunny
2058,Từ Ngã Sáu Cộng Hòa đến An Dương Vương,2025-07-22 11:51:00,100,FRC3,19,33,1321,760,1,False,10.7619261906941,106.68302613820323,0.0,10.0,26.3,Sunny
2059,Từ Ngã Sáu Cộng Hòa đến An Dương Vương,2025-07-22 11:51:00,0,FRC3,20,33,1255,760,1,False,10.761156760056346,106.68331581677815,0.0,10.0,26.3,Sunny
2060,Từ Cầu Nguyễn Văn Cừ đến An Dương Vương,2025-07-22 11:51:00,700,FRC2,21,34,757,467,1,False,10.755556817425111,106.68578400873503,0.0,10.0,26.3,Sunny
2061,Từ Cầu Nguyễn Văn Cừ đến An Dương Vương,2025-07-22 11:51:00,600,FRC2,21,34,757,467,1,False,10.756358876280022,106.6853232069683,0.0,10.0,26.3,Sunny
2062,Từ Cầu Nguyễn Văn Cừ đến An Dương Vương,2025-07-22 11:51:00,500,FRC2,21,34,757,467,1,False,10.757138847709548,106.684944289696,0.0,10.0,26.3,Sunny
2063,Từ Cầu Nguyễn Văn Cừ đến An Dương Vương,2025-07-22 11:51:00,400,FRC2,21,34,757,467,1,False,10.757963133528543,106.68463303622572,0.0,10.0,26.3,Sunny
2064,Từ Cầu Nguyễn Văn Cừ đến An Dương Vương,2025-07-22 11:51:00,300,FRC2,21,34,757,467,1,False,10.758623446871004,106.68435335919212,0.0,10.0,26.3,Sunny
2065,Từ Cầu Nguyễn Văn Cừ đến An Dương Vương,2025-07-22 11:51:00,200,FRC6,17,26,998,652,1,False,10.759478749919925,106.68406917123804,0.0,10.0,26.3,Sunny
2066,Từ Cầu Nguyễn Văn Cừ đến An Dương Vương,2025-07-22 11:51:00,100,FRC2,21,34,757,467,1,False,10.760311892549737,106.68371280856688,0.0,10.0,26.3,Sunny
2067,Từ Cầu Nguyễn Văn Cừ đến An Dương Vương,2025-07-22 11:51:00,0,FRC2,21,34,757,467,1,False,10.761189348756318,106.68340155509297,0.0,10.0,26.3,Sunny
2068,Từ Vòng Xoay Trần Phú đến ĐHSP,2025-07-22 11:51:00,1000,FRC4,22,29,261,198,1,False,10.757533515349062,106.67414436746735,0.0,10.0,26.3,Sunny
2069,Từ Vòng Xoay Trần Phú đến ĐHSP,2025-07-22 11:51:00,900,FRC4,22,29,261,198,1,False,10.757824186413304,106.67502060044893,0.0,10.0,26.3,Sunny
2070,Từ Vòng Xoay Trần Phú đến ĐHSP,2025-07-22 11:51:00,800,FRC4,22,29,261,198,1,False,10.758126036834728,106.67584372840122,0.0,10.0,26.3,Sunny
2071,Từ Vòng Xoay Trần Phú đến ĐHSP,2025-07-22 11:51:00,700,FRC4,22,29,261,198,1,False,10.758483785091158,106.67667444278729,0.0,10.0,26.3,Sunny
2072,Từ Vòng Xoay Trần Phú đến ĐHSP,2025-07-22 11:51:00,600,FRC4,22,29,261,198,1,False,10.758740916389923,106.67733446243443,0.0,10.0,26.3,Sunny
2073,Từ Vòng Xoay Trần Phú đến ĐHSP,2025-07-22 11:51:00,500,FRC4,20,29,289,199,1,False,10.759121023128003,106.67817276325134,0.0,10.0,26.3,Sunny
2074,Từ Vòng Xoay Trần Phú đến ĐHSP,2025-07-22 11:51:00,400,FRC4,20,29,289,199,1,False,10.759445231432741,106.6790186505005,0.0,10.0,26.3,Sunny
2075,Từ Vòng Xoay Trần Phú đến ĐHSP,2025-07-22 11:51:00,300,FRC4,20,29,289,199,1,False,10.759784345493584,106.67986453775157,0.0,10.0,26.3,Sunny
2076,Từ Vòng Xoay Trần Phú đến ĐHSP,2025-07-22 11:51:00,200,FRC4,20,29,289,199,1,False,10.76013091221701,106.68072559786684,0.0,10.0,26.3,Sunny
2077,Từ Vòng Xoay Trần Phú đến ĐHSP,2025-07-22 11:51:00,100,FRC4,22,29,261,198,1,False,10.760458845955434,106.6815638986815,0.0,10.0,26.3,Sunny
2078,Từ Vòng Xoay Trần Phú đến ĐHSP,2025-07-22 11:51:00,0,FRC4,22,29,261,198,1,False,10.760883668675298,106.6826449653469,0.0,10.0,26.3,Sunny
2079,Từ Ngã Sáu Cộng Hòa đến An Dương Vương,2025-07-22 12:41:00,500,FRC3,21,33,1195,760,1,False,10.765163027177051,106.68176325830919,0.0,10.0,23.8,Clear
2080,Từ Ngã Sáu Cộng Hòa đến An Dương Vương,2025-07-22 12:41:00,400,FRC3,21,33,1195,760,1,False,10.764283334954333,106.68210132878986,0.0,10.0,23.8,Clear
2081,Từ Ngã Sáu Cộng Hòa đến An Dương Vương,2025-07-22 12:41:00,300,FRC3,21,33,1195,760,1,False,10.763480856227291,106.68240386571111,0.0,10.0,23.8,Clear
2082,Từ Ngã Sáu Cộng Hòa đến An Dương Vương,2025-07-22 12:41:00,200,FRC3,21,33,1195,760,1,False,10.762642918836454,106.6827364596283,0.0,10.0,23.8,Clear
2083,Từ Ngã Sáu Cộng Hòa đến An Dương Vương,2025-07-22 12:41:00,100,FRC3,21,33,1195,760,1,False,10.7619261906941,106.68302613820323,0.0,10.0,23.8,Clear
2084,Từ Ngã Sáu Cộng Hòa đến An Dương Vương,2025-07-22 12:41:00,0,FRC3,21,33,1195,760,1,False,10.761156760056346,106.68331581677815,0.0,10.0,23.8,Clear
2085,Từ Cầu Nguyễn Văn Cừ đến An Dương Vương,2025-07-22 12:41:00,700,FRC2,24,35,662,454,1,False,10.755556817425111,106.68578400873503,0.0,10.0,23.8,Clear
2086,Từ Cầu Nguyễn Văn Cừ đến An Dương Vương,2025-07-22 12:41:00,600,FRC2,24,35,662,454,1,False,10.756358876280022,106.6853232069683,0.0,10.0,23.8,Clear
2087,Từ Cầu Nguyễn Văn Cừ đến An Dương Vương,2025-07-22 12:41:00,500,FRC2,24,35,662,454,1,False,10.757138847709548,106.684944289696,0.0,10.0,23.8,Clear
2088,Từ Cầu Nguyễn Văn Cừ đến An Dương Vương,2025-07-22 12:41:00,400,FRC2,24,35,662,454,1,False,10.757963133528543,106.68463303622572,0.0,10.0,23.8,Clear
2089,Từ Cầu Nguyễn Văn Cừ đến An Dương Vương,2025-07-22 12:41:00,300,FRC2,24,35,662,454,1,False,10.758623446871004,106.68435335919212,0.0,10.0,23.8,Clear
2090,Từ Cầu Nguyễn Văn Cừ đến An Dương Vương,2025-07-22 12:41:00,200,FRC6,17,26,998,652,1,False,10.759478749919925,106.68406917123804,0.0,10.0,23.8,Clear
2091,Từ Cầu Nguyễn Văn Cừ đến An Dương Vương,2025-07-22 12:41:00,100,FRC2,24,35,662,454,1,False,10.760311892549737,106.68371280856688,0.0,10.0,23.8,Clear
2092,Từ Cầu Nguyễn Văn Cừ đến An Dương Vương,2025-07-22 12:41:00,0,FRC2,24,35,662,454,1,False,10.761189348756318,106.68340155509297,0.0,10.0,23.8,Clear
2093,Từ Vòng Xoay Trần Phú đến ĐHSP,2025-07-22 12:41:00,1000,FRC4,20,29,287,198,1,False,10.757533515349062,106.67414436746735,0.0,10.0,23.8,Clear
2094,Từ Vòng Xoay Trần Phú đến ĐHSP,2025-07-22 12:41:00,900,FRC4,20,29,287,198,1,False,10.757824186413304,106.67502060044893,0.0,10.0,23.8,Clear
2095,Từ Vòng Xoay Trần Phú đến ĐHSP,2025-07-22 12:41:00,800,FRC4,20,29,287,198,1,False,10.758126036834728,106.67584372840122,0.0,10.0,23.8,Clear
2096,Từ Vòng Xoay Trần Phú đến ĐHSP,2025-07-22 12:41:00,700,FRC4,20,29,287,198,1,False,10.758483785091158,106.67667444278729,0.0,10.0,23.8,Clear
2097,Từ Vòng Xoay Trần Phú đến ĐHSP,2025-07-22 12:41:00,600,FRC4,20,29,287,198,1,False,10.758740916389923,106.67733446243443,0.0,10.0,23.8,Clear
2098,Từ Vòng Xoay Trần Phú đến ĐHSP,2025-07-22 12:41:00,500,FRC4,20,28,289,207,1,False,10.759121023128003,106.67817276325134,0.0,10.0,23.8,Clear
2099,Từ Vòng Xoay Trần Phú đến ĐHSP,2025-07-22 12:41:00,400,FRC4,20,28,289,207,1,False,10.759445231432741,106.6790186505005,0.0,10.0,23.8,Clear
2100,Từ Vòng Xoay Trần Phú đến ĐHSP,2025-07-22 12:41:00,300,FRC4,20,28,289,207,1,False,10.759784345493584,106.67986453775157,0.0,10.0,23.8,Clear
2101,Từ Vòng Xoay Trần Phú đến ĐHSP,2025-07-22 12:41:00,200,FRC4,20,28,289,207,1,False,10.76013091221701,106.68072559786684,0.0,10.0,23.8,Clear
2102,Từ Vòng Xoay Trần Phú đến ĐHSP,2025-07-22 12:41:00,100,FRC4,20,29,287,198,1,False,10.760458845955434,106.6815638986815,0.0,10.0,23.8,Clear
2103,Từ Vòng Xoay Trần Phú đến ĐHSP,2025-07-22 12:41:00,0,FRC4,20,29,287,198,1,False,10.760883668675298,106.6826449653469,0.0,10.0,23.8,Clear
2104,Từ Ngã Sáu Cộng Hòa đến An Dương Vương,2025-07-22 13:26:00,500,FRC3,22,33,1141,760,1,False,10.765163027177051,106.68176325830919,0.0,10.0,22.7,Clear
2105,Từ Ngã Sáu Cộng Hòa đến An Dương Vương,2025-07-22 13:26:00,400,FRC3,22,33,1141,760,1,False,10.764283334954333,106.68210132878986,0.0,10.0,22.7,Clear
2106,Từ Ngã Sáu Cộng Hòa đến An Dương Vương,2025-07-22 13:26:00,300,FRC3,22,33,1141,760,1,False,10.763480856227291,106.68240386571111,0.0,10.0,22.7,Clear
2107,Từ Ngã Sáu Cộng Hòa đến An Dương Vương,2025-07-22 13:26:00,200,FRC3,22,33,1141,760,1,False,10.762642918836454,106.6827364596283,0.0,10.0,22.7,Clear
2108,Từ Ngã Sáu Cộng Hòa đến An Dương Vương,2025-07-22 13:26:00,100,FRC3,22,33,1141,760,1,False,10.7619261906941,106.68302613820323,0.0,10.0,22.7,Clear
2109,Từ Ngã Sáu Cộng Hòa đến An Dương Vương,2025-07-22 13:26:00,0,FRC3,22,33,1141,760,1,False,10.761156760056346,106.68331581677815,0.0,10.0,22.7,Clear
2110,Từ Cầu Nguyễn Văn Cừ đến An Dương Vương,2025-07-22 13:26:00,700,FRC2,26,34,611,467,1,False,10.755556817425111,106.68578400873503,0.0,10.0,22.7,Clear
2111,Từ Cầu Nguyễn Văn Cừ đến An Dương Vương,2025-07-22 13:26:00,600,FRC2,26,34,611,467,1,False,10.756358876280022,106.6853232069683,0.0,10.0,22.7,Clear
2112,Từ Cầu Nguyễn Văn Cừ đến An Dương Vương,2025-07-22 13:26:00,500,FRC2,26,34,611,467,1,False,10.757138847709548,106.684944289696,0.0,10.0,22.7,Clear
2113,Từ Cầu Nguyễn Văn Cừ đến An Dương Vương,2025-07-22 13:26:00,400,FRC2,26,34,611,467,1,False,10.757963133528543,106.68463303622572,0.0,10.0,22.7,Clear
2114,Từ Cầu Nguyễn Văn Cừ đến An Dương Vương,2025-07-22 13:26:00,300,FRC2,26,34,611,467,1,False,10.758623446871004,106.68435335919212,0.0,10.0,22.7,Clear
2115,Từ Cầu Nguyễn Văn Cừ đến An Dương Vương,2025-07-22 13:26:00,200,FRC6,18,26,943,652,1,False,10.759478749919925,106.68406917123804,0.0,10.0,22.7,Clear
2116,Từ Cầu Nguyễn Văn Cừ đến An Dương Vương,2025-07-22 13:26:00,100,FRC2,26,34,611,467,1,False,10.760311892549737,106.68371280856688,0.0,10.0,22.7,Clear
2117,Từ Cầu Nguyễn Văn Cừ đến An Dương Vương,2025-07-22 13:26:00,0,FRC2,26,34,611,467,1,False,10.761189348756318,106.68340155509297,0.0,10.0,22.7,Clear
2118,Từ Vòng Xoay Trần Phú đến ĐHSP,2025-07-22 13:26:00,1000,FRC4,24,28,239,205,1,False,10.757533515349062,106.67414436746735,0.0,10.0,22.7,Clear
2119,Từ Vòng Xoay Trần Phú đến ĐHSP,2025-07-22 13:26:00,900,FRC4,24,28,239,205,1,False,10.757824186413304,106.67502060044893,0.0,10.0,22.7,Clear
2120,Từ Vòng Xoay Trần Phú đến ĐHSP,2025-07-22 13:26:00,800,FRC4,24,28,239,205,1,False,10.758126036834728,106.67584372840122,0.0,10.0,22.7,Clear
2121,Từ Vòng Xoay Trần Phú đến ĐHSP,2025-07-22 13:26:00,700,FRC4,24,28,239,205,1,False,10.758483785091158,106.67667444278729,0.0,10.0,22.7,Clear
2122,Từ Vòng Xoay Trần Phú đến ĐHSP,2025-07-22 13:26:00,600,FRC4,24,28,239,205,1,False,10.758740916389923,106.67733446243443,0.0,10.0,22.7,Clear
2123,Từ Vòng Xoay Trần Phú đến ĐHSP,2025-07-22 13:26:00,500,FRC4,28,28,207,207,1,False,10.759121023128003,106.67817276325134,0.0,10.0,22.7,Clear
2124,Từ Vòng Xoay Trần Phú đến ĐHSP,2025-07-22 13:26:00,400,FRC4,28,28,207,207,1,False,10.759445231432741,106.6790186505005,0.0,10.0,22.7,Clear
2125,Từ Vòng Xoay Trần Phú đến ĐHSP,2025-07-22 13:26:00,300,FRC4,28,28,207,207,1,False,10.759784345493584,106.67986453775157,0.0,10.0,22.7,Clear
2126,Từ Vòng Xoay Trần Phú đến ĐHSP,2025-07-22 13:26:00,200,FRC4,28,28,207,207,1,False,10.76013091221701,106.68072559786684,0.0,10.0,22.7,Clear
2127,Từ Vòng Xoay Trần Phú đến ĐHSP,2025-07-22 13:26:00,100,FRC4,24,28,239,205,1,False,10.760458845955434,106.6815638986815,0.0,10.0,22.7,Clear
2128,Từ Vòng Xoay Trần Phú đến ĐHSP,2025-07-22 13:26:00,0,FRC4,24,28,239,205,1,False,10.760883668675298,106.6826449653469,0.0,10.0,22.7,Clear
2129,Từ Ngã Sáu Cộng Hòa đến An Dương Vương,2025-07-22 16:15:00,500,FRC3,33,33,760,760,1,False,10.765163027177051,106.68176325830919,0.0,10.0,18.4,Clear
2130,Từ Ngã Sáu Cộng Hòa đến An Dương Vương,2025-07-22 16:15:00,400,FRC3,33,33,760,760,1,False,10.764283334954333,106.68210132878986,0.0,10.0,18.4,Clear
2131,Từ Ngã Sáu Cộng Hòa đến An Dương Vương,2025-07-22 16:15:00,300,FRC3,33,33,760,760,1,False,10.763480856227291,106.68240386571111,0.0,10.0,18.4,Clear
2132,Từ Ngã Sáu Cộng Hòa đến An Dương Vương,2025-07-22 16:15:00,200,FRC3,33,33,760,760,1,False,10.762642918836454,106.6827364596283,0.0,10.0,18.4,Clear
2133,Từ Ngã Sáu Cộng Hòa đến An Dương Vương,2025-07-22 16:15:00,100,FRC3,33,33,760,760,1,False,10.7619261906941,106.68302613820323,0.0,10.0,18.4,Clear
2134,Từ Ngã Sáu Cộng Hòa đến An Dương Vương,2025-07-22 16:15:00,0,FRC3,33,33,760,760,1,False,10.761156760056346,106.68331581677815,0.0,10.0,18.4,Clear
2135,Từ Cầu Nguyễn Văn Cừ đến An Dương Vương,2025-07-22 16:15:00,700,FRC2,35,35,454,454,1,False,10.755556817425111,106.68578400873503,0.0,10.0,18.4,Clear
2136,Từ Cầu Nguyễn Văn Cừ đến An Dương Vương,2025-07-22 16:15:00,600,FRC2,35,35,454,454,1,False,10.756358876280022,106.6853232069683,0.0,10.0,18.4,Clear
2137,Từ Cầu Nguyễn Văn Cừ đến An Dương Vương,2025-07-22 16:15:00,500,FRC2,35,35,454,454,1,False,10.757138847709548,106.684944289696,0.0,10.0,18.4,Clear
2138,Từ Cầu Nguyễn Văn Cừ đến An Dương Vương,2025-07-22 16:15:00,400,FRC2,35,35,454,454,1,False,10.757963133528543,106.68463303622572,0.0,10.0,18.4,Clear
2139,Từ Cầu Nguyễn Văn Cừ đến An Dương Vương,2025-07-22 16:16:00,300,FRC2,35,35,454,454,1,False,10.758623446871004,106.68435335919212,0.0,10.0,18.4,Clear
2140,Từ Cầu Nguyễn Văn Cừ đến An Dương Vương,2025-07-22 16:16:00,200,FRC6,27,27,628,628,1,False,10.759478749919925,106.68406917123804,0.0,10.0,18.4,Clear
2141,Từ Cầu Nguyễn Văn Cừ đến An Dương Vương,2025-07-22 16:16:00,100,FRC2,35,35,454,454,1,False,10.760311892549737,106.68371280856688,0.0,10.0,18.4,Clear
2142,Từ Cầu Nguyễn Văn Cừ đến An Dương Vương,2025-07-22 16:16:00,0,FRC2,35,35,454,454,1,False,10.761189348756318,106.68340155509297,0.0,10.0,18.4,Clear
2143,Từ Vòng Xoay Trần Phú đến ĐHSP,2025-07-22 16:16:00,1000,FRC4,29,29,198,198,1,False,10.757533515349062,106.67414436746735,0.0,10.0,18.4,Clear
2144,Từ Vòng Xoay Trần Phú đến ĐHSP,2025-07-22 16:16:00,900,FRC4,29,29,198,198,1,False,10.757824186413304,106.67502060044893,0.0,10.0,18.4,Clear
2145,Từ Vòng Xoay Trần Phú đến ĐHSP,2025-07-22 16:16:00,800,FRC4,29,29,198,198,1,False,10.758126036834728,106.67584372840122,0.0,10.0,18.4,Clear
2146,Từ Vòng Xoay Trần Phú đến ĐHSP,2025-07-22 16:16:00,700,FRC4,29,29,198,198,1,False,10.758483785091158,106.67667444278729,0.0,10.0,18.4,Clear
2147,Từ Vòng Xoay Trần Phú đến ĐHSP,2025-07-22 16:16:00,600,FRC4,29,29,198,198,1,False,10.758740916389923,106.67733446243443,0.0,10.0,18.4,Clear
2148,Từ Vòng Xoay Trần Phú đến ĐHSP,2025-07-22 16:16:00,500,FRC4,28,28,207,207,1,False,10.759121023128003,106.67817276325134,0.0,10.0,18.4,Clear
2149,Từ Vòng Xoay Trần Phú đến ĐHSP,2025-07-22 16:16:00,400,FRC4,28,28,207,207,1,False,10.759445231432741,106.6790186505005,0.0,10.0,18.4,Clear
2150,Từ Vòng Xoay Trần Phú đến ĐHSP,2025-07-22 16:16:00,300,FRC4,28,28,207,207,1,False,10.759784345493584,106.67986453775157,0.0,10.0,18.4,Clear
2151,Từ Vòng Xoay Trần Phú đến ĐHSP,2025-07-22 16:16:00,200,FRC4,28,28,207,207,1,False,10.76013091221701,106.68072559786684,0.0,10.0,18.4,Clear
2152,Từ Vòng Xoay Trần Phú đến ĐHSP,2025-07-22 16:16:00,100,FRC4,29,29,198,198,1,False,10.760458845955434,106.6815638986815,0.0,10.0,18.4,Clear
2153,Từ Vòng Xoay Trần Phú đến ĐHSP,2025-07-22 16:16:00,0,FRC4,29,29,198,198,1,False,10.760883668675298,106.6826449653469,0.0,10.0,18.4,Clear
2154,Từ Ngã Sáu Cộng Hòa đến An Dương Vương,2025-07-22 16:50:00,500,FRC3,33,33,760,760,1,False,10.765163027177051,106.68176325830919,0.0,10.0,18.7,Clear
2155,Từ Ngã Sáu Cộng Hòa đến An Dương Vương,2025-07-22 16:50:00,400,FRC3,33,33,760,760,1,False,10.764283334954333,106.68210132878986,0.0,10.0,18.7,Clear
2156,Từ Ngã Sáu Cộng Hòa đến An Dương Vương,2025-07-22 16:50:00,300,FRC3,33,33,760,760,1,False,10.763480856227291,106.68240386571111,0.0,10.0,18.7,Clear
2157,Từ Ngã Sáu Cộng Hòa đến An Dương Vương,2025-07-22 16:50:00,200,FRC3,33,33,760,760,1,False,10.762642918836454,106.6827364596283,0.0,10.0,18.7,Clear
2158,Từ Ngã Sáu Cộng Hòa đến An Dương Vương,2025-07-22 16:50:00,100,FRC3,33,33,760,760,1,False,10.7619261906941,106.68302613820323,0.0,10.0,18.7,Clear
2159,Từ Ngã Sáu Cộng Hòa đến An Dương Vương,2025-07-22 16:50:00,0,FRC3,33,33,760,760,1,False,10.761156760056346,106.68331581677815,0.0,10.0,18.7,Clear
2160,Từ Cầu Nguyễn Văn Cừ đến An Dương Vương,2025-07-22 16:50:00,700,FRC2,28,34,568,467,1,False,10.755556817425111,106.68578400873503,0.0,10.0,18.7,Clear
2161,Từ Cầu Nguyễn Văn Cừ đến An Dương Vương,2025-07-22 16:50:00,600,FRC2,28,34,568,467,1,False,10.756358876280022,106.6853232069683,0.0,10.0,18.7,Clear
2162,Từ Cầu Nguyễn Văn Cừ đến An Dương Vương,2025-07-22 16:50:00,500,FRC2,28,34,568,467,1,False,10.757138847709548,106.684944289696,0.0,10.0,18.7,Clear
2163,Từ Cầu Nguyễn Văn Cừ đến An Dương Vương,2025-07-22 16:50:00,400,FRC2,28,34,568,467,1,False,10.757963133528543,106.68463303622572,0.0,10.0,18.7,Clear
2164,Từ Cầu Nguyễn Văn Cừ đến An Dương Vương,2025-07-22 16:50:00,300,FRC2,28,34,568,467,1,False,10.758623446871004,106.68435335919212,0.0,10.0,18.7,Clear
2165,Từ Cầu Nguyễn Văn Cừ đến An Dương Vương,2025-07-22 16:50:00,200,FRC6,27,27,628,628,1,False,10.759478749919925,106.68406917123804,0.0,10.0,18.7,Clear
2166,Từ Cầu Nguyễn Văn Cừ đến An Dương Vương,2025-07-22 16:50:00,100,FRC2,28,34,568,467,1,False,10.760311892549737,106.68371280856688,0.0,10.0,18.7,Clear
2167,Từ Cầu Nguyễn Văn Cừ đến An Dương Vương,2025-07-22 16:50:00,0,FRC2,28,34,568,467,1,False,10.761189348756318,106.68340155509297,0.0,10.0,18.7,Clear
2168,Từ Vòng Xoay Trần Phú đến ĐHSP,2025-07-22 16:50:00,1000,FRC4,29,29,198,198,1,False,10.757533515349062,106.67414436746735,0.0,10.0,18.7,Clear
2169,Từ Vòng Xoay Trần Phú đến ĐHSP,2025-07-22 16:50:00,900,FRC4,29,29,198,198,1,False,10.757824186413304,106.67502060044893,0.0,10.0,18.7,Clear
2170,Từ Vòng Xoay Trần Phú đến ĐHSP,2025-07-22 16:50:00,800,FRC4,29,29,198,198,1,False,10.758126036834728,106.67584372840122,0.0,10.0,18.7,Clear
2171,Từ Vòng Xoay Trần Phú đến ĐHSP,2025-07-22 16:50:00,700,FRC4,29,29,198,198,1,False,10.758483785091158,106.67667444278729,0.0,10.0,18.7,Clear
2172,Từ Vòng Xoay Trần Phú đến ĐHSP,2025-07-22 16:50:00,600,FRC4,29,29,198,198,1,False,10.758740916389923,106.67733446243443,0.0,10.0,18.7,Clear
2173,Từ Vòng Xoay Trần Phú đến ĐHSP,2025-07-22 16:50:00,500,FRC4,22,28,263,207,0.99,False,10.759121023128003,106.67817276325134,0.0,10.0,18.7,Clear
2174,Từ Vòng Xoay Trần Phú đến ĐHSP,2025-07-22 16:50:00,400,FRC4,22,28,263,207,0.99,False,10.759445231432741,106.6790186505005,0.0,10.0,18.7,Clear
2175,Từ Vòng Xoay Trần Phú đến ĐHSP,2025-07-22 16:50:00,300,FRC4,22,28,263,207,0.99,False,10.759784345493584,106.67986453775157,0.0,10.0,18.7,Clear
2176,Từ Vòng Xoay Trần Phú đến ĐHSP,2025-07-22 16:50:00,200,FRC4,22,28,263,207,0.99,False,10.76013091221701,106.68072559786684,0.0,10.0,18.7,Clear
2177,Từ Vòng Xoay Trần Phú đến ĐHSP,2025-07-22 16:50:00,100,FRC4,29,29,198,198,1,False,10.760458845955434,106.6815638986815,0.0,10.0,18.7,Clear
2178,Từ Vòng Xoay Trần Phú đến ĐHSP,2025-07-22 16:50:00,0,FRC4,29,29,198,198,1,False,10.760883668675298,106.6826449653469,0.0,10.0,18.7,Clear
2179,Từ Ngã Sáu Cộng Hòa đến An Dương Vương,2025-07-22 17:14:00,500,FRC3,33,33,760,760,1,False,10.765163027177051,106.68176325830919,0.0,10.0,14.4,Partly Cloudy
2180,Từ Ngã Sáu Cộng Hòa đến An Dương Vương,2025-07-22 17:14:00,400,FRC3,33,33,760,760,1,False,10.764283334954333,106.68210132878986,0.0,10.0,14.4,Partly Cloudy
2181,Từ Ngã Sáu Cộng Hòa đến An Dương Vương,2025-07-22 17:14:00,300,FRC3,33,33,760,760,1,False,10.763480856227291,106.68240386571111,0.0,10.0,14.4,Partly Cloudy
2182,Từ Ngã Sáu Cộng Hòa đến An Dương Vương,2025-07-22 17:14:00,200,FRC3,33,33,760,760,1,False,10.762642918836454,106.6827364596283,0.0,10.0,14.4,Partly Cloudy
2183,Từ Ngã Sáu Cộng Hòa đến An Dương Vương,2025-07-22 17:14:00,100,FRC3,33,33,760,760,1,False,10.7619261906941,106.68302613820323,0.0,10.0,14.4,Partly Cloudy
2184,Từ Ngã Sáu Cộng Hòa đến An Dương Vương,2025-07-22 17:14:00,0,FRC3,33,33,760,760,1,False,10.761156760056346,106.68331581677815,0.0,10.0,14.4,Partly Cloudy
2185,Từ Cầu Nguyễn Văn Cừ đến An Dương Vương,2025-07-22 17:14:00,700,FRC2,35,35,454,454,1,False,10.755556817425111,106.68578400873503,0.0,10.0,14.4,Partly Cloudy
2186,Từ Cầu Nguyễn Văn Cừ đến An Dương Vương,2025-07-22 17:14:00,600,FRC2,35,35,454,454,1,False,10.756358876280022,106.6853232069683,0.0,10.0,14.4,Partly Cloudy
2187,Từ Cầu Nguyễn Văn Cừ đến An Dương Vương,2025-07-22 17:14:00,500,FRC2,35,35,454,454,1,False,10.757138847709548,106.684944289696,0.0,10.0,14.4,Partly Cloudy
2188,Từ Cầu Nguyễn Văn Cừ đến An Dương Vương,2025-07-22 17:14:00,400,FRC2,35,35,454,454,1,False,10.757963133528543,106.68463303622572,0.0,10.0,14.4,Partly Cloudy
2189,Từ Cầu Nguyễn Văn Cừ đến An Dương Vương,2025-07-22 17:14:00,300,FRC2,35,35,454,454,1,False,10.758623446871004,106.68435335919212,0.0,10.0,14.4,Partly Cloudy
2190,Từ Cầu Nguyễn Văn Cừ đến An Dương Vương,2025-07-22 17:14:00,200,FRC6,27,27,628,628,1,False,10.759478749919925,106.68406917123804,0.0,10.0,14.4,Partly Cloudy
2191,Từ Cầu Nguyễn Văn Cừ đến An Dương Vương,2025-07-22 17:14:00,100,FRC2,35,35,454,454,1,False,10.760311892549737,106.68371280856688,0.0,10.0,14.4,Partly Cloudy
2192,Từ Cầu Nguyễn Văn Cừ đến An Dương Vương,2025-07-22 17:14:00,0,FRC2,35,35,454,454,1,False,10.761189348756318,106.68340155509297,0.0,10.0,14.4,Partly Cloudy
2193,Từ Vòng Xoay Trần Phú đến ĐHSP,2025-07-22 17:14:00,1000,FRC4,29,29,198,198,1,False,10.757533515349062,106.67414436746735,0.0,10.0,14.4,Partly Cloudy
2194,Từ Vòng Xoay Trần Phú đến ĐHSP,2025-07-22 17:14:00,900,FRC4,29,29,198,198,1,False,10.757824186413304,106.67502060044893,0.0,10.0,14.4,Partly Cloudy
2195,Từ Vòng Xoay Trần Phú đến ĐHSP,2025-07-22 17:14:00,800,FRC4,29,29,198,198,1,False,10.758126036834728,106.67584372840122,0.0,10.0,14.4,Partly Cloudy
2196,Từ Vòng Xoay Trần Phú đến ĐHSP,2025-07-22 17:14:00,700,FRC4,29,29,198,198,1,False,10.758483785091158,106.67667444278729,0.0,10.0,14.4,Partly Cloudy
2197,Từ Vòng Xoay Trần Phú đến ĐHSP,2025-07-22 17:14:00,600,FRC4,29,29,198,198,1,False,10.758740916389923,106.67733446243443,0.0,10.0,14.4,Partly Cloudy
2198,Từ Vòng Xoay Trần Phú đến ĐHSP,2025-07-22 17:14:00,500,FRC4,28,28,207,207,1,False,10.759121023128003,106.67817276325134,0.0,10.0,14.4,Partly Cloudy
2199,Từ Vòng Xoay Trần Phú đến ĐHSP,2025-07-22 17:14:00,400,FRC4,28,28,207,207,1,False,10.759445231432741,106.6790186505005,0.0,10.0,14.4,Partly Cloudy
2200,Từ Vòng Xoay Trần Phú đến ĐHSP,2025-07-22 17:14:00,300,FRC4,28,28,207,207,1,False,10.759784345493584,106.67986453775157,0.0,10.0,14.4,Partly Cloudy
2201,Từ Vòng Xoay Trần Phú đến ĐHSP,2025-07-22 17:14:00,200,FRC4,28,28,207,207,1,False,10.76013091221701,106.68072559786684,0.0,10.0,14.4,Partly Cloudy
2202,Từ Vòng Xoay Trần Phú đến ĐHSP,2025-07-22 17:14:00,100,FRC4,29,29,198,198,1,False,10.760458845955434,106.6815638986815,0.0,10.0,14.4,Partly Cloudy
2203,Từ Vòng Xoay Trần Phú đến ĐHSP,2025-07-22 17:14:00,0,FRC4,29,29,198,198,1,False,10.760883668675298,106.6826449653469,0.0,10.0,14.4,Partly Cloudy
2204,Từ Ngã Sáu Cộng Hòa đến An Dương Vương,2025-07-22 17:37:00,500,FRC3,33,33,760,760,1,False,10.765163027177051,106.68176325830919,0.0,10.0,14.4,Partly Cloudy
2205,Từ Ngã Sáu Cộng Hòa đến An Dương Vương,2025-07-22 17:37:00,400,FRC3,33,33,760,760,1,False,10.764283334954333,106.68210132878986,0.0,10.0,14.4,Partly Cloudy
2206,Từ Ngã Sáu Cộng Hòa đến An Dương Vương,2025-07-22 17:37:00,300,FRC3,33,33,760,760,1,False,10.763480856227291,106.68240386571111,0.0,10.0,14.4,Partly Cloudy
2207,Từ Ngã Sáu Cộng Hòa đến An Dương Vương,2025-07-22 17:37:00,200,FRC3,33,33,760,760,1,False,10.762642918836454,106.6827364596283,0.0,10.0,14.4,Partly Cloudy
2208,Từ Ngã Sáu Cộng Hòa đến An Dương Vương,2025-07-22 17:37:00,100,FRC3,33,33,760,760,1,False,10.7619261906941,106.68302613820323,0.0,10.0,14.4,Partly Cloudy
2209,Từ Ngã Sáu Cộng Hòa đến An Dương Vương,2025-07-22 17:37:00,0,FRC3,33,33,760,760,1,False,10.761156760056346,106.68331581677815,0.0,10.0,14.4,Partly Cloudy
2210,Từ Cầu Nguyễn Văn Cừ đến An Dương Vương,2025-07-22 17:37:00,700,FRC2,35,35,454,454,1,False,10.755556817425111,106.68578400873503,0.0,10.0,14.4,Partly Cloudy
2211,Từ Cầu Nguyễn Văn Cừ đến An Dương Vương,2025-07-22 17:37:00,600,FRC2,35,35,454,454,1,False,10.756358876280022,106.6853232069683,0.0,10.0,14.4,Partly Cloudy
2212,Từ Cầu Nguyễn Văn Cừ đến An Dương Vương,2025-07-22 17:37:00,500,FRC2,35,35,454,454,1,False,10.757138847709548,106.684944289696,0.0,10.0,14.4,Partly Cloudy
2213,Từ Cầu Nguyễn Văn Cừ đến An Dương Vương,2025-07-22 17:37:00,400,FRC2,35,35,454,454,1,False,10.757963133528543,106.68463303622572,0.0,10.0,14.4,Partly Cloudy
2214,Từ Cầu Nguyễn Văn Cừ đến An Dương Vương,2025-07-22 17:37:00,300,FRC2,35,35,454,454,1,False,10.758623446871004,106.68435335919212,0.0,10.0,14.4,Partly Cloudy
2215,Từ Cầu Nguyễn Văn Cừ đến An Dương Vương,2025-07-22 17:37:00,200,FRC6,27,27,628,628,1,False,10.759478749919925,106.68406917123804,0.0,10.0,14.4,Partly Cloudy
2216,Từ Cầu Nguyễn Văn Cừ đến An Dương Vương,2025-07-22 17:37:00,100,FRC2,35,35,454,454,1,False,10.760311892549737,106.68371280856688,0.0,10.0,14.4,Partly Cloudy
2217,Từ Cầu Nguyễn Văn Cừ đến An Dương Vương,2025-07-22 17:37:00,0,FRC2,35,35,454,454,1,False,10.761189348756318,106.68340155509297,0.0,10.0,14.4,Partly Cloudy
2218,Từ Vòng Xoay Trần Phú đến ĐHSP,2025-07-22 17:37:00,1000,FRC4,29,29,198,198,1,False,10.757533515349062,106.67414436746735,0.0,10.0,14.4,Partly Cloudy
2219,Từ Vòng Xoay Trần Phú đến ĐHSP,2025-07-22 17:37:00,900,FRC4,29,29,198,198,1,False,10.757824186413304,106.67502060044893,0.0,10.0,14.4,Partly Cloudy
2220,Từ Vòng Xoay Trần Phú đến ĐHSP,2025-07-22 17:37:00,800,FRC4,29,29,198,198,1,False,10.758126036834728,106.67584372840122,0.0,10.0,14.4,Partly Cloudy
2221,Từ Vòng Xoay Trần Phú đến ĐHSP,2025-07-22 17:37:00,700,FRC4,29,29,198,198,1,False,10.758483785091158,106.67667444278729,0.0,10.0,14.4,Partly Cloudy
2222,Từ Vòng Xoay Trần Phú đến ĐHSP,2025-07-22 17:37:00,600,FRC4,29,29,198,198,1,False,10.758740916389923,106.67733446243443,0.0,10.0,14.4,Partly Cloudy
2223,Từ Vòng Xoay Trần Phú đến ĐHSP,2025-07-22 17:37:00,500,FRC4,25,27,231,214,0.97,False,10.759121023128003,106.67817276325134,0.0,10.0,14.4,Partly Cloudy
2224,Từ Vòng Xoay Trần Phú đến ĐHSP,2025-07-22 17:37:00,400,FRC4,25,27,231,214,0.97,False,10.759445231432741,106.6790186505005,0.0,10.0,14.4,Partly Cloudy
2225,Từ Vòng Xoay Trần Phú đến ĐHSP,2025-07-22 17:37:00,300,FRC4,25,27,231,214,0.97,False,10.759784345493584,106.67986453775157,0.0,10.0,14.4,Partly Cloudy
2226,Từ Vòng Xoay Trần Phú đến ĐHSP,2025-07-22 17:37:00,200,FRC4,25,27,231,214,0.97,False,10.76013091221701,106.68072559786684,0.0,10.0,14.4,Partly Cloudy
2227,Từ Vòng Xoay Trần Phú đến ĐHSP,2025-07-22 17:37:00,100,FRC4,29,29,198,198,1,False,10.760458845955434,106.6815638986815,0.0,10.0,14.4,Partly Cloudy
2228,Từ Vòng Xoay Trần Phú đến ĐHSP,2025-07-22 17:37:00,0,FRC4,29,29,198,198,1,False,10.760883668675298,106.6826449653469,0.0,10.0,14.4,Partly Cloudy
2229,Từ Ngã Sáu Cộng Hòa đến An Dương Vương,2025-07-22 17:52:00,500,FRC3,33,33,760,760,1,False,10.765163027177051,106.68176325830919,0.0,10.0,14.4,Partly Cloudy
2230,Từ Ngã Sáu Cộng Hòa đến An Dương Vương,2025-07-22 17:52:00,400,FRC3,33,33,760,760,1,False,10.764283334954333,106.68210132878986,0.0,10.0,14.4,Partly Cloudy
2231,Từ Ngã Sáu Cộng Hòa đến An Dương Vương,2025-07-22 17:52:00,300,FRC3,33,33,760,760,1,False,10.763480856227291,106.68240386571111,0.0,10.0,14.4,Partly Cloudy
2232,Từ Ngã Sáu Cộng Hòa đến An Dương Vương,2025-07-22 17:52:00,200,FRC3,33,33,760,760,1,False,10.762642918836454,106.6827364596283,0.0,10.0,14.4,Partly Cloudy
2233,Từ Ngã Sáu Cộng Hòa đến An Dương Vương,2025-07-22 17:52:00,100,FRC3,33,33,760,760,1,False,10.7619261906941,106.68302613820323,0.0,10.0,14.4,Partly Cloudy
2234,Từ Ngã Sáu Cộng Hòa đến An Dương Vương,2025-07-22 17:52:00,0,FRC3,33,33,760,760,1,False,10.761156760056346,106.68331581677815,0.0,10.0,14.4,Partly Cloudy
2235,Từ Cầu Nguyễn Văn Cừ đến An Dương Vương,2025-07-22 17:52:00,700,FRC2,35,35,454,454,1,False,10.755556817425111,106.68578400873503,0.0,10.0,14.4,Partly Cloudy
2236,Từ Cầu Nguyễn Văn Cừ đến An Dương Vương,2025-07-22 17:52:00,600,FRC2,35,35,454,454,1,False,10.756358876280022,106.6853232069683,0.0,10.0,14.4,Partly Cloudy
2237,Từ Cầu Nguyễn Văn Cừ đến An Dương Vương,2025-07-22 17:52:00,500,FRC2,35,35,454,454,1,False,10.757138847709548,106.684944289696,0.0,10.0,14.4,Partly Cloudy
2238,Từ Cầu Nguyễn Văn Cừ đến An Dương Vương,2025-07-22 17:52:00,400,FRC2,35,35,454,454,1,False,10.757963133528543,106.68463303622572,0.0,10.0,14.4,Partly Cloudy
2239,Từ Cầu Nguyễn Văn Cừ đến An Dương Vương,2025-07-22 17:52:00,300,FRC2,35,35,454,454,1,False,10.758623446871004,106.68435335919212,0.0,10.0,14.4,Partly Cloudy
2240,Từ Cầu Nguyễn Văn Cừ đến An Dương Vương,2025-07-22 17:52:00,200,FRC6,27,27,628,628,1,False,10.759478749919925,106.68406917123804,0.0,10.0,14.4,Partly Cloudy
2241,Từ Cầu Nguyễn Văn Cừ đến An Dương Vương,2025-07-22 17:52:00,100,FRC2,35,35,454,454,1,False,10.760311892549737,106.68371280856688,0.0,10.0,14.4,Partly Cloudy
2242,Từ Cầu Nguyễn Văn Cừ đến An Dương Vương,2025-07-22 17:52:00,0,FRC2,35,35,454,454,1,False,10.761189348756318,106.68340155509297,0.0,10.0,14.4,Partly Cloudy
2243,Từ Vòng Xoay Trần Phú đến ĐHSP,2025-07-22 17:52:00,1000,FRC4,29,29,198,198,1,False,10.757533515349062,106.67414436746735,0.0,10.0,14.4,Partly Cloudy
2244,Từ Vòng Xoay Trần Phú đến ĐHSP,2025-07-22 17:52:00,900,FRC4,29,29,198,198,1,False,10.757824186413304,106.67502060044893,0.0,10.0,14.4,Partly Cloudy
2245,Từ Vòng Xoay Trần Phú đến ĐHSP,2025-07-22 17:52:00,800,FRC4,29,29,198,198,1,False,10.758126036834728,106.67584372840122,0.0,10.0,14.4,Partly Cloudy
2246,Từ Vòng Xoay Trần Phú đến ĐHSP,2025-07-22 17:52:00,700,FRC4,29,29,198,198,1,False,10.758483785091158,106.67667444278729,0.0,10.0,14.4,Partly Cloudy
2247,Từ Vòng Xoay Trần Phú đến ĐHSP,2025-07-22 17:52:00,600,FRC4,29,29,198,198,1,False,10.758740916389923,106.67733446243443,0.0,10.0,14.4,Partly Cloudy
2248,Từ Vòng Xoay Trần Phú đến ĐHSP,2025-07-22 17:52:00,500,FRC4,28,28,207,207,1,False,10.759121023128003,106.67817276325134,0.0,10.0,14.4,Partly Cloudy
2249,Từ Vòng Xoay Trần Phú đến ĐHSP,2025-07-22 17:52:00,400,FRC4,28,28,207,207,1,False,10.759445231432741,106.6790186505005,0.0,10.0,14.4,Partly Cloudy
2250,Từ Vòng Xoay Trần Phú đến ĐHSP,2025-07-22 17:52:00,300,FRC4,28,28,207,207,1,False,10.759784345493584,106.67986453775157,0.0,10.0,14.4,Partly Cloudy
2251,Từ Vòng Xoay Trần Phú đến ĐHSP,2025-07-22 17:52:00,200,FRC4,28,28,207,207,1,False,10.76013091221701,106.68072559786684,0.0,10.0,14.4,Partly Cloudy
2252,Từ Vòng Xoay Trần Phú đến ĐHSP,2025-07-22 17:52:00,100,FRC4,29,29,198,198,1,False,10.760458845955434,106.6815638986815,0.0,10.0,14.4,Partly Cloudy
2253,Từ Vòng Xoay Trần Phú đến ĐHSP,2025-07-22 17:52:00,0,FRC4,29,29,198,198,1,False,10.760883668675298,106.6826449653469,0.0,10.0,14.4,Partly Cloudy
2254,Từ Ngã Sáu Cộng Hòa đến An Dương Vương,2025-07-23 06:24:00,500,FRC3,23,33,1091,760,1,False,10.765163027177051,106.68176325830919,0.08,10.0,20.9,Partly cloudy
2255,Từ Ngã Sáu Cộng Hòa đến An Dương Vương,2025-07-23 06:24:00,400,FRC3,23,33,1091,760,1,False,10.764283334954333,106.68210132878986,0.08,10.0,20.9,Partly cloudy
2256,Từ Ngã Sáu Cộng Hòa đến An Dương Vương,2025-07-23 06:24:00,300,FRC3,23,33,1091,760,1,False,10.763480856227291,106.68240386571111,0.08,10.0,20.9,Partly cloudy
2257,Từ Ngã Sáu Cộng Hòa đến An Dương Vương,2025-07-23 06:24:00,200,FRC3,23,33,1091,760,1,False,10.762642918836454,106.6827364596283,0.08,10.0,20.9,Partly cloudy
2258,Từ Ngã Sáu Cộng Hòa đến An Dương Vương,2025-07-23 06:24:00,100,FRC3,23,33,1091,760,1,False,10.7619261906941,106.68302613820323,0.08,10.0,20.9,Partly cloudy
2259,Từ Ngã Sáu Cộng Hòa đến An Dương Vương,2025-07-23 06:24:00,0,FRC3,23,33,1091,760,1,False,10.761156760056346,106.68331581677815,0.08,10.0,20.9,Partly cloudy
2260,Từ Cầu Nguyễn Văn Cừ đến An Dương Vương,2025-07-23 06:24:00,700,FRC2,26,34,611,467,1,False,10.755556817425111,106.68578400873503,0.08,10.0,20.9,Partly cloudy
2261,Từ Cầu Nguyễn Văn Cừ đến An Dương Vương,2025-07-23 06:24:00,600,FRC2,26,34,611,467,1,False,10.756358876280022,106.6853232069683,0.08,10.0,20.9,Partly cloudy
2262,Từ Cầu Nguyễn Văn Cừ đến An Dương Vương,2025-07-23 06:24:00,500,FRC2,26,34,611,467,1,False,10.757138847709548,106.684944289696,0.08,10.0,20.9,Partly cloudy
2263,Từ Cầu Nguyễn Văn Cừ đến An Dương Vương,2025-07-23 06:24:00,400,FRC2,26,34,611,467,1,False,10.757963133528543,106.68463303622572,0.08,10.0,20.9,Partly cloudy
2264,Từ Cầu Nguyễn Văn Cừ đến An Dương Vương,2025-07-23 06:24:00,300,FRC2,26,34,611,467,1,False,10.758623446871004,106.68435335919212,0.08,10.0,20.9,Partly cloudy
2265,Từ Cầu Nguyễn Văn Cừ đến An Dương Vương,2025-07-23 06:24:00,200,FRC6,19,26,893,652,1,False,10.759478749919925,106.68406917123804,0.08,10.0,20.9,Partly cloudy
2266,Từ Cầu Nguyễn Văn Cừ đến An Dương Vương,2025-07-23 06:24:00,100,FRC2,26,34,611,467,1,False,10.760311892549737,106.68371280856688,0.08,10.0,20.9,Partly cloudy
2267,Từ Cầu Nguyễn Văn Cừ đến An Dương Vương,2025-07-23 06:24:00,0,FRC2,26,34,611,467,1,False,10.761189348756318,106.68340155509297,0.08,10.0,20.9,Partly cloudy
2268,Từ Vòng Xoay Trần Phú đến ĐHSP,2025-07-23 06:24:00,1000,FRC4,20,27,287,212,1,False,10.757533515349062,106.67414436746735,0.08,10.0,20.9,Partly cloudy
2269,Từ Vòng Xoay Trần Phú đến ĐHSP,2025-07-23 06:24:00,900,FRC4,20,27,287,212,1,False,10.757824186413304,106.67502060044893,0.08,10.0,20.9,Partly cloudy
2270,Từ Vòng Xoay Trần Phú đến ĐHSP,2025-07-23 06:24:00,800,FRC4,20,27,287,212,1,False,10.758126036834728,106.67584372840122,0.08,10.0,20.9,Partly cloudy
2271,Từ Vòng Xoay Trần Phú đến ĐHSP,2025-07-23 06:24:00,700,FRC4,20,27,287,212,1,False,10.758483785091158,106.67667444278729,0.08,10.0,20.9,Partly cloudy
2272,Từ Vòng Xoay Trần Phú đến ĐHSP,2025-07-23 06:24:00,600,FRC4,20,27,287,212,1,False,10.758740916389923,106.67733446243443,0.08,10.0,20.9,Partly cloudy
2273,Từ Vòng Xoay Trần Phú đến ĐHSP,2025-07-23 06:24:00,500,FRC4,20,28,289,207,0.996781,False,10.759121023128003,106.67817276325134,0.08,10.0,20.9,Partly cloudy
2274,Từ Vòng Xoay Trần Phú đến ĐHSP,2025-07-23 06:24:00,400,FRC4,20,28,289,207,0.996781,False,10.759445231432741,106.6790186505005,0.08,10.0,20.9,Partly cloudy
2275,Từ Vòng Xoay Trần Phú đến ĐHSP,2025-07-23 06:24:00,300,FRC4,20,28,289,207,0.996781,False,10.759784345493584,106.67986453775157,0.08,10.0,20.9,Partly cloudy
2276,Từ Vòng Xoay Trần Phú đến ĐHSP,2025-07-23 06:24:00,200,FRC4,20,28,289,207,0.996781,False,10.76013091221701,106.68072559786684,0.08,10.0,20.9,Partly cloudy
2277,Từ Vòng Xoay Trần Phú đến ĐHSP,2025-07-23 06:24:00,100,FRC4,20,27,287,212,1,False,10.760458845955434,106.6815638986815,0.08,10.0,20.9,Partly cloudy
2278,Từ Vòng Xoay Trần Phú đến ĐHSP,2025-07-23 06:24:00,0,FRC4,20,27,287,212,1,False,10.760883668675298,106.6826449653469,0.08,10.0,20.9,Partly cloudy
2279,Từ Ngã Sáu Cộng Hòa đến An Dương Vương,2025-07-23 06:54:00,500,FRC3,23,33,1091,760,1,False,10.765163027177051,106.68176325830919,0.08,10.0,20.9,Partly cloudy
2280,Từ Ngã Sáu Cộng Hòa đến An Dương Vương,2025-07-23 06:54:00,400,FRC3,23,33,1091,760,1,False,10.764283334954333,106.68210132878986,0.08,10.0,20.9,Partly cloudy
2281,Từ Ngã Sáu Cộng Hòa đến An Dương Vương,2025-07-23 06:54:00,300,FRC3,23,33,1091,760,1,False,10.763480856227291,106.68240386571111,0.08,10.0,20.9,Partly cloudy
2282,Từ Ngã Sáu Cộng Hòa đến An Dương Vương,2025-07-23 06:54:00,200,FRC3,23,33,1091,760,1,False,10.762642918836454,106.6827364596283,0.08,10.0,20.9,Partly cloudy
2283,Từ Ngã Sáu Cộng Hòa đến An Dương Vương,2025-07-23 06:54:00,100,FRC3,23,33,1091,760,1,False,10.7619261906941,106.68302613820323,0.08,10.0,20.9,Partly cloudy
2284,Từ Ngã Sáu Cộng Hòa đến An Dương Vương,2025-07-23 06:54:00,0,FRC3,23,33,1091,760,1,False,10.761156760056346,106.68331581677815,0.08,10.0,20.9,Partly cloudy
2285,Từ Cầu Nguyễn Văn Cừ đến An Dương Vương,2025-07-23 06:54:00,700,FRC2,23,34,691,467,1,False,10.755556817425111,106.68578400873503,0.08,10.0,20.9,Partly cloudy
2286,Từ Cầu Nguyễn Văn Cừ đến An Dương Vương,2025-07-23 06:54:00,600,FRC2,23,34,691,467,1,False,10.756358876280022,106.6853232069683,0.08,10.0,20.9,Partly cloudy
2287,Từ Cầu Nguyễn Văn Cừ đến An Dương Vương,2025-07-23 06:54:00,500,FRC2,23,34,691,467,1,False,10.757138847709548,106.684944289696,0.08,10.0,20.9,Partly cloudy
2288,Từ Cầu Nguyễn Văn Cừ đến An Dương Vương,2025-07-23 06:54:00,400,FRC2,23,34,691,467,1,False,10.757963133528543,106.68463303622572,0.08,10.0,20.9,Partly cloudy
2289,Từ Cầu Nguyễn Văn Cừ đến An Dương Vương,2025-07-23 06:54:00,300,FRC2,23,34,691,467,1,False,10.758623446871004,106.68435335919212,0.08,10.0,20.9,Partly cloudy
2290,Từ Cầu Nguyễn Văn Cừ đến An Dương Vương,2025-07-23 06:54:00,200,FRC6,18,26,943,652,1,False,10.759478749919925,106.68406917123804,0.08,10.0,20.9,Partly cloudy
2291,Từ Cầu Nguyễn Văn Cừ đến An Dương Vương,2025-07-23 06:54:00,100,FRC2,23,34,691,467,1,False,10.760311892549737,106.68371280856688,0.08,10.0,20.9,Partly cloudy
2292,Từ Cầu Nguyễn Văn Cừ đến An Dương Vương,2025-07-23 06:54:00,0,FRC2,23,34,691,467,1,False,10.761189348756318,106.68340155509297,0.08,10.0,20.9,Partly cloudy
2293,Từ Vòng Xoay Trần Phú đến ĐHSP,2025-07-23 06:54:00,1000,FRC4,21,28,273,205,1,False,10.757533515349062,106.67414436746735,0.08,10.0,20.9,Partly cloudy
2294,Từ Vòng Xoay Trần Phú đến ĐHSP,2025-07-23 06:54:00,900,FRC4,21,28,273,205,1,False,10.757824186413304,106.67502060044893,0.08,10.0,20.9,Partly cloudy
2295,Từ Vòng Xoay Trần Phú đến ĐHSP,2025-07-23 06:54:00,800,FRC4,21,28,273,205,1,False,10.758126036834728,106.67584372840122,0.08,10.0,20.9,Partly cloudy
2296,Từ Vòng Xoay Trần Phú đến ĐHSP,2025-07-23 06:54:00,700,FRC4,21,28,273,205,1,False,10.758483785091158,106.67667444278729,0.08,10.0,20.9,Partly cloudy
2297,Từ Vòng Xoay Trần Phú đến ĐHSP,2025-07-23 06:54:00,600,FRC4,21,28,273,205,1,False,10.758740916389923,106.67733446243443,0.08,10.0,20.9,Partly cloudy
2298,Từ Vòng Xoay Trần Phú đến ĐHSP,2025-07-23 06:54:00,500,FRC4,18,29,322,199,1,False,10.759121023128003,106.67817276325134,0.08,10.0,20.9,Partly cloudy
2299,Từ Vòng Xoay Trần Phú đến ĐHSP,2025-07-23 06:54:00,400,FRC4,18,29,322,199,1,False,10.759445231432741,106.6790186505005,0.08,10.0,20.9,Partly cloudy
2300,Từ Vòng Xoay Trần Phú đến ĐHSP,2025-07-23 06:54:00,300,FRC4,18,29,322,199,1,False,10.759784345493584,106.67986453775157,0.08,10.0,20.9,Partly cloudy
2301,Từ Vòng Xoay Trần Phú đến ĐHSP,2025-07-23 06:54:00,200,FRC4,18,29,322,199,1,False,10.76013091221701,106.68072559786684,0.08,10.0,20.9,Partly cloudy
2302,Từ Vòng Xoay Trần Phú đến ĐHSP,2025-07-23 06:54:00,100,FRC4,21,28,273,205,1,False,10.760458845955434,106.6815638986815,0.08,10.0,20.9,Partly cloudy
2303,Từ Vòng Xoay Trần Phú đến ĐHSP,2025-07-23 06:54:00,0,FRC4,21,28,273,205,1,False,10.760883668675298,106.6826449653469,0.08,10.0,20.9,Partly cloudy
2304,Từ Ngã Sáu Cộng Hòa đến An Dương Vương,2025-07-23 07:20:00,500,FRC3,21,33,1195,760,1,False,10.765163027177051,106.68176325830919,0.0,10.0,18.4,Overcast
2305,Từ Ngã Sáu Cộng Hòa đến An Dương Vương,2025-07-23 07:20:00,400,FRC3,21,33,1195,760,1,False,10.764283334954333,106.68210132878986,0.0,10.0,18.4,Overcast
2306,Từ Ngã Sáu Cộng Hòa đến An Dương Vương,2025-07-23 07:20:00,300,FRC3,21,33,1195,760,1,False,10.763480856227291,106.68240386571111,0.0,10.0,18.4,Overcast
2307,Từ Ngã Sáu Cộng Hòa đến An Dương Vương,2025-07-23 07:20:00,200,FRC3,21,33,1195,760,1,False,10.762642918836454,106.6827364596283,0.0,10.0,18.4,Overcast
2308,Từ Ngã Sáu Cộng Hòa đến An Dương Vương,2025-07-23 07:20:00,100,FRC3,21,33,1195,760,1,False,10.7619261906941,106.68302613820323,0.0,10.0,18.4,Overcast
2309,Từ Ngã Sáu Cộng Hòa đến An Dương Vương,2025-07-23 07:20:00,0,FRC3,21,33,1195,760,1,False,10.761156760056346,106.68331581677815,0.0,10.0,18.4,Overcast
2310,Từ Cầu Nguyễn Văn Cừ đến An Dương Vương,2025-07-23 07:20:00,700,FRC2,27,34,589,467,1,False,10.755556817425111,106.68578400873503,0.0,10.0,18.4,Overcast
2311,Từ Cầu Nguyễn Văn Cừ đến An Dương Vương,2025-07-23 07:20:00,600,FRC2,27,34,589,467,1,False,10.756358876280022,106.6853232069683,0.0,10.0,18.4,Overcast
2312,Từ Cầu Nguyễn Văn Cừ đến An Dương Vương,2025-07-23 07:20:00,500,FRC2,27,34,589,467,1,False,10.757138847709548,106.684944289696,0.0,10.0,18.4,Overcast
2313,Từ Cầu Nguyễn Văn Cừ đến An Dương Vương,2025-07-23 07:20:00,400,FRC2,27,34,589,467,1,False,10.757963133528543,106.68463303622572,0.0,10.0,18.4,Overcast
2314,Từ Cầu Nguyễn Văn Cừ đến An Dương Vương,2025-07-23 07:20:00,300,FRC2,27,34,589,467,1,False,10.758623446871004,106.68435335919212,0.0,10.0,18.4,Overcast
2315,Từ Cầu Nguyễn Văn Cừ đến An Dương Vương,2025-07-23 07:20:00,200,FRC6,19,26,893,652,1,False,10.759478749919925,106.68406917123804,0.0,10.0,18.4,Overcast
2316,Từ Cầu Nguyễn Văn Cừ đến An Dương Vương,2025-07-23 07:20:00,100,FRC2,27,34,589,467,1,False,10.760311892549737,106.68371280856688,0.0,10.0,18.4,Overcast
2317,Từ Cầu Nguyễn Văn Cừ đến An Dương Vương,2025-07-23 07:20:00,0,FRC2,27,34,589,467,1,False,10.761189348756318,106.68340155509297,0.0,10.0,18.4,Overcast
2318,Từ Vòng Xoay Trần Phú đến ĐHSP,2025-07-23 07:20:00,1000,FRC4,23,29,249,198,1,False,10.757533515349062,106.67414436746735,0.0,10.0,18.4,Overcast
2319,Từ Vòng Xoay Trần Phú đến ĐHSP,2025-07-23 07:20:00,900,FRC4,23,29,249,198,1,False,10.757824186413304,106.67502060044893,0.0,10.0,18.4,Overcast
2320,Từ Vòng Xoay Trần Phú đến ĐHSP,2025-07-23 07:20:00,800,FRC4,23,29,249,198,1,False,10.758126036834728,106.67584372840122,0.0,10.0,18.4,Overcast
2321,Từ Vòng Xoay Trần Phú đến ĐHSP,2025-07-23 07:20:00,700,FRC4,23,29,249,198,1,False,10.758483785091158,106.67667444278729,0.0,10.0,18.4,Overcast
2322,Từ Vòng Xoay Trần Phú đến ĐHSP,2025-07-23 07:20:00,600,FRC4,23,29,249,198,1,False,10.758740916389923,106.67733446243443,0.0,10.0,18.4,Overcast
2323,Từ Vòng Xoay Trần Phú đến ĐHSP,2025-07-23 07:20:00,500,FRC4,20,28,289,207,0.996787,False,10.759121023128003,106.67817276325134,0.0,10.0,18.4,Overcast
2324,Từ Vòng Xoay Trần Phú đến ĐHSP,2025-07-23 07:20:00,400,FRC4,20,28,289,207,0.996787,False,10.759445231432741,106.6790186505005,0.0,10.0,18.4,Overcast
2325,Từ Vòng Xoay Trần Phú đến ĐHSP,2025-07-23 07:20:00,300,FRC4,20,28,289,207,0.996787,False,10.759784345493584,106.67986453775157,0.0,10.0,18.4,Overcast
2326,Từ Vòng Xoay Trần Phú đến ĐHSP,2025-07-23 07:20:00,200,FRC4,20,28,289,207,0.996787,False,10.76013091221701,106.68072559786684,0.0,10.0,18.4,Overcast
2327,Từ Vòng Xoay Trần Phú đến ĐHSP,2025-07-23 07:20:00,100,FRC4,23,29,249,198,1,False,10.760458845955434,106.6815638986815,0.0,10.0,18.4,Overcast
2328,Từ Vòng Xoay Trần Phú đến ĐHSP,2025-07-23 07:20:00,0,FRC4,23,29,249,198,1,False,10.760883668675298,106.6826449653469,0.0,10.0,18.4,Overcast
2329,Từ Ngã Sáu Cộng Hòa đến An Dương Vương,2025-07-23 07:44:00,500,FRC3,22,33,1141,760,1,False,10.765163027177051,106.68176325830919,0.0,10.0,18.4,Overcast
2330,Từ Ngã Sáu Cộng Hòa đến An Dương Vương,2025-07-23 07:44:00,400,FRC3,22,33,1141,760,1,False,10.764283334954333,106.68210132878986,0.0,10.0,18.4,Overcast
2331,Từ Ngã Sáu Cộng Hòa đến An Dương Vương,2025-07-23 07:44:00,300,FRC3,22,33,1141,760,1,False,10.763480856227291,106.68240386571111,0.0,10.0,18.4,Overcast
2332,Từ Ngã Sáu Cộng Hòa đến An Dương Vương,2025-07-23 07:44:00,200,FRC3,22,33,1141,760,1,False,10.762642918836454,106.6827364596283,0.0,10.0,18.4,Overcast
2333,Từ Ngã Sáu Cộng Hòa đến An Dương Vương,2025-07-23 07:44:00,100,FRC3,22,33,1141,760,1,False,10.7619261906941,106.68302613820323,0.0,10.0,18.4,Overcast
2334,Từ Ngã Sáu Cộng Hòa đến An Dương Vương,2025-07-23 07:44:00,0,FRC3,22,33,1141,760,1,False,10.761156760056346,106.68331581677815,0.0,10.0,18.4,Overcast
2335,Từ Cầu Nguyễn Văn Cừ đến An Dương Vương,2025-07-23 07:44:00,700,FRC2,23,34,691,467,1,False,10.755556817425111,106.68578400873503,0.0,10.0,18.4,Overcast
2336,Từ Cầu Nguyễn Văn Cừ đến An Dương Vương,2025-07-23 07:44:00,600,FRC2,23,34,691,467,1,False,10.756358876280022,106.6853232069683,0.0,10.0,18.4,Overcast
2337,Từ Cầu Nguyễn Văn Cừ đến An Dương Vương,2025-07-23 07:44:00,500,FRC2,23,34,691,467,1,False,10.757138847709548,106.684944289696,0.0,10.0,18.4,Overcast
2338,Từ Cầu Nguyễn Văn Cừ đến An Dương Vương,2025-07-23 07:44:00,400,FRC2,23,34,691,467,1,False,10.757963133528543,106.68463303622572,0.0,10.0,18.4,Overcast
2339,Từ Cầu Nguyễn Văn Cừ đến An Dương Vương,2025-07-23 07:44:00,300,FRC2,23,34,691,467,1,False,10.758623446871004,106.68435335919212,0.0,10.0,18.4,Overcast
2340,Từ Cầu Nguyễn Văn Cừ đến An Dương Vương,2025-07-23 07:44:00,200,FRC6,17,27,998,628,1,False,10.759478749919925,106.68406917123804,0.0,10.0,18.4,Overcast
2341,Từ Cầu Nguyễn Văn Cừ đến An Dương Vương,2025-07-23 07:44:00,100,FRC2,23,34,691,467,1,False,10.760311892549737,106.68371280856688,0.0,10.0,18.4,Overcast
2342,Từ Cầu Nguyễn Văn Cừ đến An Dương Vương,2025-07-23 07:44:00,0,FRC2,23,34,691,467,1,False,10.761189348756318,106.68340155509297,0.0,10.0,18.4,Overcast
2343,Từ Vòng Xoay Trần Phú đến ĐHSP,2025-07-23 07:44:00,1000,FRC4,23,28,249,205,1,False,10.757533515349062,106.67414436746735,0.0,10.0,18.4,Overcast
2344,Từ Vòng Xoay Trần Phú đến ĐHSP,2025-07-23 07:44:00,900,FRC4,23,28,249,205,1,False,10.757824186413304,106.67502060044893,0.0,10.0,18.4,Overcast
2345,Từ Vòng Xoay Trần Phú đến ĐHSP,2025-07-23 07:44:00,800,FRC4,23,28,249,205,1,False,10.758126036834728,106.67584372840122,0.0,10.0,18.4,Overcast
2346,Từ Vòng Xoay Trần Phú đến ĐHSP,2025-07-23 07:44:00,700,FRC4,23,28,249,205,1,False,10.758483785091158,106.67667444278729,0.0,10.0,18.4,Overcast
2347,Từ Vòng Xoay Trần Phú đến ĐHSP,2025-07-23 07:44:00,600,FRC4,23,28,249,205,1,False,10.758740916389923,106.67733446243443,0.0,10.0,18.4,Overcast
2348,Từ Vòng Xoay Trần Phú đến ĐHSP,2025-07-23 07:44:00,500,FRC4,22,28,263,207,0.996775,False,10.759121023128003,106.67817276325134,0.0,10.0,18.4,Overcast
2349,Từ Vòng Xoay Trần Phú đến ĐHSP,2025-07-23 07:44:00,400,FRC4,22,28,263,207,0.996775,False,10.759445231432741,106.6790186505005,0.0,10.0,18.4,Overcast
2350,Từ Vòng Xoay Trần Phú đến ĐHSP,2025-07-23 07:44:00,300,FRC4,22,28,263,207,0.996775,False,10.759784345493584,106.67986453775157,0.0,10.0,18.4,Overcast
2351,Từ Vòng Xoay Trần Phú đến ĐHSP,2025-07-23 07:44:00,200,FRC4,22,28,263,207,0.996775,False,10.76013091221701,106.68072559786684,0.0,10.0,18.4,Overcast
2352,Từ Vòng Xoay Trần Phú đến ĐHSP,2025-07-23 07:44:00,100,FRC4,22,28,261,205,1,False,10.760458845955434,106.6815638986815,0.0,10.0,18.4,Overcast
2353,Từ Vòng Xoay Trần Phú đến ĐHSP,2025-07-23 07:44:00,0,FRC4,22,28,261,205,1,False,10.760883668675298,106.6826449653469,0.0,10.0,18.4,Overcast
2354,Từ Ngã Sáu Cộng Hòa đến An Dương Vương,2025-07-23 07:54:00,500,FRC3,19,33,1321,760,1,False,10.765163027177051,106.68176325830919,0.0,10.0,18.4,Overcast
2355,Từ Ngã Sáu Cộng Hòa đến An Dương Vương,2025-07-23 07:54:00,400,FRC3,19,33,1321,760,1,False,10.764283334954333,106.68210132878986,0.0,10.0,18.4,Overcast
2356,Từ Ngã Sáu Cộng Hòa đến An Dương Vương,2025-07-23 07:54:00,300,FRC3,19,33,1321,760,1,False,10.763480856227291,106.68240386571111,0.0,10.0,18.4,Overcast
2357,Từ Ngã Sáu Cộng Hòa đến An Dương Vương,2025-07-23 07:54:00,200,FRC3,19,33,1321,760,1,False,10.762642918836454,106.6827364596283,0.0,10.0,18.4,Overcast
2358,Từ Ngã Sáu Cộng Hòa đến An Dương Vương,2025-07-23 07:54:00,100,FRC3,19,33,1321,760,1,False,10.7619261906941,106.68302613820323,0.0,10.0,18.4,Overcast
2359,Từ Ngã Sáu Cộng Hòa đến An Dương Vương,2025-07-23 07:54:00,0,FRC3,19,33,1321,760,1,False,10.761156760056346,106.68331581677815,0.0,10.0,18.4,Overcast
2360,Từ Cầu Nguyễn Văn Cừ đến An Dương Vương,2025-07-23 07:54:00,700,FRC2,23,34,691,467,1,False,10.755556817425111,106.68578400873503,0.0,10.0,18.4,Overcast
2361,Từ Cầu Nguyễn Văn Cừ đến An Dương Vương,2025-07-23 07:54:00,600,FRC2,23,34,691,467,1,False,10.756358876280022,106.6853232069683,0.0,10.0,18.4,Overcast
2362,Từ Cầu Nguyễn Văn Cừ đến An Dương Vương,2025-07-23 07:54:00,500,FRC2,23,34,691,467,1,False,10.757138847709548,106.684944289696,0.0,10.0,18.4,Overcast
2363,Từ Cầu Nguyễn Văn Cừ đến An Dương Vương,2025-07-23 07:54:00,400,FRC2,23,34,691,467,1,False,10.757963133528543,106.68463303622572,0.0,10.0,18.4,Overcast
2364,Từ Cầu Nguyễn Văn Cừ đến An Dương Vương,2025-07-23 07:54:00,300,FRC2,23,34,691,467,1,False,10.758623446871004,106.68435335919212,0.0,10.0,18.4,Overcast
2365,Từ Cầu Nguyễn Văn Cừ đến An Dương Vương,2025-07-23 07:54:00,200,FRC6,16,26,1061,652,1,False,10.759478749919925,106.68406917123804,0.0,10.0,18.4,Overcast
2366,Từ Cầu Nguyễn Văn Cừ đến An Dương Vương,2025-07-23 07:54:00,100,FRC2,23,34,691,467,1,False,10.760311892549737,106.68371280856688,0.0,10.0,18.4,Overcast
2367,Từ Cầu Nguyễn Văn Cừ đến An Dương Vương,2025-07-23 07:54:00,0,FRC2,23,34,691,467,1,False,10.761189348756318,106.68340155509297,0.0,10.0,18.4,Overcast
2368,Từ Vòng Xoay Trần Phú đến ĐHSP,2025-07-23 07:54:00,1000,FRC4,20,29,287,198,1,False,10.757533515349062,106.67414436746735,0.0,10.0,18.4,Overcast
2369,Từ Vòng Xoay Trần Phú đến ĐHSP,2025-07-23 07:54:00,900,FRC4,20,29,287,198,1,False,10.757824186413304,106.67502060044893,0.0,10.0,18.4,Overcast
2370,Từ Vòng Xoay Trần Phú đến ĐHSP,2025-07-23 07:54:00,800,FRC4,20,29,287,198,1,False,10.758126036834728,106.67584372840122,0.0,10.0,18.4,Overcast
2371,Từ Vòng Xoay Trần Phú đến ĐHSP,2025-07-23 07:54:00,700,FRC4,20,29,287,198,1,False,10.758483785091158,106.67667444278729,0.0,10.0,18.4,Overcast
2372,Từ Vòng Xoay Trần Phú đến ĐHSP,2025-07-23 07:54:00,600,FRC4,20,29,287,198,1,False,10.758740916389923,106.67733446243443,0.0,10.0,18.4,Overcast
2373,Từ Vòng Xoay Trần Phú đến ĐHSP,2025-07-23 07:54:00,500,FRC4,17,28,341,207,0.996775,False,10.759121023128003,106.67817276325134,0.0,10.0,18.4,Overcast
2374,Từ Vòng Xoay Trần Phú đến ĐHSP,2025-07-23 07:54:00,400,FRC4,18,27,322,214,1,False,10.759445231432741,106.6790186505005,0.0,10.0,18.4,Overcast
2375,Từ Vòng Xoay Trần Phú đến ĐHSP,2025-07-23 07:54:00,300,FRC4,18,27,322,214,1,False,10.759784345493584,106.67986453775157,0.0,10.0,18.4,Overcast
2376,Từ Vòng Xoay Trần Phú đến ĐHSP,2025-07-23 07:54:00,200,FRC4,18,27,322,214,1,False,10.76013091221701,106.68072559786684,0.0,10.0,18.4,Overcast
2377,Từ Vòng Xoay Trần Phú đến ĐHSP,2025-07-23 07:54:00,100,FRC4,19,28,302,205,1,False,10.760458845955434,106.6815638986815,0.0,10.0,18.4,Overcast
2378,Từ Vòng Xoay Trần Phú đến ĐHSP,2025-07-23 07:54:00,0,FRC4,19,28,302,205,1,False,10.760883668675298,106.6826449653469,0.0,10.0,18.4,Overcast
2379,Từ Ngã Sáu Cộng Hòa đến An Dương Vương,2025-07-23 08:22:00,500,FRC3,20,32,1255,784,1,False,10.765163027177051,106.68176325830919,0.0,10.0,23.8,Partly cloudy
2380,Từ Ngã Sáu Cộng Hòa đến An Dương Vương,2025-07-23 08:22:00,400,FRC3,20,32,1255,784,1,False,10.764283334954333,106.68210132878986,0.0,10.0,23.8,Partly cloudy
2381,Từ Ngã Sáu Cộng Hòa đến An Dương Vương,2025-07-23 08:22:00,300,FRC3,20,32,1255,784,1,False,10.763480856227291,106.68240386571111,0.0,10.0,23.8,Partly cloudy
2382,Từ Ngã Sáu Cộng Hòa đến An Dương Vương,2025-07-23 08:22:00,200,FRC3,20,32,1255,784,1,False,10.762642918836454,106.6827364596283,0.0,10.0,23.8,Partly cloudy
2383,Từ Ngã Sáu Cộng Hòa đến An Dương Vương,2025-07-23 08:22:00,100,FRC3,20,32,1255,784,1,False,10.7619261906941,106.68302613820323,0.0,10.0,23.8,Partly cloudy
2384,Từ Ngã Sáu Cộng Hòa đến An Dương Vương,2025-07-23 08:22:00,0,FRC3,20,32,1255,784,1,False,10.761156760056346,106.68331581677815,0.0,10.0,23.8,Partly cloudy
2385,Từ Cầu Nguyễn Văn Cừ đến An Dương Vương,2025-07-23 08:22:00,700,FRC2,25,34,636,467,1,False,10.755556817425111,106.68578400873503,0.0,10.0,23.8,Partly cloudy
2386,Từ Cầu Nguyễn Văn Cừ đến An Dương Vương,2025-07-23 08:22:00,600,FRC2,25,34,636,467,1,False,10.756358876280022,106.6853232069683,0.0,10.0,23.8,Partly cloudy
2387,Từ Cầu Nguyễn Văn Cừ đến An Dương Vương,2025-07-23 08:22:00,500,FRC2,25,34,636,467,1,False,10.757138847709548,106.684944289696,0.0,10.0,23.8,Partly cloudy
2388,Từ Cầu Nguyễn Văn Cừ đến An Dương Vương,2025-07-23 08:22:00,400,FRC2,25,34,636,467,1,False,10.757963133528543,106.68463303622572,0.0,10.0,23.8,Partly cloudy
2389,Từ Cầu Nguyễn Văn Cừ đến An Dương Vương,2025-07-23 08:22:00,300,FRC2,25,34,636,467,1,False,10.758623446871004,106.68435335919212,0.0,10.0,23.8,Partly cloudy
2390,Từ Cầu Nguyễn Văn Cừ đến An Dương Vương,2025-07-23 08:22:00,200,FRC6,20,26,848,652,1,False,10.759478749919925,106.68406917123804,0.0,10.0,23.8,Partly cloudy
2391,Từ Cầu Nguyễn Văn Cừ đến An Dương Vương,2025-07-23 08:22:00,100,FRC2,25,34,636,467,1,False,10.760311892549737,106.68371280856688,0.0,10.0,23.8,Partly cloudy
2392,Từ Cầu Nguyễn Văn Cừ đến An Dương Vương,2025-07-23 08:22:00,0,FRC2,25,34,636,467,1,False,10.761189348756318,106.68340155509297,0.0,10.0,23.8,Partly cloudy
2393,Từ Vòng Xoay Trần Phú đến ĐHSP,2025-07-23 08:22:00,1000,FRC4,22,28,261,205,1,False,10.757533515349062,106.67414436746735,0.0,10.0,23.8,Partly cloudy
2394,Từ Vòng Xoay Trần Phú đến ĐHSP,2025-07-23 08:22:00,900,FRC4,22,28,261,205,1,False,10.757824186413304,106.67502060044893,0.0,10.0,23.8,Partly cloudy
2395,Từ Vòng Xoay Trần Phú đến ĐHSP,2025-07-23 08:22:00,800,FRC4,22,28,261,205,1,False,10.758126036834728,106.67584372840122,0.0,10.0,23.8,Partly cloudy
2396,Từ Vòng Xoay Trần Phú đến ĐHSP,2025-07-23 08:22:00,700,FRC4,22,28,261,205,1,False,10.758483785091158,106.67667444278729,0.0,10.0,23.8,Partly cloudy
2397,Từ Vòng Xoay Trần Phú đến ĐHSP,2025-07-23 08:22:00,600,FRC4,22,28,261,205,1,False,10.758740916389923,106.67733446243443,0.0,10.0,23.8,Partly cloudy
2398,Từ Vòng Xoay Trần Phú đến ĐHSP,2025-07-23 08:22:00,500,FRC4,18,28,322,207,1,False,10.759121023128003,106.67817276325134,0.0,10.0,23.8,Partly cloudy
2399,Từ Vòng Xoay Trần Phú đến ĐHSP,2025-07-23 08:22:00,400,FRC4,18,28,322,207,1,False,10.759445231432741,106.6790186505005,0.0,10.0,23.8,Partly cloudy
2400,Từ Vòng Xoay Trần Phú đến ĐHSP,2025-07-23 08:22:00,300,FRC4,18,28,322,207,1,False,10.759784345493584,106.67986453775157,0.0,10.0,23.8,Partly cloudy
2401,Từ Vòng Xoay Trần Phú đến ĐHSP,2025-07-23 08:22:00,200,FRC4,18,28,322,207,1,False,10.76013091221701,106.68072559786684,0.0,10.0,23.8,Partly cloudy
2402,Từ Vòng Xoay Trần Phú đến ĐHSP,2025-07-23 08:22:00,100,FRC4,22,28,261,205,1,False,10.760458845955434,106.6815638986815,0.0,10.0,23.8,Partly cloudy
2403,Từ Vòng Xoay Trần Phú đến ĐHSP,2025-07-23 08:22:00,0,FRC4,22,28,261,205,1,False,10.760883668675298,106.6826449653469,0.0,10.0,23.8,Partly cloudy
2404,Từ Ngã Sáu Cộng Hòa đến An Dương Vương,2025-07-23 08:51:00,500,FRC3,21,32,1195,784,1,False,10.765163027177051,106.68176325830919,0.0,10.0,23.8,Partly cloudy
2405,Từ Ngã Sáu Cộng Hòa đến An Dương Vương,2025-07-23 08:51:00,400,FRC3,21,32,1195,784,1,False,10.764283334954333,106.68210132878986,0.0,10.0,23.8,Partly cloudy
2406,Từ Ngã Sáu Cộng Hòa đến An Dương Vương,2025-07-23 08:51:00,300,FRC3,21,32,1195,784,1,False,10.763480856227291,106.68240386571111,0.0,10.0,23.8,Partly cloudy
2407,Từ Ngã Sáu Cộng Hòa đến An Dương Vương,2025-07-23 08:51:00,200,FRC3,21,32,1195,784,1,False,10.762642918836454,106.6827364596283,0.0,10.0,23.8,Partly cloudy
2408,Từ Ngã Sáu Cộng Hòa đến An Dương Vương,2025-07-23 08:51:00,100,FRC3,21,32,1195,784,1,False,10.7619261906941,106.68302613820323,0.0,10.0,23.8,Partly cloudy
2409,Từ Ngã Sáu Cộng Hòa đến An Dương Vương,2025-07-23 08:51:00,0,FRC3,21,32,1195,784,1,False,10.761156760056346,106.68331581677815,0.0,10.0,23.8,Partly cloudy
2410,Từ Cầu Nguyễn Văn Cừ đến An Dương Vương,2025-07-23 08:51:00,700,FRC2,25,34,636,467,1,False,10.755556817425111,106.68578400873503,0.0,10.0,23.8,Partly cloudy
2411,Từ Cầu Nguyễn Văn Cừ đến An Dương Vương,2025-07-23 08:51:00,600,FRC2,25,34,636,467,1,False,10.756358876280022,106.6853232069683,0.0,10.0,23.8,Partly cloudy
2412,Từ Cầu Nguyễn Văn Cừ đến An Dương Vương,2025-07-23 08:51:00,500,FRC2,25,34,636,467,1,False,10.757138847709548,106.684944289696,0.0,10.0,23.8,Partly cloudy
2413,Từ Cầu Nguyễn Văn Cừ đến An Dương Vương,2025-07-23 08:51:00,400,FRC2,25,34,636,467,1,False,10.757963133528543,106.68463303622572,0.0,10.0,23.8,Partly cloudy
2414,Từ Cầu Nguyễn Văn Cừ đến An Dương Vương,2025-07-23 08:51:00,300,FRC2,25,34,636,467,1,False,10.758623446871004,106.68435335919212,0.0,10.0,23.8,Partly cloudy
2415,Từ Cầu Nguyễn Văn Cừ đến An Dương Vương,2025-07-23 08:51:00,200,FRC6,20,26,848,652,1,False,10.759478749919925,106.68406917123804,0.0,10.0,23.8,Partly cloudy
2416,Từ Cầu Nguyễn Văn Cừ đến An Dương Vương,2025-07-23 08:51:00,100,FRC2,25,34,636,467,1,False,10.760311892549737,106.68371280856688,0.0,10.0,23.8,Partly cloudy
2417,Từ Cầu Nguyễn Văn Cừ đến An Dương Vương,2025-07-23 08:51:00,0,FRC2,25,34,636,467,1,False,10.761189348756318,106.68340155509297,0.0,10.0,23.8,Partly cloudy
2418,Từ Vòng Xoay Trần Phú đến ĐHSP,2025-07-23 08:51:00,1000,FRC4,20,29,287,198,1,False,10.757533515349062,106.67414436746735,0.0,10.0,23.8,Partly cloudy
2419,Từ Vòng Xoay Trần Phú đến ĐHSP,2025-07-23 08:51:00,900,FRC4,20,29,287,198,1,False,10.757824186413304,106.67502060044893,0.0,10.0,23.8,Partly cloudy
2420,Từ Vòng Xoay Trần Phú đến ĐHSP,2025-07-23 08:51:00,800,FRC4,20,29,287,198,1,False,10.758126036834728,106.67584372840122,0.0,10.0,23.8,Partly cloudy
2421,Từ Vòng Xoay Trần Phú đến ĐHSP,2025-07-23 08:51:00,700,FRC4,20,29,287,198,1,False,10.758483785091158,106.67667444278729,0.0,10.0,23.8,Partly cloudy
2422,Từ Vòng Xoay Trần Phú đến ĐHSP,2025-07-23 08:51:00,600,FRC4,20,29,287,198,1,False,10.758740916389923,106.67733446243443,0.0,10.0,23.8,Partly cloudy
2423,Từ Vòng Xoay Trần Phú đến ĐHSP,2025-07-23 08:51:00,500,FRC4,21,28,276,207,1,False,10.759121023128003,106.67817276325134,0.0,10.0,23.8,Partly cloudy
2424,Từ Vòng Xoay Trần Phú đến ĐHSP,2025-07-23 08:51:00,400,FRC4,21,28,276,207,1,False,10.759445231432741,106.6790186505005,0.0,10.0,23.8,Partly cloudy
2425,Từ Vòng Xoay Trần Phú đến ĐHSP,2025-07-23 08:51:00,300,FRC4,21,28,276,207,1,False,10.759784345493584,106.67986453775157,0.0,10.0,23.8,Partly cloudy
2426,Từ Vòng Xoay Trần Phú đến ĐHSP,2025-07-23 08:51:00,200,FRC4,21,28,276,207,1,False,10.76013091221701,106.68072559786684,0.0,10.0,23.8,Partly cloudy
2427,Từ Vòng Xoay Trần Phú đến ĐHSP,2025-07-23 08:51:00,100,FRC4,20,29,287,198,1,False,10.760458845955434,106.6815638986815,0.0,10.0,23.8,Partly cloudy
2428,Từ Vòng Xoay Trần Phú đến ĐHSP,2025-07-23 08:51:00,0,FRC4,20,29,287,198,1,False,10.760883668675298,106.6826449653469,0.0,10.0,23.8,Partly cloudy
2429,Từ Ngã Sáu Cộng Hòa đến An Dương Vương,2025-07-23 11:18:00,500,FRC3,18,33,1394,760,1,False,10.765163027177051,106.68176325830919,0.0,10.0,19.8,Partly cloudy
2430,Từ Ngã Sáu Cộng Hòa đến An Dương Vương,2025-07-23 11:18:00,400,FRC3,18,33,1394,760,1,False,10.764283334954333,106.68210132878986,0.0,10.0,19.8,Partly cloudy
2431,Từ Ngã Sáu Cộng Hòa đến An Dương Vương,2025-07-23 11:18:00,300,FRC3,18,33,1394,760,1,False,10.763480856227291,106.68240386571111,0.0,10.0,19.8,Partly cloudy
2432,Từ Ngã Sáu Cộng Hòa đến An Dương Vương,2025-07-23 11:18:00,200,FRC3,18,33,1394,760,1,False,10.762642918836454,106.6827364596283,0.0,10.0,19.8,Partly cloudy
2433,Từ Ngã Sáu Cộng Hòa đến An Dương Vương,2025-07-23 11:18:00,100,FRC3,18,33,1394,760,1,False,10.7619261906941,106.68302613820323,0.0,10.0,19.8,Partly cloudy
2434,Từ Ngã Sáu Cộng Hòa đến An Dương Vương,2025-07-23 11:18:00,0,FRC3,18,33,1394,760,1,False,10.761156760056346,106.68331581677815,0.0,10.0,19.8,Partly cloudy
2435,Từ Cầu Nguyễn Văn Cừ đến An Dương Vương,2025-07-23 11:18:00,700,FRC2,20,35,795,454,1,False,10.755556817425111,106.68578400873503,0.0,10.0,19.8,Partly cloudy
2436,Từ Cầu Nguyễn Văn Cừ đến An Dương Vương,2025-07-23 11:18:00,600,FRC2,20,35,795,454,1,False,10.756358876280022,106.6853232069683,0.0,10.0,19.8,Partly cloudy
2437,Từ Cầu Nguyễn Văn Cừ đến An Dương Vương,2025-07-23 11:18:00,500,FRC2,20,35,795,454,1,False,10.757138847709548,106.684944289696,0.0,10.0,19.8,Partly cloudy
2438,Từ Cầu Nguyễn Văn Cừ đến An Dương Vương,2025-07-23 11:18:00,400,FRC2,20,35,795,454,1,False,10.757963133528543,106.68463303622572,0.0,10.0,19.8,Partly cloudy
2439,Từ Cầu Nguyễn Văn Cừ đến An Dương Vương,2025-07-23 11:18:00,300,FRC2,20,35,795,454,1,False,10.758623446871004,106.68435335919212,0.0,10.0,19.8,Partly cloudy
2440,Từ Cầu Nguyễn Văn Cừ đến An Dương Vương,2025-07-23 11:18:00,200,FRC6,18,27,943,628,1,False,10.759478749919925,106.68406917123804,0.0,10.0,19.8,Partly cloudy
2441,Từ Cầu Nguyễn Văn Cừ đến An Dương Vương,2025-07-23 11:18:00,100,FRC2,20,35,795,454,1,False,10.760311892549737,106.68371280856688,0.0,10.0,19.8,Partly cloudy
2442,Từ Cầu Nguyễn Văn Cừ đến An Dương Vương,2025-07-23 11:18:00,0,FRC2,20,35,795,454,1,False,10.761189348756318,106.68340155509297,0.0,10.0,25.9,Partly cloudy
2443,Từ Vòng Xoay Trần Phú đến ĐHSP,2025-07-23 11:18:00,1000,FRC4,20,29,287,198,1,False,10.757533515349062,106.67414436746735,0.0,10.0,19.8,Partly cloudy
2444,Từ Vòng Xoay Trần Phú đến ĐHSP,2025-07-23 11:18:00,900,FRC4,20,29,287,198,1,False,10.757824186413304,106.67502060044893,0.0,10.0,19.8,Partly cloudy
2445,Từ Vòng Xoay Trần Phú đến ĐHSP,2025-07-23 11:18:00,800,FRC4,20,29,287,198,1,False,10.758126036834728,106.67584372840122,0.0,10.0,19.8,Partly cloudy
2446,Từ Vòng Xoay Trần Phú đến ĐHSP,2025-07-23 11:18:00,700,FRC4,20,29,287,198,1,False,10.758483785091158,106.67667444278729,0.0,10.0,19.8,Partly cloudy
2447,Từ Vòng Xoay Trần Phú đến ĐHSP,2025-07-23 11:18:00,600,FRC4,20,29,287,198,1,False,10.758740916389923,106.67733446243443,0.0,10.0,25.9,Partly cloudy
2448,Từ Vòng Xoay Trần Phú đến ĐHSP,2025-07-23 11:18:00,500,FRC4,21,27,276,214,1,False,10.759121023128003,106.67817276325134,0.0,10.0,19.8,Partly cloudy
2449,Từ Vòng Xoay Trần Phú đến ĐHSP,2025-07-23 11:18:00,400,FRC4,21,27,276,214,1,False,10.759445231432741,106.6790186505005,0.0,10.0,19.8,Partly cloudy
2450,Từ Vòng Xoay Trần Phú đến ĐHSP,2025-07-23 11:18:00,300,FRC4,21,27,276,214,1,False,10.759784345493584,106.67986453775157,0.0,10.0,19.8,Partly cloudy
2451,Từ Vòng Xoay Trần Phú đến ĐHSP,2025-07-23 11:18:00,200,FRC4,21,27,276,214,1,False,10.76013091221701,106.68072559786684,0.0,10.0,19.8,Partly cloudy
2452,Từ Vòng Xoay Trần Phú đến ĐHSP,2025-07-23 11:18:00,100,FRC4,20,29,287,198,1,False,10.760458845955434,106.6815638986815,0.0,10.0,19.8,Partly cloudy
2453,Từ Vòng Xoay Trần Phú đến ĐHSP,2025-07-23 11:18:00,0,FRC4,20,29,287,198,1,False,10.760883668675298,106.6826449653469,0.0,10.0,25.9,Partly cloudy
2454,Từ Ngã Sáu Cộng Hòa đến An Dương Vương,2025-07-23 11:41:00,500,FRC3,18,32,1394,784,1,False,10.765163027177051,106.68176325830919,0.0,10.0,19.8,Partly cloudy
2455,Từ Ngã Sáu Cộng Hòa đến An Dương Vương,2025-07-23 11:41:00,400,FRC3,18,32,1394,784,1,False,10.764283334954333,106.68210132878986,0.0,10.0,19.8,Partly cloudy
2456,Từ Ngã Sáu Cộng Hòa đến An Dương Vương,2025-07-23 11:41:00,300,FRC3,18,32,1394,784,1,False,10.763480856227291,106.68240386571111,0.0,10.0,19.8,Partly cloudy
2457,Từ Ngã Sáu Cộng Hòa đến An Dương Vương,2025-07-23 11:41:00,200,FRC3,18,32,1394,784,1,False,10.762642918836454,106.6827364596283,0.0,10.0,19.8,Partly cloudy
2458,Từ Ngã Sáu Cộng Hòa đến An Dương Vương,2025-07-23 11:41:00,100,FRC3,18,32,1394,784,1,False,10.7619261906941,106.68302613820323,0.0,10.0,19.8,Partly cloudy
2459,Từ Ngã Sáu Cộng Hòa đến An Dương Vương,2025-07-23 11:41:00,0,FRC3,18,32,1394,784,1,False,10.761156760056346,106.68331581677815,0.0,10.0,19.8,Partly cloudy
2460,Từ Cầu Nguyễn Văn Cừ đến An Dương Vương,2025-07-23 11:41:00,700,FRC2,21,35,757,454,1,False,10.755556817425111,106.68578400873503,0.0,10.0,19.8,Partly cloudy
2461,Từ Cầu Nguyễn Văn Cừ đến An Dương Vương,2025-07-23 11:41:00,600,FRC2,21,35,757,454,1,False,10.756358876280022,106.6853232069683,0.0,10.0,19.8,Partly cloudy
2462,Từ Cầu Nguyễn Văn Cừ đến An Dương Vương,2025-07-23 11:41:00,500,FRC2,21,35,757,454,1,False,10.757138847709548,106.684944289696,0.0,10.0,19.8,Partly cloudy
2463,Từ Cầu Nguyễn Văn Cừ đến An Dương Vương,2025-07-23 11:41:00,400,FRC2,21,35,757,454,1,False,10.757963133528543,106.68463303622572,0.0,10.0,19.8,Partly cloudy
2464,Từ Cầu Nguyễn Văn Cừ đến An Dương Vương,2025-07-23 11:41:00,300,FRC2,21,35,757,454,1,False,10.758623446871004,106.68435335919212,0.0,10.0,19.8,Partly cloudy
2465,Từ Cầu Nguyễn Văn Cừ đến An Dương Vương,2025-07-23 11:41:00,200,FRC6,17,26,998,652,1,False,10.759478749919925,106.68406917123804,0.0,10.0,19.8,Partly cloudy
2466,Từ Cầu Nguyễn Văn Cừ đến An Dương Vương,2025-07-23 11:41:00,100,FRC2,21,35,757,454,1,False,10.760311892549737,106.68371280856688,0.0,10.0,19.8,Partly cloudy
2467,Từ Cầu Nguyễn Văn Cừ đến An Dương Vương,2025-07-23 11:41:00,0,FRC2,21,35,757,454,1,False,10.761189348756318,106.68340155509297,0.0,10.0,19.8,Partly cloudy
2468,Từ Vòng Xoay Trần Phú đến ĐHSP,2025-07-23 11:41:00,1000,FRC4,22,28,261,205,1,False,10.757533515349062,106.67414436746735,0.0,10.0,19.8,Partly cloudy
2469,Từ Vòng Xoay Trần Phú đến ĐHSP,2025-07-23 11:41:00,900,FRC4,22,28,261,205,1,False,10.757824186413304,106.67502060044893,0.0,10.0,19.8,Partly cloudy
2470,Từ Vòng Xoay Trần Phú đến ĐHSP,2025-07-23 11:41:00,800,FRC4,22,28,261,205,1,False,10.758126036834728,106.67584372840122,0.0,10.0,19.8,Partly cloudy
2471,Từ Vòng Xoay Trần Phú đến ĐHSP,2025-07-23 11:41:00,700,FRC4,22,28,261,205,1,False,10.758483785091158,106.67667444278729,0.0,10.0,19.8,Partly cloudy
2472,Từ Vòng Xoay Trần Phú đến ĐHSP,2025-07-23 11:41:00,600,FRC4,22,28,261,205,1,False,10.758740916389923,106.67733446243443,0.0,10.0,19.8,Partly cloudy
2473,Từ Vòng Xoay Trần Phú đến ĐHSP,2025-07-23 11:41:00,500,FRC4,16,28,362,207,1,False,10.759121023128003,106.67817276325134,0.0,10.0,19.8,Partly cloudy
2474,Từ Vòng Xoay Trần Phú đến ĐHSP,2025-07-23 11:41:00,400,FRC4,16,28,362,207,1,False,10.759445231432741,106.6790186505005,0.0,10.0,19.8,Partly cloudy
2475,Từ Vòng Xoay Trần Phú đến ĐHSP,2025-07-23 11:41:00,300,FRC4,16,28,362,207,1,False,10.759784345493584,106.67986453775157,0.0,10.0,19.8,Partly cloudy
2476,Từ Vòng Xoay Trần Phú đến ĐHSP,2025-07-23 11:41:00,200,FRC4,16,28,362,207,1,False,10.76013091221701,106.68072559786684,0.0,10.0,19.8,Partly cloudy
2477,Từ Vòng Xoay Trần Phú đến ĐHSP,2025-07-23 11:41:00,100,FRC4,22,28,261,205,1,False,10.760458845955434,106.6815638986815,0.0,10.0,19.8,Partly cloudy
2478,Từ Vòng Xoay Trần Phú đến ĐHSP,2025-07-23 11:41:00,0,FRC4,22,28,261,205,1,False,10.760883668675298,106.6826449653469,0.0,10.0,19.8,Partly cloudy
2479,Từ Ngã Sáu Cộng Hòa đến An Dương Vương,2025-07-23 11:52:00,500,FRC3,19,33,1321,760,1,False,10.765163027177051,106.68176325830919,0.0,10.0,19.8,Partly Cloudy
2480,Từ Ngã Sáu Cộng Hòa đến An Dương Vương,2025-07-23 11:52:00,400,FRC3,18,33,1394,760,1,False,10.764283334954333,106.68210132878986,0.0,10.0,19.8,Partly Cloudy
2481,Từ Ngã Sáu Cộng Hòa đến An Dương Vương,2025-07-23 11:52:00,300,FRC3,18,33,1394,760,1,False,10.763480856227291,106.68240386571111,0.0,10.0,19.8,Partly Cloudy
2482,Từ Ngã Sáu Cộng Hòa đến An Dương Vương,2025-07-23 11:52:00,200,FRC3,18,33,1394,760,1,False,10.762642918836454,106.6827364596283,0.0,10.0,19.8,Partly Cloudy
2483,Từ Ngã Sáu Cộng Hòa đến An Dương Vương,2025-07-23 11:52:00,100,FRC3,18,33,1394,760,1,False,10.7619261906941,106.68302613820323,0.0,10.0,19.8,Partly Cloudy
2484,Từ Ngã Sáu Cộng Hòa đến An Dương Vương,2025-07-23 11:52:00,0,FRC3,18,33,1394,760,1,False,10.761156760056346,106.68331581677815,0.0,10.0,19.8,Partly Cloudy
2485,Từ Cầu Nguyễn Văn Cừ đến An Dương Vương,2025-07-23 11:52:00,700,FRC2,22,35,722,454,1,False,10.755556817425111,106.68578400873503,0.0,10.0,19.8,Partly Cloudy
2486,Từ Cầu Nguyễn Văn Cừ đến An Dương Vương,2025-07-23 11:52:00,600,FRC2,22,35,722,454,1,False,10.756358876280022,106.6853232069683,0.0,10.0,19.8,Partly Cloudy
2487,Từ Cầu Nguyễn Văn Cừ đến An Dương Vương,2025-07-23 11:52:00,500,FRC2,22,35,722,454,1,False,10.757138847709548,106.684944289696,0.0,10.0,19.8,Partly Cloudy
2488,Từ Cầu Nguyễn Văn Cừ đến An Dương Vương,2025-07-23 11:52:00,400,FRC2,22,35,722,454,1,False,10.757963133528543,106.68463303622572,0.0,10.0,19.8,Partly Cloudy
2489,Từ Cầu Nguyễn Văn Cừ đến An Dương Vương,2025-07-23 11:52:00,300,FRC2,22,35,722,454,1,False,10.758623446871004,106.68435335919212,0.0,10.0,19.8,Partly Cloudy
2490,Từ Cầu Nguyễn Văn Cừ đến An Dương Vương,2025-07-23 11:52:00,200,FRC6,18,26,943,652,1,False,10.759478749919925,106.68406917123804,0.0,10.0,19.8,Partly Cloudy
2491,Từ Cầu Nguyễn Văn Cừ đến An Dương Vương,2025-07-23 11:52:00,100,FRC2,22,35,722,454,1,False,10.760311892549737,106.68371280856688,0.0,10.0,19.8,Partly Cloudy
2492,Từ Cầu Nguyễn Văn Cừ đến An Dương Vương,2025-07-23 11:52:00,0,FRC2,22,35,722,454,1,False,10.761189348756318,106.68340155509297,0.0,10.0,19.8,Partly Cloudy
2493,Từ Vòng Xoay Trần Phú đến ĐHSP,2025-07-23 11:52:00,1000,FRC4,20,28,287,205,1,False,10.757533515349062,106.67414436746735,0.0,10.0,19.8,Partly Cloudy
2494,Từ Vòng Xoay Trần Phú đến ĐHSP,2025-07-23 11:52:00,900,FRC4,20,28,287,205,1,False,10.757824186413304,106.67502060044893,0.0,10.0,19.8,Partly Cloudy
2495,Từ Vòng Xoay Trần Phú đến ĐHSP,2025-07-23 11:52:00,800,FRC4,20,28,287,205,1,False,10.758126036834728,106.67584372840122,0.0,10.0,19.8,Partly Cloudy
2496,Từ Vòng Xoay Trần Phú đến ĐHSP,2025-07-23 11:52:00,700,FRC4,20,28,287,205,1,False,10.758483785091158,106.67667444278729,0.0,10.0,19.8,Partly Cloudy
2497,Từ Vòng Xoay Trần Phú đến ĐHSP,2025-07-23 11:52:00,600,FRC4,20,28,287,205,1,False,10.758740916389923,106.67733446243443,0.0,10.0,19.8,Partly Cloudy
2498,Từ Vòng Xoay Trần Phú đến ĐHSP,2025-07-23 11:52:00,500,FRC4,28,28,207,207,1,False,10.759121023128003,106.67817276325134,0.0,10.0,19.8,Partly Cloudy
2499,Từ Vòng Xoay Trần Phú đến ĐHSP,2025-07-23 11:52:00,400,FRC4,28,28,207,207,1,False,10.759445231432741,106.6790186505005,0.0,10.0,19.8,Partly Cloudy
2500,Từ Vòng Xoay Trần Phú đến ĐHSP,2025-07-23 11:52:00,300,FRC4,28,28,207,207,1,False,10.759784345493584,106.67986453775157,0.0,10.0,19.8,Partly Cloudy
2501,Từ Vòng Xoay Trần Phú đến ĐHSP,2025-07-23 11:52:00,200,FRC4,28,28,207,207,1,False,10.76013091221701,106.68072559786684,0.0,10.0,19.8,Partly Cloudy
2502,Từ Vòng Xoay Trần Phú đến ĐHSP,2025-07-23 11:52:00,100,FRC4,20,28,287,205,1,False,10.760458845955434,106.6815638986815,0.0,10.0,19.8,Partly Cloudy
2503,Từ Vòng Xoay Trần Phú đến ĐHSP,2025-07-23 11:52:00,0,FRC4,20,28,287,205,1,False,10.760883668675298,106.6826449653469,0.0,10.0,19.8,Partly Cloudy
2504,Từ Ngã Sáu Cộng Hòa đến An Dương Vương,2025-07-23 12:42:00,500,FRC3,21,33,1195,760,1,False,10.765163027177051,106.68176325830919,0.0,10.0,20.9,Clear
2505,Từ Ngã Sáu Cộng Hòa đến An Dương Vương,2025-07-23 12:42:00,400,FRC3,21,33,1195,760,1,False,10.764283334954333,106.68210132878986,0.0,10.0,20.9,Clear
2506,Từ Ngã Sáu Cộng Hòa đến An Dương Vương,2025-07-23 12:42:00,300,FRC3,21,33,1195,760,1,False,10.763480856227291,106.68240386571111,0.0,10.0,20.9,Clear
2507,Từ Ngã Sáu Cộng Hòa đến An Dương Vương,2025-07-23 12:42:00,200,FRC3,21,33,1195,760,1,False,10.762642918836454,106.6827364596283,0.0,10.0,20.9,Clear
2508,Từ Ngã Sáu Cộng Hòa đến An Dương Vương,2025-07-23 12:42:00,100,FRC3,21,33,1195,760,1,False,10.7619261906941,106.68302613820323,0.0,10.0,20.9,Clear
2509,Từ Ngã Sáu Cộng Hòa đến An Dương Vương,2025-07-23 12:42:00,0,FRC3,21,33,1195,760,1,False,10.761156760056346,106.68331581677815,0.0,10.0,20.9,Clear
2510,Từ Cầu Nguyễn Văn Cừ đến An Dương Vương,2025-07-23 12:42:00,700,FRC2,24,34,662,467,1,False,10.755556817425111,106.68578400873503,0.0,10.0,20.9,Clear
2511,Từ Cầu Nguyễn Văn Cừ đến An Dương Vương,2025-07-23 12:42:00,600,FRC2,24,34,662,467,1,False,10.756358876280022,106.6853232069683,0.0,10.0,20.9,Clear
2512,Từ Cầu Nguyễn Văn Cừ đến An Dương Vương,2025-07-23 12:42:00,500,FRC2,24,34,662,467,1,False,10.757138847709548,106.684944289696,0.0,10.0,20.9,Clear
2513,Từ Cầu Nguyễn Văn Cừ đến An Dương Vương,2025-07-23 12:42:00,400,FRC2,24,34,662,467,1,False,10.757963133528543,106.68463303622572,0.0,10.0,20.9,Clear
2514,Từ Cầu Nguyễn Văn Cừ đến An Dương Vương,2025-07-23 12:42:00,300,FRC2,24,34,662,467,1,False,10.758623446871004,106.68435335919212,0.0,10.0,20.9,Clear
2515,Từ Cầu Nguyễn Văn Cừ đến An Dương Vương,2025-07-23 12:42:00,200,FRC6,18,27,943,628,1,False,10.759478749919925,106.68406917123804,0.0,10.0,20.9,Clear
2516,Từ Cầu Nguyễn Văn Cừ đến An Dương Vương,2025-07-23 12:42:00,100,FRC2,24,34,662,467,1,False,10.760311892549737,106.68371280856688,0.0,10.0,20.9,Clear
2517,Từ Cầu Nguyễn Văn Cừ đến An Dương Vương,2025-07-23 12:42:00,0,FRC2,24,34,662,467,1,False,10.761189348756318,106.68340155509297,0.0,10.0,20.9,Clear
2518,Từ Vòng Xoay Trần Phú đến ĐHSP,2025-07-23 12:42:00,1000,FRC4,23,29,249,198,1,False,10.757533515349062,106.67414436746735,0.0,10.0,20.9,Clear
2519,Từ Vòng Xoay Trần Phú đến ĐHSP,2025-07-23 12:42:00,900,FRC4,23,29,249,198,1,False,10.757824186413304,106.67502060044893,0.0,10.0,20.9,Clear
2520,Từ Vòng Xoay Trần Phú đến ĐHSP,2025-07-23 12:42:00,800,FRC4,23,29,249,198,1,False,10.758126036834728,106.67584372840122,0.0,10.0,20.9,Clear
2521,Từ Vòng Xoay Trần Phú đến ĐHSP,2025-07-23 12:42:00,700,FRC4,23,29,249,198,1,False,10.758483785091158,106.67667444278729,0.0,10.0,20.9,Clear
2522,Từ Vòng Xoay Trần Phú đến ĐHSP,2025-07-23 12:42:00,600,FRC4,23,29,249,198,1,False,10.758740916389923,106.67733446243443,0.0,10.0,20.9,Clear
2523,Từ Vòng Xoay Trần Phú đến ĐHSP,2025-07-23 12:42:00,500,FRC4,20,28,289,207,1,False,10.759121023128003,106.67817276325134,0.0,10.0,20.9,Clear
2524,Từ Vòng Xoay Trần Phú đến ĐHSP,2025-07-23 12:42:00,400,FRC4,20,28,289,207,1,False,10.759445231432741,106.6790186505005,0.0,10.0,20.9,Clear
2525,Từ Vòng Xoay Trần Phú đến ĐHSP,2025-07-23 12:42:00,300,FRC4,20,28,289,207,1,False,10.759784345493584,106.67986453775157,0.0,10.0,20.9,Clear
2526,Từ Vòng Xoay Trần Phú đến ĐHSP,2025-07-23 12:42:00,200,FRC4,20,28,289,207,1,False,10.76013091221701,106.68072559786684,0.0,10.0,20.9,Clear
2527,Từ Vòng Xoay Trần Phú đến ĐHSP,2025-07-23 12:42:00,100,FRC4,23,29,249,198,1,False,10.760458845955434,106.6815638986815,0.0,10.0,20.9,Clear
2528,Từ Vòng Xoay Trần Phú đến ĐHSP,2025-07-23 12:42:00,0,FRC4,23,29,249,198,1,False,10.760883668675298,106.6826449653469,0.0,10.0,20.9,Clear
2529,Từ Ngã Sáu Cộng Hòa đến An Dương Vương,2025-07-23 13:27:00,500,FRC3,20,33,1255,760,1,False,10.765163027177051,106.68176325830919,0.0,10.0,20.2,Clear
2530,Từ Ngã Sáu Cộng Hòa đến An Dương Vương,2025-07-23 13:27:00,400,FRC3,20,33,1255,760,1,False,10.764283334954333,106.68210132878986,0.0,10.0,20.2,Clear
2531,Từ Ngã Sáu Cộng Hòa đến An Dương Vương,2025-07-23 13:27:00,300,FRC3,20,33,1255,760,1,False,10.763480856227291,106.68240386571111,0.0,10.0,20.2,Clear
2532,Từ Ngã Sáu Cộng Hòa đến An Dương Vương,2025-07-23 13:27:00,200,FRC3,20,33,1255,760,1,False,10.762642918836454,106.6827364596283,0.0,10.0,20.2,Clear
2533,Từ Ngã Sáu Cộng Hòa đến An Dương Vương,2025-07-23 13:27:00,100,FRC3,20,33,1255,760,1,False,10.7619261906941,106.68302613820323,0.0,10.0,20.2,Clear
2534,Từ Ngã Sáu Cộng Hòa đến An Dương Vương,2025-07-23 13:27:00,0,FRC3,20,33,1255,760,1,False,10.761156760056346,106.68331581677815,0.0,10.0,20.2,Clear
2535,Từ Cầu Nguyễn Văn Cừ đến An Dương Vương,2025-07-23 13:27:00,700,FRC2,27,35,589,454,1,False,10.755556817425111,106.68578400873503,0.0,10.0,20.2,Clear
2536,Từ Cầu Nguyễn Văn Cừ đến An Dương Vương,2025-07-23 13:27:00,600,FRC2,27,35,589,454,1,False,10.756358876280022,106.6853232069683,0.0,10.0,20.2,Clear
2537,Từ Cầu Nguyễn Văn Cừ đến An Dương Vương,2025-07-23 13:27:00,500,FRC2,27,35,589,454,1,False,10.757138847709548,106.684944289696,0.0,10.0,20.2,Clear
2538,Từ Cầu Nguyễn Văn Cừ đến An Dương Vương,2025-07-23 13:27:00,400,FRC2,27,35,589,454,1,False,10.757963133528543,106.68463303622572,0.0,10.0,20.2,Clear
2539,Từ Cầu Nguyễn Văn Cừ đến An Dương Vương,2025-07-23 13:27:00,300,FRC2,27,35,589,454,1,False,10.758623446871004,106.68435335919212,0.0,10.0,20.2,Clear
2540,Từ Cầu Nguyễn Văn Cừ đến An Dương Vương,2025-07-23 13:27:00,200,FRC6,20,26,848,652,1,False,10.759478749919925,106.68406917123804,0.0,10.0,20.2,Clear
2541,Từ Cầu Nguyễn Văn Cừ đến An Dương Vương,2025-07-23 13:27:00,100,FRC2,27,35,589,454,1,False,10.760311892549737,106.68371280856688,0.0,10.0,20.2,Clear
2542,Từ Cầu Nguyễn Văn Cừ đến An Dương Vương,2025-07-23 13:27:00,0,FRC2,27,35,589,454,1,False,10.761189348756318,106.68340155509297,0.0,10.0,20.2,Clear
2543,Từ Vòng Xoay Trần Phú đến ĐHSP,2025-07-23 13:27:00,1000,FRC4,29,29,198,198,1,False,10.757533515349062,106.67414436746735,0.0,10.0,20.2,Clear
2544,Từ Vòng Xoay Trần Phú đến ĐHSP,2025-07-23 13:27:00,900,FRC4,29,29,198,198,1,False,10.757824186413304,106.67502060044893,0.0,10.0,20.2,Clear
2545,Từ Vòng Xoay Trần Phú đến ĐHSP,2025-07-23 13:27:00,800,FRC4,29,29,198,198,1,False,10.758126036834728,106.67584372840122,0.0,10.0,20.2,Clear
2546,Từ Vòng Xoay Trần Phú đến ĐHSP,2025-07-23 13:27:00,700,FRC4,29,29,198,198,1,False,10.758483785091158,106.67667444278729,0.0,10.0,20.2,Clear
2547,Từ Vòng Xoay Trần Phú đến ĐHSP,2025-07-23 13:27:00,600,FRC4,29,29,198,198,1,False,10.758740916389923,106.67733446243443,0.0,10.0,20.2,Clear
2548,Từ Vòng Xoay Trần Phú đến ĐHSP,2025-07-23 13:27:00,500,FRC4,28,28,207,207,1,False,10.759121023128003,106.67817276325134,0.0,10.0,20.2,Clear
2549,Từ Vòng Xoay Trần Phú đến ĐHSP,2025-07-23 13:27:00,400,FRC4,28,28,207,207,1,False,10.759445231432741,106.6790186505005,0.0,10.0,20.2,Clear
2550,Từ Vòng Xoay Trần Phú đến ĐHSP,2025-07-23 13:27:00,300,FRC4,28,28,207,207,1,False,10.759784345493584,106.67986453775157,0.0,10.0,20.2,Clear
2551,Từ Vòng Xoay Trần Phú đến ĐHSP,2025-07-23 13:27:00,200,FRC4,28,28,207,207,1,False,10.76013091221701,106.68072559786684,0.0,10.0,20.2,Clear
2552,Từ Vòng Xoay Trần Phú đến ĐHSP,2025-07-23 13:27:00,100,FRC4,29,29,198,198,1,False,10.760458845955434,106.6815638986815,0.0,10.0,20.2,Clear
2553,Từ Vòng Xoay Trần Phú đến ĐHSP,2025-07-23 13:27:00,0,FRC4,29,29,198,198,1,False,10.760883668675298,106.6826449653469,0.0,10.0,20.2,Clear
2554,Từ Ngã Sáu Cộng Hòa đến An Dương Vương,2025-07-23 16:16:00,500,FRC3,33,33,760,760,1,False,10.765163027177051,106.68176325830919,0.0,10.0,19.8,Partly Cloudy
2555,Từ Ngã Sáu Cộng Hòa đến An Dương Vương,2025-07-23 16:16:00,400,FRC3,33,33,760,760,1,False,10.764283334954333,106.68210132878986,0.0,10.0,19.8,Moderate rain
2556,Từ Ngã Sáu Cộng Hòa đến An Dương Vương,2025-07-23 16:16:00,300,FRC3,33,33,760,760,1,False,10.763480856227291,106.68240386571111,0.0,10.0,19.8,Moderate rain
2557,Từ Ngã Sáu Cộng Hòa đến An Dương Vương,2025-07-23 16:16:00,200,FRC3,33,33,760,760,1,False,10.762642918836454,106.6827364596283,0.0,10.0,19.8,Partly Cloudy
2558,Từ Ngã Sáu Cộng Hòa đến An Dương Vương,2025-07-23 16:16:00,100,FRC3,33,33,760,760,1,False,10.7619261906941,106.68302613820323,0.0,10.0,19.8,Partly Cloudy
2559,Từ Ngã Sáu Cộng Hòa đến An Dương Vương,2025-07-23 16:16:00,0,FRC3,33,33,760,760,1,False,10.761156760056346,106.68331581677815,0.0,10.0,19.8,Moderate rain
2560,Từ Cầu Nguyễn Văn Cừ đến An Dương Vương,2025-07-23 16:16:00,700,FRC2,35,35,454,454,1,False,10.755556817425111,106.68578400873503,0.0,10.0,19.8,Moderate rain
2561,Từ Cầu Nguyễn Văn Cừ đến An Dương Vương,2025-07-23 16:16:00,600,FRC2,35,35,454,454,1,False,10.756358876280022,106.6853232069683,0.0,10.0,19.8,Moderate rain
2562,Từ Cầu Nguyễn Văn Cừ đến An Dương Vương,2025-07-23 16:16:00,500,FRC2,35,35,454,454,1,False,10.757138847709548,106.684944289696,0.0,10.0,19.8,Moderate rain
2563,Từ Cầu Nguyễn Văn Cừ đến An Dương Vương,2025-07-23 16:16:00,400,FRC2,35,35,454,454,1,False,10.757963133528543,106.68463303622572,0.0,10.0,19.8,Moderate rain
2564,Từ Cầu Nguyễn Văn Cừ đến An Dương Vương,2025-07-23 16:16:00,300,FRC2,35,35,454,454,1,False,10.758623446871004,106.68435335919212,0.0,10.0,19.8,Moderate rain
2565,Từ Cầu Nguyễn Văn Cừ đến An Dương Vương,2025-07-23 16:16:00,200,FRC6,27,27,628,628,1,False,10.759478749919925,106.68406917123804,0.0,10.0,19.8,Partly Cloudy
2566,Từ Cầu Nguyễn Văn Cừ đến An Dương Vương,2025-07-23 16:16:00,100,FRC2,35,35,454,454,1,False,10.760311892549737,106.68371280856688,0.0,10.0,19.8,Moderate rain
2567,Từ Cầu Nguyễn Văn Cừ đến An Dương Vương,2025-07-23 16:16:00,0,FRC2,35,35,454,454,1,False,10.761189348756318,106.68340155509297,0.0,10.0,19.8,Moderate rain
2568,Từ Vòng Xoay Trần Phú đến ĐHSP,2025-07-23 16:16:00,1000,FRC4,29,29,198,198,1,False,10.757533515349062,106.67414436746735,0.0,10.0,19.8,Partly Cloudy
2569,Từ Vòng Xoay Trần Phú đến ĐHSP,2025-07-23 16:16:00,900,FRC4,29,29,198,198,1,False,10.757824186413304,106.67502060044893,0.0,10.0,19.8,Moderate rain
2570,Từ Vòng Xoay Trần Phú đến ĐHSP,2025-07-23 16:16:00,800,FRC4,29,29,198,198,1,False,10.758126036834728,106.67584372840122,0.0,10.0,19.8,Moderate rain
2571,Từ Vòng Xoay Trần Phú đến ĐHSP,2025-07-23 16:16:00,700,FRC4,29,29,198,198,1,False,10.758483785091158,106.67667444278729,0.0,10.0,19.8,Moderate rain
2572,Từ Vòng Xoay Trần Phú đến ĐHSP,2025-07-23 16:16:00,600,FRC4,29,29,198,198,1,False,10.758740916389923,106.67733446243443,0.0,10.0,19.8,Moderate rain
2573,Từ Vòng Xoay Trần Phú đến ĐHSP,2025-07-23 16:16:00,500,FRC4,28,28,207,207,1,False,10.759121023128003,106.67817276325134,0.0,10.0,19.8,Moderate rain
2574,Từ Vòng Xoay Trần Phú đến ĐHSP,2025-07-23 16:16:00,400,FRC4,28,28,207,207,1,False,10.759445231432741,106.6790186505005,0.0,10.0,19.8,Moderate rain
2575,Từ Vòng Xoay Trần Phú đến ĐHSP,2025-07-23 16:16:00,300,FRC4,28,28,207,207,1,False,10.759784345493584,106.67986453775157,0.0,10.0,19.8,Moderate rain
2576,Từ Vòng Xoay Trần Phú đến ĐHSP,2025-07-23 16:16:00,200,FRC4,28,28,207,207,1,False,10.76013091221701,106.68072559786684,0.0,10.0,19.8,Partly Cloudy
2577,Từ Vòng Xoay Trần Phú đến ĐHSP,2025-07-23 16:16:00,100,FRC4,29,29,198,198,1,False,10.760458845955434,106.6815638986815,0.0,10.0,19.8,Moderate rain
2578,Từ Vòng Xoay Trần Phú đến ĐHSP,2025-07-23 16:16:00,0,FRC4,29,29,198,198,1,False,10.760883668675298,106.6826449653469,0.0,10.0,19.8,Moderate rain
2579,Từ Ngã Sáu Cộng Hòa đến An Dương Vương,2025-07-23 16:50:00,500,FRC3,33,33,760,760,1,False,10.765163027177051,106.68176325830919,0.0,10.0,19.8,Moderate rain
2580,Từ Ngã Sáu Cộng Hòa đến An Dương Vương,2025-07-23 16:50:00,400,FRC3,33,33,760,760,1,False,10.764283334954333,106.68210132878986,0.0,10.0,19.8,Moderate rain
2581,Từ Ngã Sáu Cộng Hòa đến An Dương Vương,2025-07-23 16:50:00,300,FRC3,33,33,760,760,1,False,10.763480856227291,106.68240386571111,0.0,10.0,19.8,Moderate rain
2582,Từ Ngã Sáu Cộng Hòa đến An Dương Vương,2025-07-23 16:50:00,200,FRC3,33,33,760,760,1,False,10.762642918836454,106.6827364596283,0.0,10.0,19.8,Moderate rain
2583,Từ Ngã Sáu Cộng Hòa đến An Dương Vương,2025-07-23 16:50:00,100,FRC3,33,33,760,760,1,False,10.7619261906941,106.68302613820323,0.0,10.0,19.8,Moderate rain
2584,Từ Ngã Sáu Cộng Hòa đến An Dương Vương,2025-07-23 16:50:00,0,FRC3,33,33,760,760,1,False,10.761156760056346,106.68331581677815,0.0,10.0,19.8,Moderate rain
2585,Từ Cầu Nguyễn Văn Cừ đến An Dương Vương,2025-07-23 16:50:00,700,FRC2,35,35,454,454,1,False,10.755556817425111,106.68578400873503,0.0,10.0,19.8,Moderate rain
2586,Từ Cầu Nguyễn Văn Cừ đến An Dương Vương,2025-07-23 16:50:00,600,FRC2,35,35,454,454,1,False,10.756358876280022,106.6853232069683,0.0,10.0,19.8,Moderate rain
2587,Từ Cầu Nguyễn Văn Cừ đến An Dương Vương,2025-07-23 16:50:00,500,FRC2,35,35,454,454,1,False,10.757138847709548,106.684944289696,0.0,10.0,19.8,Moderate rain
2588,Từ Cầu Nguyễn Văn Cừ đến An Dương Vương,2025-07-23 16:50:00,400,FRC2,35,35,454,454,1,False,10.757963133528543,106.68463303622572,0.0,10.0,19.8,Moderate rain
2589,Từ Cầu Nguyễn Văn Cừ đến An Dương Vương,2025-07-23 16:50:00,300,FRC2,35,35,454,454,1,False,10.758623446871004,106.68435335919212,0.0,10.0,19.8,Moderate rain
2590,Từ Cầu Nguyễn Văn Cừ đến An Dương Vương,2025-07-23 16:50:00,200,FRC6,27,27,628,628,1,False,10.759478749919925,106.68406917123804,0.0,10.0,19.8,Moderate rain
2591,Từ Cầu Nguyễn Văn Cừ đến An Dương Vương,2025-07-23 16:50:00,100,FRC2,35,35,454,454,1,False,10.760311892549737,106.68371280856688,0.0,10.0,19.8,Moderate rain
2592,Từ Cầu Nguyễn Văn Cừ đến An Dương Vương,2025-07-23 16:50:00,0,FRC2,35,35,454,454,1,False,10.761189348756318,106.68340155509297,0.0,10.0,19.8,Moderate rain
2593,Từ Vòng Xoay Trần Phú đến ĐHSP,2025-07-23 16:50:00,1000,FRC4,29,29,198,198,1,False,10.757533515349062,106.67414436746735,0.0,10.0,19.8,Moderate rain
2594,Từ Vòng Xoay Trần Phú đến ĐHSP,2025-07-23 16:50:00,900,FRC4,29,29,198,198,1,False,10.757824186413304,106.67502060044893,0.0,10.0,19.8,Moderate rain
2595,Từ Vòng Xoay Trần Phú đến ĐHSP,2025-07-23 16:50:00,800,FRC4,29,29,198,198,1,False,10.758126036834728,106.67584372840122,0.0,10.0,19.8,Moderate rain
2596,Từ Vòng Xoay Trần Phú đến ĐHSP,2025-07-23 16:50:00,700,FRC4,29,29,198,198,1,False,10.758483785091158,106.67667444278729,0.0,10.0,19.8,Moderate rain
2597,Từ Vòng Xoay Trần Phú đến ĐHSP,2025-07-23 16:50:00,600,FRC4,29,29,198,198,1,False,10.758740916389923,106.67733446243443,0.0,10.0,19.8,Moderate rain
2598,Từ Vòng Xoay Trần Phú đến ĐHSP,2025-07-23 16:50:00,500,FRC4,28,28,207,207,1,False,10.759121023128003,106.67817276325134,0.0,10.0,19.8,Moderate rain
2599,Từ Vòng Xoay Trần Phú đến ĐHSP,2025-07-23 16:50:00,400,FRC4,28,28,207,207,1,False,10.759445231432741,106.6790186505005,0.0,10.0,19.8,Moderate rain
2600,Từ Vòng Xoay Trần Phú đến ĐHSP,2025-07-23 16:50:00,300,FRC4,28,28,207,207,1,False,10.759784345493584,106.67986453775157,0.0,10.0,19.8,Moderate rain
2601,Từ Vòng Xoay Trần Phú đến ĐHSP,2025-07-23 16:50:00,200,FRC4,28,28,207,207,1,False,10.76013091221701,106.68072559786684,0.0,10.0,19.8,Moderate rain
2602,Từ Vòng Xoay Trần Phú đến ĐHSP,2025-07-23 16:50:00,100,FRC4,29,29,198,198,1,False,10.760458845955434,106.6815638986815,0.0,10.0,19.8,Moderate rain
2603,Từ Vòng Xoay Trần Phú đến ĐHSP,2025-07-23 16:50:00,0,FRC4,29,29,198,198,1,False,10.760883668675298,106.6826449653469,0.0,10.0,19.8,Moderate rain
2604,Từ Ngã Sáu Cộng Hòa đến An Dương Vương,2025-07-23 17:15:00,500,FRC3,33,33,760,760,1,False,10.765163027177051,106.68176325830919,0.0,10.0,17.6,Moderate rain
2605,Từ Ngã Sáu Cộng Hòa đến An Dương Vương,2025-07-23 17:15:00,400,FRC3,33,33,760,760,1,False,10.764283334954333,106.68210132878986,0.0,10.0,17.6,Moderate rain
2606,Từ Ngã Sáu Cộng Hòa đến An Dương Vương,2025-07-23 17:15:00,300,FRC3,33,33,760,760,1,False,10.763480856227291,106.68240386571111,0.0,10.0,17.6,Moderate rain
2607,Từ Ngã Sáu Cộng Hòa đến An Dương Vương,2025-07-23 17:15:00,200,FRC3,33,33,760,760,1,False,10.762642918836454,106.6827364596283,0.0,10.0,17.6,Moderate rain
2608,Từ Ngã Sáu Cộng Hòa đến An Dương Vương,2025-07-23 17:15:00,100,FRC3,33,33,760,760,1,False,10.7619261906941,106.68302613820323,0.0,10.0,17.6,Moderate rain
2609,Từ Ngã Sáu Cộng Hòa đến An Dương Vương,2025-07-23 17:15:00,0,FRC3,33,33,760,760,1,False,10.761156760056346,106.68331581677815,0.0,10.0,17.6,Moderate rain
2610,Từ Cầu Nguyễn Văn Cừ đến An Dương Vương,2025-07-23 17:15:00,700,FRC2,35,35,454,454,1,False,10.755556817425111,106.68578400873503,0.0,10.0,17.6,Moderate rain
2611,Từ Cầu Nguyễn Văn Cừ đến An Dương Vương,2025-07-23 17:15:00,600,FRC2,35,35,454,454,1,False,10.756358876280022,106.6853232069683,0.0,10.0,17.6,Moderate rain
2612,Từ Cầu Nguyễn Văn Cừ đến An Dương Vương,2025-07-23 17:15:00,500,FRC2,35,35,454,454,1,False,10.757138847709548,106.684944289696,0.0,10.0,17.6,Moderate rain
2613,Từ Cầu Nguyễn Văn Cừ đến An Dương Vương,2025-07-23 17:15:00,400,FRC2,35,35,454,454,1,False,10.757963133528543,106.68463303622572,0.0,10.0,17.6,Moderate rain
2614,Từ Cầu Nguyễn Văn Cừ đến An Dương Vương,2025-07-23 17:15:00,300,FRC2,35,35,454,454,1,False,10.758623446871004,106.68435335919212,0.0,10.0,17.6,Moderate rain
2615,Từ Cầu Nguyễn Văn Cừ đến An Dương Vương,2025-07-23 17:15:00,200,FRC6,27,27,628,628,1,False,10.759478749919925,106.68406917123804,0.0,10.0,17.6,Moderate rain
2616,Từ Cầu Nguyễn Văn Cừ đến An Dương Vương,2025-07-23 17:15:00,100,FRC2,35,35,454,454,1,False,10.760311892549737,106.68371280856688,0.0,10.0,17.6,Moderate rain
2617,Từ Cầu Nguyễn Văn Cừ đến An Dương Vương,2025-07-23 17:15:00,0,FRC2,35,35,454,454,1,False,10.761189348756318,106.68340155509297,0.0,10.0,17.6,Moderate rain
2618,Từ Vòng Xoay Trần Phú đến ĐHSP,2025-07-23 17:15:00,1000,FRC4,29,29,198,198,1,False,10.757533515349062,106.67414436746735,0.0,10.0,17.6,Moderate rain
2619,Từ Vòng Xoay Trần Phú đến ĐHSP,2025-07-23 17:15:00,900,FRC4,29,29,198,198,1,False,10.757824186413304,106.67502060044893,0.0,10.0,17.6,Moderate rain
2620,Từ Vòng Xoay Trần Phú đến ĐHSP,2025-07-23 17:15:00,800,FRC4,29,29,198,198,1,False,10.758126036834728,106.67584372840122,0.0,10.0,17.6,Moderate rain
2621,Từ Vòng Xoay Trần Phú đến ĐHSP,2025-07-23 17:15:00,700,FRC4,29,29,198,198,1,False,10.758483785091158,106.67667444278729,0.0,10.0,17.6,Moderate rain
2622,Từ Vòng Xoay Trần Phú đến ĐHSP,2025-07-23 17:15:00,600,FRC4,29,29,198,198,1,False,10.758740916389923,106.67733446243443,0.0,10.0,17.6,Moderate rain
2623,Từ Vòng Xoay Trần Phú đến ĐHSP,2025-07-23 17:15:00,500,FRC4,23,29,252,199,0.9881,False,10.759121023128003,106.67817276325134,0.0,10.0,17.6,Moderate rain
2624,Từ Vòng Xoay Trần Phú đến ĐHSP,2025-07-23 17:15:00,400,FRC4,23,29,252,199,0.9881,False,10.759445231432741,106.6790186505005,0.0,10.0,17.6,Moderate rain
2625,Từ Vòng Xoay Trần Phú đến ĐHSP,2025-07-23 17:15:00,300,FRC4,23,29,252,199,0.9881,False,10.759784345493584,106.67986453775157,0.0,10.0,17.6,Moderate rain
2626,Từ Vòng Xoay Trần Phú đến ĐHSP,2025-07-23 17:15:00,200,FRC4,23,29,252,199,0.9881,False,10.76013091221701,106.68072559786684,0.0,10.0,17.6,Moderate rain
2627,Từ Vòng Xoay Trần Phú đến ĐHSP,2025-07-23 17:15:00,100,FRC4,29,29,198,198,1,False,10.760458845955434,106.6815638986815,0.0,10.0,17.6,Moderate rain
2628,Từ Vòng Xoay Trần Phú đến ĐHSP,2025-07-23 17:15:00,0,FRC4,29,29,198,198,1,False,10.760883668675298,106.6826449653469,0.0,10.0,17.6,Moderate rain
2629,Từ Ngã Sáu Cộng Hòa đến An Dương Vương,2025-07-23 17:44:00,500,FRC3,33,33,760,760,1,False,10.765163027177051,106.68176325830919,0.0,10.0,17.6,Light rain
2630,Từ Ngã Sáu Cộng Hòa đến An Dương Vương,2025-07-23 17:44:00,400,FRC3,33,33,760,760,1,False,10.764283334954333,106.68210132878986,0.0,10.0,17.6,Light rain
2631,Từ Ngã Sáu Cộng Hòa đến An Dương Vương,2025-07-23 17:44:00,300,FRC3,33,33,760,760,1,False,10.763480856227291,106.68240386571111,0.0,10.0,17.6,Light rain
2632,Từ Ngã Sáu Cộng Hòa đến An Dương Vương,2025-07-23 17:44:00,200,FRC3,33,33,760,760,1,False,10.762642918836454,106.6827364596283,0.0,10.0,17.6,Light rain
2633,Từ Ngã Sáu Cộng Hòa đến An Dương Vương,2025-07-23 17:44:00,100,FRC3,33,33,760,760,1,False,10.7619261906941,106.68302613820323,0.0,10.0,17.6,Light rain
2634,Từ Ngã Sáu Cộng Hòa đến An Dương Vương,2025-07-23 17:44:00,0,FRC3,33,33,760,760,1,False,10.761156760056346,106.68331581677815,0.0,10.0,17.6,Light rain
2635,Từ Cầu Nguyễn Văn Cừ đến An Dương Vương,2025-07-23 17:44:00,700,FRC2,35,35,454,454,1,False,10.755556817425111,106.68578400873503,0.0,10.0,17.6,Light rain
2636,Từ Cầu Nguyễn Văn Cừ đến An Dương Vương,2025-07-23 17:44:00,600,FRC2,35,35,454,454,1,False,10.756358876280022,106.6853232069683,0.0,10.0,17.6,Light rain
2637,Từ Cầu Nguyễn Văn Cừ đến An Dương Vương,2025-07-23 17:44:00,500,FRC2,35,35,454,454,1,False,10.757138847709548,106.684944289696,0.0,10.0,17.6,Light rain
2638,Từ Cầu Nguyễn Văn Cừ đến An Dương Vương,2025-07-23 17:44:00,400,FRC2,35,35,454,454,1,False,10.757963133528543,106.68463303622572,0.0,10.0,17.6,Light rain
2639,Từ Cầu Nguyễn Văn Cừ đến An Dương Vương,2025-07-23 17:44:00,300,FRC2,35,35,454,454,1,False,10.758623446871004,106.68435335919212,0.0,10.0,17.6,Light rain
2640,Từ Cầu Nguyễn Văn Cừ đến An Dương Vương,2025-07-23 17:44:00,200,FRC6,27,27,628,628,1,False,10.759478749919925,106.68406917123804,0.0,10.0,17.6,Light rain
2641,Từ Cầu Nguyễn Văn Cừ đến An Dương Vương,2025-07-23 17:44:00,100,FRC2,35,35,454,454,1,False,10.760311892549737,106.68371280856688,0.0,10.0,17.6,Light rain
2642,Từ Cầu Nguyễn Văn Cừ đến An Dương Vương,2025-07-23 17:44:00,0,FRC2,35,35,454,454,1,False,10.761189348756318,106.68340155509297,0.0,10.0,17.6,Light rain
2643,Từ Vòng Xoay Trần Phú đến ĐHSP,2025-07-23 17:44:00,1000,FRC4,29,29,198,198,1,False,10.757533515349062,106.67414436746735,0.0,10.0,17.6,Light rain
2644,Từ Vòng Xoay Trần Phú đến ĐHSP,2025-07-23 17:44:00,900,FRC4,29,29,198,198,1,False,10.757824186413304,106.67502060044893,0.0,10.0,17.6,Light rain
2645,Từ Vòng Xoay Trần Phú đến ĐHSP,2025-07-23 17:44:00,800,FRC4,29,29,198,198,1,False,10.758126036834728,106.67584372840122,0.0,10.0,17.6,Light rain
2646,Từ Vòng Xoay Trần Phú đến ĐHSP,2025-07-23 17:44:00,700,FRC4,29,29,198,198,1,False,10.758483785091158,106.67667444278729,0.0,10.0,17.6,Light rain
2647,Từ Vòng Xoay Trần Phú đến ĐHSP,2025-07-23 17:44:00,600,FRC4,29,29,198,198,1,False,10.758740916389923,106.67733446243443,0.0,10.0,17.6,Light rain
2648,Từ Vòng Xoay Trần Phú đến ĐHSP,2025-07-23 17:44:00,500,FRC4,28,28,207,207,1,False,10.759121023128003,106.67817276325134,0.0,10.0,17.6,Light rain
2649,Từ Vòng Xoay Trần Phú đến ĐHSP,2025-07-23 17:44:00,400,FRC4,28,28,207,207,1,False,10.759445231432741,106.6790186505005,0.0,10.0,17.6,Light rain
2650,Từ Vòng Xoay Trần Phú đến ĐHSP,2025-07-23 17:44:00,300,FRC4,28,28,207,207,1,False,10.759784345493584,106.67986453775157,0.0,10.0,17.6,Light rain
2651,Từ Vòng Xoay Trần Phú đến ĐHSP,2025-07-23 17:44:00,200,FRC4,28,28,207,207,1,False,10.76013091221701,106.68072559786684,0.0,10.0,17.6,Light rain
2652,Từ Vòng Xoay Trần Phú đến ĐHSP,2025-07-23 17:44:00,100,FRC4,29,29,198,198,1,False,10.760458845955434,106.6815638986815,0.0,10.0,17.6,Light rain
2653,Từ Vòng Xoay Trần Phú đến ĐHSP,2025-07-23 17:44:00,0,FRC4,29,29,198,198,1,False,10.760883668675298,106.6826449653469,0.0,10.0,17.6,Light rain
2654,Từ Ngã Sáu Cộng Hòa đến An Dương Vương,2025-07-23 17:54:00,500,FRC3,33,33,760,760,1,False,10.765163027177051,106.68176325830919,0.0,10.0,17.6,Partly Cloudy
2655,Từ Ngã Sáu Cộng Hòa đến An Dương Vương,2025-07-23 17:54:00,400,FRC3,33,33,760,760,1,False,10.764283334954333,106.68210132878986,0.0,10.0,17.6,Partly Cloudy
2656,Từ Ngã Sáu Cộng Hòa đến An Dương Vương,2025-07-23 17:54:00,300,FRC3,33,33,760,760,1,False,10.763480856227291,106.68240386571111,0.0,10.0,17.6,Partly Cloudy
2657,Từ Ngã Sáu Cộng Hòa đến An Dương Vương,2025-07-23 17:54:00,200,FRC3,33,33,760,760,1,False,10.762642918836454,106.6827364596283,0.0,10.0,17.6,Partly Cloudy
2658,Từ Ngã Sáu Cộng Hòa đến An Dương Vương,2025-07-23 17:54:00,100,FRC3,33,33,760,760,1,False,10.7619261906941,106.68302613820323,0.0,10.0,17.6,Partly Cloudy
2659,Từ Ngã Sáu Cộng Hòa đến An Dương Vương,2025-07-23 17:54:00,0,FRC3,33,33,760,760,1,False,10.761156760056346,106.68331581677815,0.0,10.0,17.6,Partly Cloudy
2660,Từ Cầu Nguyễn Văn Cừ đến An Dương Vương,2025-07-23 17:54:00,700,FRC2,35,35,454,454,1,False,10.755556817425111,106.68578400873503,0.0,10.0,17.6,Partly Cloudy
2661,Từ Cầu Nguyễn Văn Cừ đến An Dương Vương,2025-07-23 17:54:00,600,FRC2,35,35,454,454,1,False,10.756358876280022,106.6853232069683,0.0,10.0,17.6,Partly Cloudy
2662,Từ Cầu Nguyễn Văn Cừ đến An Dương Vương,2025-07-23 17:54:00,500,FRC2,35,35,454,454,1,False,10.757138847709548,106.684944289696,0.0,10.0,17.6,Partly Cloudy
2663,Từ Cầu Nguyễn Văn Cừ đến An Dương Vương,2025-07-23 17:54:00,400,FRC2,35,35,454,454,1,False,10.757963133528543,106.68463303622572,0.0,10.0,17.6,Partly Cloudy
2664,Từ Cầu Nguyễn Văn Cừ đến An Dương Vương,2025-07-23 17:54:00,300,FRC2,35,35,454,454,1,False,10.758623446871004,106.68435335919212,0.0,10.0,17.6,Partly Cloudy
2665,Từ Cầu Nguyễn Văn Cừ đến An Dương Vương,2025-07-23 17:54:00,200,FRC6,27,27,628,628,1,False,10.759478749919925,106.68406917123804,0.0,10.0,17.6,Partly Cloudy
2666,Từ Cầu Nguyễn Văn Cừ đến An Dương Vương,2025-07-23 17:54:00,100,FRC2,35,35,454,454,1,False,10.760311892549737,106.68371280856688,0.0,10.0,17.6,Partly Cloudy
2667,Từ Cầu Nguyễn Văn Cừ đến An Dương Vương,2025-07-23 17:54:00,0,FRC2,35,35,454,454,1,False,10.761189348756318,106.68340155509297,0.0,10.0,17.6,Partly Cloudy
2668,Từ Vòng Xoay Trần Phú đến ĐHSP,2025-07-23 17:54:00,1000,FRC4,25,28,229,205,0.991926,False,10.757533515349062,106.67414436746735,0.0,10.0,17.6,Partly Cloudy
2669,Từ Vòng Xoay Trần Phú đến ĐHSP,2025-07-23 17:54:00,900,FRC4,25,28,229,205,0.991926,False,10.757824186413304,106.67502060044893,0.0,10.0,17.6,Partly Cloudy
2670,Từ Vòng Xoay Trần Phú đến ĐHSP,2025-07-23 17:54:00,800,FRC4,25,28,229,205,0.991926,False,10.758126036834728,106.67584372840122,0.0,10.0,17.6,Partly Cloudy
2671,Từ Vòng Xoay Trần Phú đến ĐHSP,2025-07-23 17:54:00,700,FRC4,25,28,229,205,0.991926,False,10.758483785091158,106.67667444278729,0.0,10.0,17.6,Partly Cloudy
2672,Từ Vòng Xoay Trần Phú đến ĐHSP,2025-07-23 17:54:00,600,FRC4,25,28,229,205,0.991926,False,10.758740916389923,106.67733446243443,0.0,10.0,17.6,Partly Cloudy
2673,Từ Vòng Xoay Trần Phú đến ĐHSP,2025-07-23 17:54:00,500,FRC4,28,28,207,207,1,False,10.759121023128003,106.67817276325134,0.0,10.0,17.6,Partly Cloudy
2674,Từ Vòng Xoay Trần Phú đến ĐHSP,2025-07-23 17:54:00,400,FRC4,28,28,207,207,1,False,10.759445231432741,106.6790186505005,0.0,10.0,17.6,Partly Cloudy
2675,Từ Vòng Xoay Trần Phú đến ĐHSP,2025-07-23 17:54:00,300,FRC4,28,28,207,207,1,False,10.759784345493584,106.67986453775157,0.0,10.0,17.6,Partly Cloudy
2676,Từ Vòng Xoay Trần Phú đến ĐHSP,2025-07-23 17:54:00,200,FRC4,28,28,207,207,1,False,10.76013091221701,106.68072559786684,0.0,10.0,17.6,Partly Cloudy
2677,Từ Vòng Xoay Trần Phú đến ĐHSP,2025-07-23 17:54:00,100,FRC4,25,28,229,205,0.991926,False,10.760458845955434,106.6815638986815,0.0,10.0,17.6,Partly Cloudy
2678,Từ Vòng Xoay Trần Phú đến ĐHSP,2025-07-23 17:54:00,0,FRC4,25,28,229,205,0.991926,False,10.760883668675298,106.6826449653469,0.0,10.0,17.6,Partly Cloudy
2679,Từ Ngã Sáu Cộng Hòa đến An Dương Vương,2025-07-24 06:24:00,500,FRC3,22,33,1141,760,1,False,10.765163027177051,106.68176325830919,0.0,10.0,26.3,Partly cloudy
2680,Từ Ngã Sáu Cộng Hòa đến An Dương Vương,2025-07-24 06:24:00,400,FRC3,22,33,1141,760,1,False,10.764283334954333,106.68210132878986,0.0,10.0,26.3,Partly cloudy
2681,Từ Ngã Sáu Cộng Hòa đến An Dương Vương,2025-07-24 06:24:00,300,FRC3,22,33,1141,760,1,False,10.763480856227291,106.68240386571111,0.0,10.0,26.3,Partly cloudy
2682,Từ Ngã Sáu Cộng Hòa đến An Dương Vương,2025-07-24 06:24:00,200,FRC3,22,33,1141,760,1,False,10.762642918836454,106.6827364596283,0.0,10.0,26.3,Partly cloudy
2683,Từ Ngã Sáu Cộng Hòa đến An Dương Vương,2025-07-24 06:24:00,100,FRC3,22,33,1141,760,1,False,10.7619261906941,106.68302613820323,0.0,10.0,26.3,Partly cloudy
2684,Từ Ngã Sáu Cộng Hòa đến An Dương Vương,2025-07-24 06:24:00,0,FRC3,22,33,1141,760,1,False,10.761156760056346,106.68331581677815,0.0,10.0,26.3,Partly cloudy
2685,Từ Cầu Nguyễn Văn Cừ đến An Dương Vương,2025-07-24 06:24:00,700,FRC2,27,34,589,467,1,False,10.755556817425111,106.68578400873503,0.0,10.0,17.6,Partly cloudy
2686,Từ Cầu Nguyễn Văn Cừ đến An Dương Vương,2025-07-24 06:24:00,600,FRC2,27,34,589,467,1,False,10.756358876280022,106.6853232069683,0.0,10.0,26.3,Partly cloudy
2687,Từ Cầu Nguyễn Văn Cừ đến An Dương Vương,2025-07-24 06:24:00,500,FRC2,27,34,589,467,1,False,10.757138847709548,106.684944289696,0.0,10.0,26.3,Partly cloudy
2688,Từ Cầu Nguyễn Văn Cừ đến An Dương Vương,2025-07-24 06:24:00,400,FRC2,27,34,589,467,1,False,10.757963133528543,106.68463303622572,0.0,10.0,26.3,Partly cloudy
2689,Từ Cầu Nguyễn Văn Cừ đến An Dương Vương,2025-07-24 06:24:00,300,FRC2,27,34,589,467,1,False,10.758623446871004,106.68435335919212,0.0,10.0,26.3,Partly cloudy
2690,Từ Cầu Nguyễn Văn Cừ đến An Dương Vương,2025-07-24 06:24:00,200,FRC6,21,27,808,628,1,False,10.759478749919925,106.68406917123804,0.0,10.0,26.3,Partly cloudy
2691,Từ Cầu Nguyễn Văn Cừ đến An Dương Vương,2025-07-24 06:24:00,100,FRC2,27,34,589,467,1,False,10.760311892549737,106.68371280856688,0.0,10.0,26.3,Partly cloudy
2692,Từ Cầu Nguyễn Văn Cừ đến An Dương Vương,2025-07-24 06:24:00,0,FRC2,27,34,589,467,1,False,10.761189348756318,106.68340155509297,0.0,10.0,26.3,Partly cloudy
2693,Từ Vòng Xoay Trần Phú đến ĐHSP,2025-07-24 06:24:00,1000,FRC4,17,28,338,205,1,False,10.757533515349062,106.67414436746735,0.0,10.0,26.3,Partly cloudy
2694,Từ Vòng Xoay Trần Phú đến ĐHSP,2025-07-24 06:24:00,900,FRC4,17,28,338,205,1,False,10.757824186413304,106.67502060044893,0.0,10.0,26.3,Partly cloudy
2695,Từ Vòng Xoay Trần Phú đến ĐHSP,2025-07-24 06:24:00,800,FRC4,17,28,338,205,1,False,10.758126036834728,106.67584372840122,0.0,10.0,26.3,Partly cloudy
2696,Từ Vòng Xoay Trần Phú đến ĐHSP,2025-07-24 06:24:00,700,FRC4,17,28,338,205,1,False,10.758483785091158,106.67667444278729,0.0,10.0,26.3,Partly cloudy
2697,Từ Vòng Xoay Trần Phú đến ĐHSP,2025-07-24 06:24:00,600,FRC4,17,28,338,205,1,False,10.758740916389923,106.67733446243443,0.0,10.0,26.3,Partly cloudy
2698,Từ Vòng Xoay Trần Phú đến ĐHSP,2025-07-24 06:24:00,500,FRC4,20,28,289,207,1,False,10.759121023128003,106.67817276325134,0.0,10.0,26.3,Partly cloudy
2699,Từ Vòng Xoay Trần Phú đến ĐHSP,2025-07-24 06:24:00,400,FRC4,20,28,289,207,1,False,10.759445231432741,106.6790186505005,0.0,10.0,26.3,Partly cloudy
2700,Từ Vòng Xoay Trần Phú đến ĐHSP,2025-07-24 06:24:00,300,FRC4,20,28,289,207,1,False,10.759784345493584,106.67986453775157,0.0,10.0,26.3,Partly cloudy
2701,Từ Vòng Xoay Trần Phú đến ĐHSP,2025-07-24 06:24:00,200,FRC4,20,28,289,207,1,False,10.76013091221701,106.68072559786684,0.0,10.0,26.3,Partly cloudy
2702,Từ Vòng Xoay Trần Phú đến ĐHSP,2025-07-24 06:24:00,100,FRC4,17,28,338,205,1,False,10.760458845955434,106.6815638986815,0.0,10.0,26.3,Partly cloudy
2703,Từ Vòng Xoay Trần Phú đến ĐHSP,2025-07-24 06:24:00,0,FRC4,17,28,338,205,1,False,10.760883668675298,106.6826449653469,0.0,10.0,26.3,Partly cloudy
2704,Từ Ngã Sáu Cộng Hòa đến An Dương Vương,2025-07-24 06:54:00,500,FRC3,22,33,1141,760,1,False,10.765163027177051,106.68176325830919,0.0,10.0,26.3,Partly cloudy
2705,Từ Ngã Sáu Cộng Hòa đến An Dương Vương,2025-07-24 06:54:00,400,FRC3,22,33,1141,760,1,False,10.764283334954333,106.68210132878986,0.0,10.0,26.3,Partly cloudy
2706,Từ Ngã Sáu Cộng Hòa đến An Dương Vương,2025-07-24 06:54:00,300,FRC3,22,33,1141,760,1,False,10.763480856227291,106.68240386571111,0.0,10.0,26.3,Partly cloudy
2707,Từ Ngã Sáu Cộng Hòa đến An Dương Vương,2025-07-24 06:54:00,200,FRC3,22,33,1141,760,1,False,10.762642918836454,106.6827364596283,0.0,10.0,26.3,Partly cloudy
2708,Từ Ngã Sáu Cộng Hòa đến An Dương Vương,2025-07-24 06:54:00,100,FRC3,22,33,1141,760,1,False,10.7619261906941,106.68302613820323,0.0,10.0,26.3,Partly cloudy
2709,Từ Ngã Sáu Cộng Hòa đến An Dương Vương,2025-07-24 06:54:00,0,FRC3,22,33,1141,760,1,False,10.761156760056346,106.68331581677815,0.0,10.0,26.3,Partly cloudy
2710,Từ Cầu Nguyễn Văn Cừ đến An Dương Vương,2025-07-24 06:54:00,700,FRC2,25,34,636,467,1,False,10.755556817425111,106.68578400873503,0.0,10.0,26.3,Partly cloudy
2711,Từ Cầu Nguyễn Văn Cừ đến An Dương Vương,2025-07-24 06:54:00,600,FRC2,25,34,636,467,1,False,10.756358876280022,106.6853232069683,0.0,10.0,26.3,Partly cloudy
2712,Từ Cầu Nguyễn Văn Cừ đến An Dương Vương,2025-07-24 06:54:00,500,FRC2,24,34,662,467,1,False,10.757138847709548,106.684944289696,0.0,10.0,26.3,Partly cloudy
2713,Từ Cầu Nguyễn Văn Cừ đến An Dương Vương,2025-07-24 06:54:00,400,FRC2,24,34,662,467,1,False,10.757963133528543,106.68463303622572,0.0,10.0,26.3,Partly cloudy
2714,Từ Cầu Nguyễn Văn Cừ đến An Dương Vương,2025-07-24 06:54:00,300,FRC2,24,34,662,467,1,False,10.758623446871004,106.68435335919212,0.0,10.0,26.3,Partly cloudy
2715,Từ Cầu Nguyễn Văn Cừ đến An Dương Vương,2025-07-24 06:54:00,200,FRC6,20,27,848,628,1,False,10.759478749919925,106.68406917123804,0.0,10.0,26.3,Partly cloudy
2716,Từ Cầu Nguyễn Văn Cừ đến An Dương Vương,2025-07-24 06:54:00,100,FRC2,24,34,662,467,1,False,10.760311892549737,106.68371280856688,0.0,10.0,26.3,Partly cloudy
2717,Từ Cầu Nguyễn Văn Cừ đến An Dương Vương,2025-07-24 06:54:00,0,FRC2,24,34,662,467,1,False,10.761189348756318,106.68340155509297,0.0,10.0,26.3,Partly cloudy
2718,Từ Vòng Xoay Trần Phú đến ĐHSP,2025-07-24 06:54:00,1000,FRC4,29,29,198,198,1,False,10.757533515349062,106.67414436746735,0.0,10.0,26.3,Partly cloudy
2719,Từ Vòng Xoay Trần Phú đến ĐHSP,2025-07-24 06:54:00,900,FRC4,29,29,198,198,1,False,10.757824186413304,106.67502060044893,0.0,10.0,26.3,Partly cloudy
2720,Từ Vòng Xoay Trần Phú đến ĐHSP,2025-07-24 06:54:00,800,FRC4,29,29,198,198,1,False,10.758126036834728,106.67584372840122,0.0,10.0,26.3,Partly cloudy
2721,Từ Vòng Xoay Trần Phú đến ĐHSP,2025-07-24 06:54:00,700,FRC4,29,29,198,198,1,False,10.758483785091158,106.67667444278729,0.0,10.0,26.3,Partly cloudy
2722,Từ Vòng Xoay Trần Phú đến ĐHSP,2025-07-24 06:54:00,600,FRC4,29,29,198,198,1,False,10.758740916389923,106.67733446243443,0.0,10.0,26.3,Partly cloudy
2723,Từ Vòng Xoay Trần Phú đến ĐHSP,2025-07-24 06:54:00,500,FRC4,19,28,305,207,1,False,10.759121023128003,106.67817276325134,0.0,10.0,26.3,Partly cloudy
2724,Từ Vòng Xoay Trần Phú đến ĐHSP,2025-07-24 06:54:00,400,FRC4,19,28,305,207,1,False,10.759445231432741,106.6790186505005,0.0,10.0,26.3,Partly cloudy
2725,Từ Vòng Xoay Trần Phú đến ĐHSP,2025-07-24 06:54:00,300,FRC4,19,28,305,207,1,False,10.759784345493584,106.67986453775157,0.0,10.0,26.3,Partly cloudy
2726,Từ Vòng Xoay Trần Phú đến ĐHSP,2025-07-24 06:54:00,200,FRC4,19,28,305,207,1,False,10.76013091221701,106.68072559786684,0.0,10.0,26.3,Partly cloudy
2727,Từ Vòng Xoay Trần Phú đến ĐHSP,2025-07-24 06:54:00,100,FRC4,29,29,198,198,1,False,10.760458845955434,106.6815638986815,0.0,10.0,26.3,Partly cloudy
2728,Từ Vòng Xoay Trần Phú đến ĐHSP,2025-07-24 06:54:00,0,FRC4,29,29,198,198,1,False,10.760883668675298,106.6826449653469,0.0,10.0,26.3,Partly cloudy
2729,Từ Ngã Sáu Cộng Hòa đến An Dương Vương,2025-07-24 07:19:00,500,FRC3,21,32,1195,784,1,False,10.765163027177051,106.68176325830919,0.0,10.0,23.8,Partly cloudy
2730,Từ Ngã Sáu Cộng Hòa đến An Dương Vương,2025-07-24 07:19:00,400,FRC3,21,32,1195,784,1,False,10.764283334954333,106.68210132878986,0.0,10.0,23.8,Partly cloudy
2731,Từ Ngã Sáu Cộng Hòa đến An Dương Vương,2025-07-24 07:19:00,300,FRC3,21,32,1195,784,1,False,10.763480856227291,106.68240386571111,0.0,10.0,23.8,Partly cloudy
2732,Từ Ngã Sáu Cộng Hòa đến An Dương Vương,2025-07-24 07:19:00,200,FRC3,21,32,1195,784,1,False,10.762642918836454,106.6827364596283,0.0,10.0,23.8,Partly cloudy
2733,Từ Ngã Sáu Cộng Hòa đến An Dương Vương,2025-07-24 07:19:00,100,FRC3,21,32,1195,784,1,False,10.7619261906941,106.68302613820323,0.0,10.0,23.8,Partly cloudy
2734,Từ Ngã Sáu Cộng Hòa đến An Dương Vương,2025-07-24 07:19:00,0,FRC3,21,32,1195,784,1,False,10.761156760056346,106.68331581677815,0.0,10.0,23.8,Partly cloudy
2735,Từ Cầu Nguyễn Văn Cừ đến An Dương Vương,2025-07-24 07:19:00,700,FRC2,24,34,662,467,1,False,10.755556817425111,106.68578400873503,0.0,10.0,23.8,Partly cloudy
2736,Từ Cầu Nguyễn Văn Cừ đến An Dương Vương,2025-07-24 07:19:00,600,FRC2,24,34,662,467,1,False,10.756358876280022,106.6853232069683,0.0,10.0,23.8,Partly cloudy
2737,Từ Cầu Nguyễn Văn Cừ đến An Dương Vương,2025-07-24 07:19:00,500,FRC2,24,34,662,467,1,False,10.757138847709548,106.684944289696,0.0,10.0,23.8,Partly cloudy
2738,Từ Cầu Nguyễn Văn Cừ đến An Dương Vương,2025-07-24 07:19:00,400,FRC2,24,34,662,467,1,False,10.757963133528543,106.68463303622572,0.0,10.0,23.8,Partly cloudy
2739,Từ Cầu Nguyễn Văn Cừ đến An Dương Vương,2025-07-24 07:19:00,300,FRC2,24,34,662,467,1,False,10.758623446871004,106.68435335919212,0.0,10.0,23.8,Partly cloudy
2740,Từ Cầu Nguyễn Văn Cừ đến An Dương Vương,2025-07-24 07:19:00,200,FRC6,16,26,1061,652,1,False,10.759478749919925,106.68406917123804,0.0,10.0,23.8,Partly cloudy
2741,Từ Cầu Nguyễn Văn Cừ đến An Dương Vương,2025-07-24 07:19:00,100,FRC2,24,34,662,467,1,False,10.760311892549737,106.68371280856688,0.0,10.0,23.8,Partly cloudy
2742,Từ Cầu Nguyễn Văn Cừ đến An Dương Vương,2025-07-24 07:19:00,0,FRC2,24,34,662,467,1,False,10.761189348756318,106.68340155509297,0.0,10.0,23.8,Partly cloudy
2743,Từ Vòng Xoay Trần Phú đến ĐHSP,2025-07-24 07:19:00,1000,FRC4,18,29,319,198,1,False,10.757533515349062,106.67414436746735,0.0,10.0,23.8,Partly cloudy
2744,Từ Vòng Xoay Trần Phú đến ĐHSP,2025-07-24 07:19:00,900,FRC4,18,29,319,198,1,False,10.757824186413304,106.67502060044893,0.0,10.0,23.8,Partly cloudy
2745,Từ Vòng Xoay Trần Phú đến ĐHSP,2025-07-24 07:19:00,800,FRC4,18,29,319,198,1,False,10.758126036834728,106.67584372840122,0.0,10.0,23.8,Partly cloudy
2746,Từ Vòng Xoay Trần Phú đến ĐHSP,2025-07-24 07:19:00,700,FRC4,18,29,319,198,1,False,10.758483785091158,106.67667444278729,0.0,10.0,23.8,Partly cloudy
2747,Từ Vòng Xoay Trần Phú đến ĐHSP,2025-07-24 07:19:00,600,FRC4,18,29,319,198,1,False,10.758740916389923,106.67733446243443,0.0,10.0,23.8,Partly cloudy
2748,Từ Vòng Xoay Trần Phú đến ĐHSP,2025-07-24 07:19:00,500,FRC4,18,28,322,207,0.996157,False,10.759121023128003,106.67817276325134,0.0,10.0,23.8,Partly cloudy
2749,Từ Vòng Xoay Trần Phú đến ĐHSP,2025-07-24 07:19:00,400,FRC4,18,28,322,207,0.996157,False,10.759445231432741,106.6790186505005,0.0,10.0,23.8,Partly cloudy
2750,Từ Vòng Xoay Trần Phú đến ĐHSP,2025-07-24 07:19:00,300,FRC4,18,28,322,207,0.996157,False,10.759784345493584,106.67986453775157,0.0,10.0,23.8,Partly cloudy
2751,Từ Vòng Xoay Trần Phú đến ĐHSP,2025-07-24 07:19:00,200,FRC4,18,28,322,207,0.996157,False,10.76013091221701,106.68072559786684,0.0,10.0,23.8,Partly cloudy
2752,Từ Vòng Xoay Trần Phú đến ĐHSP,2025-07-24 07:19:00,100,FRC4,18,29,319,198,1,False,10.760458845955434,106.6815638986815,0.0,10.0,23.8,Partly cloudy
2753,Từ Vòng Xoay Trần Phú đến ĐHSP,2025-07-24 07:19:00,0,FRC4,18,29,319,198,1,False,10.760883668675298,106.6826449653469,0.0,10.0,23.8,Partly cloudy
2754,Từ Ngã Sáu Cộng Hòa đến An Dương Vương,2025-07-24 07:42:00,500,FRC3,22,33,1141,760,1,False,10.765163027177051,106.68176325830919,0.0,10.0,23.8,Partly Cloudy
2755,Từ Ngã Sáu Cộng Hòa đến An Dương Vương,2025-07-24 07:42:00,400,FRC3,22,33,1141,760,1,False,10.764283334954333,106.68210132878986,0.0,10.0,23.8,Partly Cloudy
2756,Từ Ngã Sáu Cộng Hòa đến An Dương Vương,2025-07-24 07:42:00,300,FRC3,22,33,1141,760,1,False,10.763480856227291,106.68240386571111,0.0,10.0,23.8,Partly Cloudy
2757,Từ Ngã Sáu Cộng Hòa đến An Dương Vương,2025-07-24 07:42:00,200,FRC3,22,33,1141,760,1,False,10.762642918836454,106.6827364596283,0.0,10.0,23.8,Partly Cloudy
2758,Từ Ngã Sáu Cộng Hòa đến An Dương Vương,2025-07-24 07:42:00,100,FRC3,22,33,1141,760,1,False,10.7619261906941,106.68302613820323,0.0,10.0,23.8,Partly Cloudy
2759,Từ Ngã Sáu Cộng Hòa đến An Dương Vương,2025-07-24 07:42:00,0,FRC3,22,33,1141,760,1,False,10.761156760056346,106.68331581677815,0.0,10.0,23.8,Partly Cloudy
2760,Từ Cầu Nguyễn Văn Cừ đến An Dương Vương,2025-07-24 07:42:00,700,FRC2,25,34,636,467,1,False,10.755556817425111,106.68578400873503,0.0,10.0,23.8,Partly Cloudy
2761,Từ Cầu Nguyễn Văn Cừ đến An Dương Vương,2025-07-24 07:42:00,600,FRC2,25,34,636,467,1,False,10.756358876280022,106.6853232069683,0.0,10.0,23.8,Partly Cloudy
2762,Từ Cầu Nguyễn Văn Cừ đến An Dương Vương,2025-07-24 07:42:00,500,FRC2,25,34,636,467,1,False,10.757138847709548,106.684944289696,0.0,10.0,23.8,Partly Cloudy
2763,Từ Cầu Nguyễn Văn Cừ đến An Dương Vương,2025-07-24 07:42:00,400,FRC2,25,34,636,467,1,False,10.757963133528543,106.68463303622572,0.0,10.0,23.8,Partly Cloudy
2764,Từ Cầu Nguyễn Văn Cừ đến An Dương Vương,2025-07-24 07:42:00,300,FRC2,25,34,636,467,1,False,10.758623446871004,106.68435335919212,0.0,10.0,23.8,Partly Cloudy
2765,Từ Cầu Nguyễn Văn Cừ đến An Dương Vương,2025-07-24 07:42:00,200,FRC6,19,26,893,652,1,False,10.759478749919925,106.68406917123804,0.0,10.0,23.8,Partly Cloudy
2766,Từ Cầu Nguyễn Văn Cừ đến An Dương Vương,2025-07-24 07:42:00,100,FRC2,25,34,636,467,1,False,10.760311892549737,106.68371280856688,0.0,10.0,23.8,Partly Cloudy
2767,Từ Cầu Nguyễn Văn Cừ đến An Dương Vương,2025-07-24 07:42:00,0,FRC2,25,34,636,467,1,False,10.761189348756318,106.68340155509297,0.0,10.0,23.8,Partly Cloudy
2768,Từ Vòng Xoay Trần Phú đến ĐHSP,2025-07-24 07:42:00,1000,FRC4,21,28,273,205,1,False,10.757533515349062,106.67414436746735,0.0,10.0,23.8,Partly Cloudy
2769,Từ Vòng Xoay Trần Phú đến ĐHSP,2025-07-24 07:42:00,900,FRC4,21,28,273,205,1,False,10.757824186413304,106.67502060044893,0.0,10.0,23.8,Partly Cloudy
2770,Từ Vòng Xoay Trần Phú đến ĐHSP,2025-07-24 07:42:00,800,FRC4,21,28,273,205,1,False,10.758126036834728,106.67584372840122,0.0,10.0,23.8,Partly Cloudy
2771,Từ Vòng Xoay Trần Phú đến ĐHSP,2025-07-24 07:42:00,700,FRC4,21,28,273,205,1,False,10.758483785091158,106.67667444278729,0.0,10.0,23.8,Partly Cloudy
2772,Từ Vòng Xoay Trần Phú đến ĐHSP,2025-07-24 07:42:00,600,FRC4,21,28,273,205,1,False,10.758740916389923,106.67733446243443,0.0,10.0,23.8,Partly Cloudy
2773,Từ Vòng Xoay Trần Phú đến ĐHSP,2025-07-24 07:42:00,500,FRC4,17,28,341,207,1,False,10.759121023128003,106.67817276325134,0.0,10.0,23.8,Partly Cloudy
2774,Từ Vòng Xoay Trần Phú đến ĐHSP,2025-07-24 07:42:00,400,FRC4,17,28,341,207,1,False,10.759445231432741,106.6790186505005,0.0,10.0,23.8,Partly Cloudy
2775,Từ Vòng Xoay Trần Phú đến ĐHSP,2025-07-24 07:42:00,300,FRC4,17,28,341,207,1,False,10.759784345493584,106.67986453775157,0.0,10.0,23.8,Partly Cloudy
2776,Từ Vòng Xoay Trần Phú đến ĐHSP,2025-07-24 07:42:00,200,FRC4,17,28,341,207,1,False,10.76013091221701,106.68072559786684,0.0,10.0,23.8,Partly Cloudy
2777,Từ Vòng Xoay Trần Phú đến ĐHSP,2025-07-24 07:42:00,100,FRC4,21,28,273,205,1,False,10.760458845955434,106.6815638986815,0.0,10.0,23.8,Partly Cloudy
2778,Từ Vòng Xoay Trần Phú đến ĐHSP,2025-07-24 07:42:00,0,FRC4,21,28,273,205,1,False,10.760883668675298,106.6826449653469,0.0,10.0,23.8,Partly Cloudy
2779,Từ Ngã Sáu Cộng Hòa đến An Dương Vương,2025-07-24 07:53:00,500,FRC3,21,33,1195,760,1,False,10.765163027177051,106.68176325830919,0.0,10.0,23.8,Partly cloudy
2780,Từ Ngã Sáu Cộng Hòa đến An Dương Vương,2025-07-24 07:53:00,400,FRC3,21,33,1195,760,1,False,10.764283334954333,106.68210132878986,0.0,10.0,23.8,Partly cloudy
2781,Từ Ngã Sáu Cộng Hòa đến An Dương Vương,2025-07-24 07:53:00,300,FRC3,21,33,1195,760,1,False,10.763480856227291,106.68240386571111,0.0,10.0,23.8,Partly cloudy
2782,Từ Ngã Sáu Cộng Hòa đến An Dương Vương,2025-07-24 07:53:00,200,FRC3,21,33,1195,760,1,False,10.762642918836454,106.6827364596283,0.0,10.0,23.8,Partly cloudy
2783,Từ Ngã Sáu Cộng Hòa đến An Dương Vương,2025-07-24 07:53:00,100,FRC3,21,33,1195,760,1,False,10.7619261906941,106.68302613820323,0.0,10.0,23.8,Partly cloudy
2784,Từ Ngã Sáu Cộng Hòa đến An Dương Vương,2025-07-24 07:53:00,0,FRC3,21,33,1195,760,1,False,10.761156760056346,106.68331581677815,0.0,10.0,23.8,Partly cloudy
2785,Từ Cầu Nguyễn Văn Cừ đến An Dương Vương,2025-07-24 07:53:00,700,FRC2,26,34,611,467,1,False,10.755556817425111,106.68578400873503,0.0,10.0,23.8,Partly cloudy
2786,Từ Cầu Nguyễn Văn Cừ đến An Dương Vương,2025-07-24 07:53:00,600,FRC2,26,34,611,467,1,False,10.756358876280022,106.6853232069683,0.0,10.0,23.8,Partly cloudy
2787,Từ Cầu Nguyễn Văn Cừ đến An Dương Vương,2025-07-24 07:53:00,500,FRC2,26,34,611,467,1,False,10.757138847709548,106.684944289696,0.0,10.0,23.8,Partly cloudy
2788,Từ Cầu Nguyễn Văn Cừ đến An Dương Vương,2025-07-24 07:53:00,400,FRC2,26,34,611,467,1,False,10.757963133528543,106.68463303622572,0.0,10.0,23.8,Partly cloudy
2789,Từ Cầu Nguyễn Văn Cừ đến An Dương Vương,2025-07-24 07:53:00,300,FRC2,26,34,611,467,1,False,10.758623446871004,106.68435335919212,0.0,10.0,23.8,Partly cloudy
2790,Từ Cầu Nguyễn Văn Cừ đến An Dương Vương,2025-07-24 07:53:00,200,FRC6,20,26,848,652,1,False,10.759478749919925,106.68406917123804,0.0,10.0,23.8,Partly cloudy
2791,Từ Cầu Nguyễn Văn Cừ đến An Dương Vương,2025-07-24 07:53:00,100,FRC2,26,34,611,467,1,False,10.760311892549737,106.68371280856688,0.0,10.0,23.8,Partly cloudy
2792,Từ Cầu Nguyễn Văn Cừ đến An Dương Vương,2025-07-24 07:53:00,0,FRC2,26,34,611,467,1,False,10.761189348756318,106.68340155509297,0.0,10.0,23.8,Partly cloudy
2793,Từ Vòng Xoay Trần Phú đến ĐHSP,2025-07-24 07:53:00,1000,FRC4,21,28,273,205,1,False,10.757533515349062,106.67414436746735,0.0,10.0,23.8,Partly cloudy
2794,Từ Vòng Xoay Trần Phú đến ĐHSP,2025-07-24 07:53:00,900,FRC4,21,28,273,205,1,False,10.757824186413304,106.67502060044893,0.0,10.0,23.8,Partly cloudy
2795,Từ Vòng Xoay Trần Phú đến ĐHSP,2025-07-24 07:53:00,800,FRC4,21,28,273,205,1,False,10.758126036834728,106.67584372840122,0.0,10.0,23.8,Partly cloudy
2796,Từ Vòng Xoay Trần Phú đến ĐHSP,2025-07-24 07:53:00,700,FRC4,21,28,273,205,1,False,10.758483785091158,106.67667444278729,0.0,10.0,23.8,Partly cloudy
2797,Từ Vòng Xoay Trần Phú đến ĐHSP,2025-07-24 07:53:00,600,FRC4,21,28,273,205,1,False,10.758740916389923,106.67733446243443,0.0,10.0,23.8,Partly cloudy
2798,Từ Vòng Xoay Trần Phú đến ĐHSP,2025-07-24 07:53:00,500,FRC4,19,28,305,207,1,False,10.759121023128003,106.67817276325134,0.0,10.0,23.8,Partly cloudy
2799,Từ Vòng Xoay Trần Phú đến ĐHSP,2025-07-24 07:53:00,400,FRC4,19,28,305,207,1,False,10.759445231432741,106.6790186505005,0.0,10.0,23.8,Partly cloudy
2800,Từ Vòng Xoay Trần Phú đến ĐHSP,2025-07-24 07:53:00,300,FRC4,19,28,305,207,1,False,10.759784345493584,106.67986453775157,0.0,10.0,23.8,Partly cloudy
2801,Từ Vòng Xoay Trần Phú đến ĐHSP,2025-07-24 07:53:00,200,FRC4,19,28,305,207,1,False,10.76013091221701,106.68072559786684,0.0,10.0,23.8,Partly cloudy
2802,Từ Vòng Xoay Trần Phú đến ĐHSP,2025-07-24 07:53:00,100,FRC4,21,28,273,205,1,False,10.760458845955434,106.6815638986815,0.0,10.0,23.8,Partly cloudy
2803,Từ Vòng Xoay Trần Phú đến ĐHSP,2025-07-24 07:53:00,0,FRC4,21,28,273,205,1,False,10.760883668675298,106.6826449653469,0.0,10.0,23.8,Partly cloudy
2804,Từ Ngã Sáu Cộng Hòa đến An Dương Vương,2025-07-24 08:22:00,500,FRC3,20,33,1255,760,1,False,10.765163027177051,106.68176325830919,0.0,10.0,20.5,Partly cloudy
2805,Từ Ngã Sáu Cộng Hòa đến An Dương Vương,2025-07-24 08:22:00,400,FRC3,20,33,1255,760,1,False,10.764283334954333,106.68210132878986,0.0,10.0,20.5,Partly cloudy
2806,Từ Ngã Sáu Cộng Hòa đến An Dương Vương,2025-07-24 08:22:00,300,FRC3,20,33,1255,760,1,False,10.763480856227291,106.68240386571111,0.0,10.0,20.5,Partly cloudy
2807,Từ Ngã Sáu Cộng Hòa đến An Dương Vương,2025-07-24 08:22:00,200,FRC3,20,33,1255,760,1,False,10.762642918836454,106.6827364596283,0.0,10.0,20.5,Partly cloudy
2808,Từ Ngã Sáu Cộng Hòa đến An Dương Vương,2025-07-24 08:22:00,100,FRC3,20,33,1255,760,1,False,10.7619261906941,106.68302613820323,0.0,10.0,20.5,Partly cloudy
2809,Từ Ngã Sáu Cộng Hòa đến An Dương Vương,2025-07-24 08:22:00,0,FRC3,20,33,1255,760,1,False,10.761156760056346,106.68331581677815,0.0,10.0,20.5,Partly cloudy
2810,Từ Cầu Nguyễn Văn Cừ đến An Dương Vương,2025-07-24 08:22:00,700,FRC2,23,34,691,467,1,False,10.755556817425111,106.68578400873503,0.0,10.0,20.5,Partly cloudy
2811,Từ Cầu Nguyễn Văn Cừ đến An Dương Vương,2025-07-24 08:22:00,600,FRC2,23,34,691,467,1,False,10.756358876280022,106.6853232069683,0.0,10.0,20.5,Partly cloudy
2812,Từ Cầu Nguyễn Văn Cừ đến An Dương Vương,2025-07-24 08:22:00,500,FRC2,23,34,691,467,1,False,10.757138847709548,106.684944289696,0.0,10.0,20.5,Partly cloudy
2813,Từ Cầu Nguyễn Văn Cừ đến An Dương Vương,2025-07-24 08:22:00,400,FRC2,23,34,691,467,1,False,10.757963133528543,106.68463303622572,0.0,10.0,20.5,Partly cloudy
2814,Từ Cầu Nguyễn Văn Cừ đến An Dương Vương,2025-07-24 08:22:00,300,FRC2,23,34,691,467,1,False,10.758623446871004,106.68435335919212,0.0,10.0,20.5,Partly cloudy
2815,Từ Cầu Nguyễn Văn Cừ đến An Dương Vương,2025-07-24 08:22:00,200,FRC6,20,26,848,652,1,False,10.759478749919925,106.68406917123804,0.0,10.0,20.5,Partly cloudy
2816,Từ Cầu Nguyễn Văn Cừ đến An Dương Vương,2025-07-24 08:22:00,100,FRC2,23,34,691,467,1,False,10.760311892549737,106.68371280856688,0.0,10.0,20.5,Partly cloudy
2817,Từ Cầu Nguyễn Văn Cừ đến An Dương Vương,2025-07-24 08:22:00,0,FRC2,23,34,691,467,1,False,10.761189348756318,106.68340155509297,0.0,10.0,20.5,Partly cloudy
2818,Từ Vòng Xoay Trần Phú đến ĐHSP,2025-07-24 08:22:00,1000,FRC4,21,28,273,205,1,False,10.757533515349062,106.67414436746735,0.0,10.0,20.5,Partly cloudy
2819,Từ Vòng Xoay Trần Phú đến ĐHSP,2025-07-24 08:22:00,900,FRC4,21,28,273,205,1,False,10.757824186413304,106.67502060044893,0.0,10.0,20.5,Partly cloudy
2820,Từ Vòng Xoay Trần Phú đến ĐHSP,2025-07-24 08:22:00,800,FRC4,21,28,273,205,1,False,10.758126036834728,106.67584372840122,0.0,10.0,20.5,Partly cloudy
2821,Từ Vòng Xoay Trần Phú đến ĐHSP,2025-07-24 08:22:00,700,FRC4,21,28,273,205,1,False,10.758483785091158,106.67667444278729,0.0,10.0,20.5,Partly cloudy
2822,Từ Vòng Xoay Trần Phú đến ĐHSP,2025-07-24 08:22:00,600,FRC4,21,28,273,205,1,False,10.758740916389923,106.67733446243443,0.0,10.0,20.5,Partly cloudy
2823,Từ Vòng Xoay Trần Phú đến ĐHSP,2025-07-24 08:22:00,500,FRC4,18,28,322,207,0.996157,False,10.759121023128003,106.67817276325134,0.0,10.0,20.5,Partly cloudy
2824,Từ Vòng Xoay Trần Phú đến ĐHSP,2025-07-24 08:22:00,400,FRC4,18,28,322,207,0.996157,False,10.759445231432741,106.6790186505005,0.0,10.0,20.5,Partly cloudy
2825,Từ Vòng Xoay Trần Phú đến ĐHSP,2025-07-24 08:22:00,300,FRC4,18,28,322,207,0.996157,False,10.759784345493584,106.67986453775157,0.0,10.0,20.5,Partly cloudy
2826,Từ Vòng Xoay Trần Phú đến ĐHSP,2025-07-24 08:22:00,200,FRC4,18,28,322,207,0.996157,False,10.76013091221701,106.68072559786684,0.0,10.0,20.5,Partly cloudy
2827,Từ Vòng Xoay Trần Phú đến ĐHSP,2025-07-24 08:22:00,100,FRC4,21,28,273,205,1,False,10.760458845955434,106.6815638986815,0.0,10.0,20.5,Partly cloudy
2828,Từ Vòng Xoay Trần Phú đến ĐHSP,2025-07-24 08:22:00,0,FRC4,21,28,273,205,1,False,10.760883668675298,106.6826449653469,0.0,10.0,20.5,Partly cloudy
2829,Từ Ngã Sáu Cộng Hòa đến An Dương Vương,2025-07-24 08:51:00,500,FRC3,22,33,1141,760,1,False,10.765163027177051,106.68176325830919,0.0,10.0,20.5,Partly cloudy
2830,Từ Ngã Sáu Cộng Hòa đến An Dương Vương,2025-07-24 08:51:00,400,FRC3,22,33,1141,760,1,False,10.764283334954333,106.68210132878986,0.0,10.0,20.5,Partly cloudy
2831,Từ Ngã Sáu Cộng Hòa đến An Dương Vương,2025-07-24 08:51:00,300,FRC3,22,33,1141,760,1,False,10.763480856227291,106.68240386571111,0.0,10.0,20.5,Partly cloudy
2832,Từ Ngã Sáu Cộng Hòa đến An Dương Vương,2025-07-24 08:51:00,200,FRC3,22,33,1141,760,1,False,10.762642918836454,106.6827364596283,0.0,10.0,20.5,Partly cloudy
2833,Từ Ngã Sáu Cộng Hòa đến An Dương Vương,2025-07-24 08:51:00,100,FRC3,22,33,1141,760,1,False,10.7619261906941,106.68302613820323,0.0,10.0,20.5,Partly cloudy
2834,Từ Ngã Sáu Cộng Hòa đến An Dương Vương,2025-07-24 08:51:00,0,FRC3,22,33,1141,760,1,False,10.761156760056346,106.68331581677815,0.0,10.0,20.5,Partly cloudy
2835,Từ Cầu Nguyễn Văn Cừ đến An Dương Vương,2025-07-24 08:51:00,700,FRC2,23,34,691,467,1,False,10.755556817425111,106.68578400873503,0.0,10.0,20.5,Partly cloudy
2836,Từ Cầu Nguyễn Văn Cừ đến An Dương Vương,2025-07-24 08:51:00,600,FRC2,23,34,691,467,1,False,10.756358876280022,106.6853232069683,0.0,10.0,20.5,Partly cloudy
2837,Từ Cầu Nguyễn Văn Cừ đến An Dương Vương,2025-07-24 08:51:00,500,FRC2,23,34,691,467,1,False,10.757138847709548,106.684944289696,0.0,10.0,20.5,Partly cloudy
2838,Từ Cầu Nguyễn Văn Cừ đến An Dương Vương,2025-07-24 08:51:00,400,FRC2,23,34,691,467,1,False,10.757963133528543,106.68463303622572,0.0,10.0,20.5,Partly cloudy
2839,Từ Cầu Nguyễn Văn Cừ đến An Dương Vương,2025-07-24 08:51:00,300,FRC2,23,34,691,467,1,False,10.758623446871004,106.68435335919212,0.0,10.0,20.5,Partly cloudy
2840,Từ Cầu Nguyễn Văn Cừ đến An Dương Vương,2025-07-24 08:51:00,200,FRC6,18,26,943,652,1,False,10.759478749919925,106.68406917123804,0.0,10.0,20.5,Partly cloudy
2841,Từ Cầu Nguyễn Văn Cừ đến An Dương Vương,2025-07-24 08:51:00,100,FRC2,23,34,691,467,1,False,10.760311892549737,106.68371280856688,0.0,10.0,20.5,Partly cloudy
2842,Từ Cầu Nguyễn Văn Cừ đến An Dương Vương,2025-07-24 08:51:00,0,FRC2,23,34,691,467,1,False,10.761189348756318,106.68340155509297,0.0,10.0,20.5,Partly cloudy
2843,Từ Vòng Xoay Trần Phú đến ĐHSP,2025-07-24 08:51:00,1000,FRC4,20,28,287,205,1,False,10.757533515349062,106.67414436746735,0.0,10.0,20.5,Partly cloudy
2844,Từ Vòng Xoay Trần Phú đến ĐHSP,2025-07-24 08:51:00,900,FRC4,20,28,287,205,1,False,10.757824186413304,106.67502060044893,0.0,10.0,20.5,Partly cloudy
2845,Từ Vòng Xoay Trần Phú đến ĐHSP,2025-07-24 08:51:00,800,FRC4,20,28,287,205,1,False,10.758126036834728,106.67584372840122,0.0,10.0,20.5,Partly cloudy
2846,Từ Vòng Xoay Trần Phú đến ĐHSP,2025-07-24 08:51:00,700,FRC4,20,28,287,205,1,False,10.758483785091158,106.67667444278729,0.0,10.0,20.5,Partly cloudy
2847,Từ Vòng Xoay Trần Phú đến ĐHSP,2025-07-24 08:51:00,600,FRC4,20,28,287,205,1,False,10.758740916389923,106.67733446243443,0.0,10.0,20.5,Partly cloudy
2848,Từ Vòng Xoay Trần Phú đến ĐHSP,2025-07-24 08:51:00,500,FRC4,20,28,289,207,0.996787,False,10.759121023128003,106.67817276325134,0.0,10.0,20.5,Partly cloudy
2849,Từ Vòng Xoay Trần Phú đến ĐHSP,2025-07-24 08:51:00,400,FRC4,20,28,289,207,0.996787,False,10.759445231432741,106.6790186505005,0.0,10.0,20.5,Partly cloudy
2850,Từ Vòng Xoay Trần Phú đến ĐHSP,2025-07-24 08:51:00,300,FRC4,20,28,289,207,0.996787,False,10.759784345493584,106.67986453775157,0.0,10.0,20.5,Partly cloudy
2851,Từ Vòng Xoay Trần Phú đến ĐHSP,2025-07-24 08:51:00,200,FRC4,20,28,289,207,0.996787,False,10.76013091221701,106.68072559786684,0.0,10.0,20.5,Partly cloudy
2852,Từ Vòng Xoay Trần Phú đến ĐHSP,2025-07-24 08:51:00,100,FRC4,20,28,287,205,1,False,10.760458845955434,106.6815638986815,0.0,10.0,20.5,Partly cloudy
2853,Từ Vòng Xoay Trần Phú đến ĐHSP,2025-07-24 08:51:00,0,FRC4,20,28,287,205,1,False,10.760883668675298,106.6826449653469,0.0,10.0,20.5,Partly cloudy
2854,Từ Ngã Sáu Cộng Hòa đến An Dương Vương,2025-07-24 11:17:00,500,FRC3,19,32,1321,784,1,False,10.765163027177051,106.68176325830919,0.0,10.0,20.2,Partly Cloudy
2855,Từ Ngã Sáu Cộng Hòa đến An Dương Vương,2025-07-24 11:17:00,400,FRC3,19,32,1321,784,1,False,10.764283334954333,106.68210132878986,0.0,10.0,20.2,Partly Cloudy
2856,Từ Ngã Sáu Cộng Hòa đến An Dương Vương,2025-07-24 11:17:00,300,FRC3,19,32,1321,784,1,False,10.763480856227291,106.68240386571111,0.0,10.0,20.2,Partly Cloudy
2857,Từ Ngã Sáu Cộng Hòa đến An Dương Vương,2025-07-24 11:17:00,200,FRC3,19,32,1321,784,1,False,10.762642918836454,106.6827364596283,0.0,10.0,20.2,Partly Cloudy
2858,Từ Ngã Sáu Cộng Hòa đến An Dương Vương,2025-07-24 11:18:00,100,FRC3,19,32,1321,784,1,False,10.7619261906941,106.68302613820323,0.0,10.0,20.2,Partly Cloudy
2859,Từ Ngã Sáu Cộng Hòa đến An Dương Vương,2025-07-24 11:18:00,0,FRC3,19,32,1321,784,1,False,10.761156760056346,106.68331581677815,0.0,10.0,20.2,Partly Cloudy
2860,Từ Cầu Nguyễn Văn Cừ đến An Dương Vương,2025-07-24 11:18:00,700,FRC2,21,34,757,467,1,False,10.755556817425111,106.68578400873503,0.0,10.0,20.2,Partly Cloudy
2861,Từ Cầu Nguyễn Văn Cừ đến An Dương Vương,2025-07-24 11:18:00,600,FRC2,21,34,757,467,1,False,10.756358876280022,106.6853232069683,0.0,10.0,20.2,Partly Cloudy
2862,Từ Cầu Nguyễn Văn Cừ đến An Dương Vương,2025-07-24 11:18:00,500,FRC2,21,34,757,467,1,False,10.757138847709548,106.684944289696,0.0,10.0,20.2,Partly Cloudy
2863,Từ Cầu Nguyễn Văn Cừ đến An Dương Vương,2025-07-24 11:18:00,400,FRC2,21,34,757,467,1,False,10.757963133528543,106.68463303622572,0.0,10.0,20.2,Partly Cloudy
2864,Từ Cầu Nguyễn Văn Cừ đến An Dương Vương,2025-07-24 11:18:00,300,FRC2,21,34,757,467,1,False,10.758623446871004,106.68435335919212,0.0,10.0,20.2,Partly Cloudy
2865,Từ Cầu Nguyễn Văn Cừ đến An Dương Vương,2025-07-24 11:18:00,200,FRC6,17,26,998,652,1,False,10.759478749919925,106.68406917123804,0.0,10.0,20.2,Partly Cloudy
2866,Từ Cầu Nguyễn Văn Cừ đến An Dương Vương,2025-07-24 11:18:00,100,FRC2,21,34,757,467,1,False,10.760311892549737,106.68371280856688,0.0,10.0,20.2,Partly Cloudy
2867,Từ Cầu Nguyễn Văn Cừ đến An Dương Vương,2025-07-24 11:18:00,0,FRC2,21,34,757,467,1,False,10.761189348756318,106.68340155509297,0.0,10.0,20.2,Partly Cloudy
2868,Từ Vòng Xoay Trần Phú đến ĐHSP,2025-07-24 11:18:00,1000,FRC4,17,28,338,205,1,False,10.757533515349062,106.67414436746735,0.0,10.0,20.2,Partly Cloudy
2869,Từ Vòng Xoay Trần Phú đến ĐHSP,2025-07-24 11:18:00,900,FRC4,17,28,338,205,1,False,10.757824186413304,106.67502060044893,0.0,10.0,20.2,Partly Cloudy
2870,Từ Vòng Xoay Trần Phú đến ĐHSP,2025-07-24 11:18:00,800,FRC4,17,28,338,205,1,False,10.758126036834728,106.67584372840122,0.0,10.0,20.2,Partly Cloudy
2871,Từ Vòng Xoay Trần Phú đến ĐHSP,2025-07-24 11:18:00,700,FRC4,17,28,338,205,1,False,10.758483785091158,106.67667444278729,0.0,10.0,20.2,Partly Cloudy
2872,Từ Vòng Xoay Trần Phú đến ĐHSP,2025-07-24 11:18:00,600,FRC4,17,28,338,205,1,False,10.758740916389923,106.67733446243443,0.0,10.0,20.2,Partly Cloudy
2873,Từ Vòng Xoay Trần Phú đến ĐHSP,2025-07-24 11:18:00,500,FRC4,21,27,276,214,0.998091,False,10.759121023128003,106.67817276325134,0.0,10.0,20.2,Partly Cloudy
2874,Từ Vòng Xoay Trần Phú đến ĐHSP,2025-07-24 11:18:00,400,FRC4,21,27,276,214,0.998091,False,10.759445231432741,106.6790186505005,0.0,10.0,20.2,Partly Cloudy
2875,Từ Vòng Xoay Trần Phú đến ĐHSP,2025-07-24 11:18:00,300,FRC4,21,27,276,214,0.998091,False,10.759784345493584,106.67986453775157,0.0,10.0,20.2,Partly Cloudy
2876,Từ Vòng Xoay Trần Phú đến ĐHSP,2025-07-24 11:18:00,200,FRC4,21,27,276,214,0.998091,False,10.76013091221701,106.68072559786684,0.0,10.0,20.2,Partly Cloudy
2877,Từ Vòng Xoay Trần Phú đến ĐHSP,2025-07-24 11:18:00,100,FRC4,17,28,338,205,1,False,10.760458845955434,106.6815638986815,0.0,10.0,20.2,Partly Cloudy
2878,Từ Vòng Xoay Trần Phú đến ĐHSP,2025-07-24 11:18:00,0,FRC4,17,28,338,205,1,False,10.760883668675298,106.6826449653469,0.0,10.0,20.2,Partly Cloudy
2879,Từ Ngã Sáu Cộng Hòa đến An Dương Vương,2025-07-24 11:40:00,500,FRC3,18,33,1394,760,1,False,10.765163027177051,106.68176325830919,0.0,10.0,20.2,Partly Cloudy
2880,Từ Ngã Sáu Cộng Hòa đến An Dương Vương,2025-07-24 11:40:00,400,FRC3,18,33,1394,760,1,False,10.764283334954333,106.68210132878986,0.0,10.0,20.2,Partly Cloudy
2881,Từ Ngã Sáu Cộng Hòa đến An Dương Vương,2025-07-24 11:40:00,300,FRC3,19,33,1321,760,1,False,10.763480856227291,106.68240386571111,0.0,10.0,20.2,Partly Cloudy
2882,Từ Ngã Sáu Cộng Hòa đến An Dương Vương,2025-07-24 11:40:00,200,FRC3,19,33,1321,760,1,False,10.762642918836454,106.6827364596283,0.0,10.0,20.2,Partly Cloudy
2883,Từ Ngã Sáu Cộng Hòa đến An Dương Vương,2025-07-24 11:40:00,100,FRC3,19,33,1321,760,1,False,10.7619261906941,106.68302613820323,0.0,10.0,20.2,Partly Cloudy
2884,Từ Ngã Sáu Cộng Hòa đến An Dương Vương,2025-07-24 11:40:00,0,FRC3,19,33,1321,760,1,False,10.761156760056346,106.68331581677815,0.0,10.0,20.2,Partly Cloudy
2885,Từ Cầu Nguyễn Văn Cừ đến An Dương Vương,2025-07-24 11:40:00,700,FRC2,22,35,722,454,1,False,10.755556817425111,106.68578400873503,0.0,10.0,20.2,Partly Cloudy
2886,Từ Cầu Nguyễn Văn Cừ đến An Dương Vương,2025-07-24 11:40:00,600,FRC2,22,35,722,454,1,False,10.756358876280022,106.6853232069683,0.0,10.0,20.2,Partly Cloudy
2887,Từ Cầu Nguyễn Văn Cừ đến An Dương Vương,2025-07-24 11:40:00,500,FRC2,22,35,722,454,1,False,10.757138847709548,106.684944289696,0.0,10.0,20.2,Partly Cloudy
2888,Từ Cầu Nguyễn Văn Cừ đến An Dương Vương,2025-07-24 11:40:00,400,FRC2,22,35,722,454,1,False,10.757963133528543,106.68463303622572,0.0,10.0,20.2,Partly Cloudy
2889,Từ Cầu Nguyễn Văn Cừ đến An Dương Vương,2025-07-24 11:40:00,300,FRC2,22,35,722,454,1,False,10.758623446871004,106.68435335919212,0.0,10.0,20.2,Partly Cloudy
2890,Từ Cầu Nguyễn Văn Cừ đến An Dương Vương,2025-07-24 11:40:00,200,FRC6,18,26,943,652,1,False,10.759478749919925,106.68406917123804,0.0,10.0,20.2,Partly Cloudy
2891,Từ Cầu Nguyễn Văn Cừ đến An Dương Vương,2025-07-24 11:40:00,100,FRC2,22,35,722,454,1,False,10.760311892549737,106.68371280856688,0.0,10.0,20.2,Partly Cloudy
2892,Từ Cầu Nguyễn Văn Cừ đến An Dương Vương,2025-07-24 11:40:00,0,FRC2,22,35,722,454,1,False,10.761189348756318,106.68340155509297,0.0,10.0,20.2,Partly Cloudy
2893,Từ Vòng Xoay Trần Phú đến ĐHSP,2025-07-24 11:40:00,1000,FRC4,21,28,273,205,1,False,10.757533515349062,106.67414436746735,0.0,10.0,20.2,Partly Cloudy
2894,Từ Vòng Xoay Trần Phú đến ĐHSP,2025-07-24 11:40:00,900,FRC4,21,28,273,205,1,False,10.757824186413304,106.67502060044893,0.0,10.0,20.2,Partly Cloudy
2895,Từ Vòng Xoay Trần Phú đến ĐHSP,2025-07-24 11:40:00,800,FRC4,21,28,273,205,1,False,10.758126036834728,106.67584372840122,0.0,10.0,20.2,Partly Cloudy
2896,Từ Vòng Xoay Trần Phú đến ĐHSP,2025-07-24 11:40:00,700,FRC4,21,28,273,205,1,False,10.758483785091158,106.67667444278729,0.0,10.0,20.2,Partly Cloudy
2897,Từ Vòng Xoay Trần Phú đến ĐHSP,2025-07-24 11:40:00,600,FRC4,21,28,273,205,1,False,10.758740916389923,106.67733446243443,0.0,10.0,20.2,Partly Cloudy
2898,Từ Vòng Xoay Trần Phú đến ĐHSP,2025-07-24 11:40:00,500,FRC4,19,28,305,207,1,False,10.759121023128003,106.67817276325134,0.0,10.0,20.2,Partly Cloudy
2899,Từ Vòng Xoay Trần Phú đến ĐHSP,2025-07-24 11:40:00,400,FRC4,19,28,305,207,1,False,10.759445231432741,106.6790186505005,0.0,10.0,20.2,Partly Cloudy
2900,Từ Vòng Xoay Trần Phú đến ĐHSP,2025-07-24 11:40:00,300,FRC4,19,28,305,207,1,False,10.759784345493584,106.67986453775157,0.0,10.0,20.2,Partly Cloudy
2901,Từ Vòng Xoay Trần Phú đến ĐHSP,2025-07-24 11:40:00,200,FRC4,19,28,305,207,1,False,10.76013091221701,106.68072559786684,0.0,10.0,20.2,Partly Cloudy
2902,Từ Vòng Xoay Trần Phú đến ĐHSP,2025-07-24 11:40:00,100,FRC4,21,28,273,205,1,False,10.760458845955434,106.6815638986815,0.0,10.0,20.2,Partly Cloudy
2903,Từ Vòng Xoay Trần Phú đến ĐHSP,2025-07-24 11:40:00,0,FRC4,21,28,273,205,1,False,10.760883668675298,106.6826449653469,0.0,10.0,20.2,Partly Cloudy
2904,Từ Ngã Sáu Cộng Hòa đến An Dương Vương,2025-07-24 11:51:00,500,FRC3,18,33,1394,760,1,False,10.765163027177051,106.68176325830919,0.0,10.0,20.2,Partly Cloudy
2905,Từ Ngã Sáu Cộng Hòa đến An Dương Vương,2025-07-24 11:51:00,400,FRC3,18,33,1394,760,1,False,10.764283334954333,106.68210132878986,0.0,10.0,20.2,Partly Cloudy
2906,Từ Ngã Sáu Cộng Hòa đến An Dương Vương,2025-07-24 11:51:00,300,FRC3,18,33,1394,760,1,False,10.763480856227291,106.68240386571111,0.0,10.0,20.2,Partly Cloudy
2907,Từ Ngã Sáu Cộng Hòa đến An Dương Vương,2025-07-24 11:51:00,200,FRC3,18,33,1394,760,1,False,10.762642918836454,106.6827364596283,0.0,10.0,20.2,Partly Cloudy
2908,Từ Ngã Sáu Cộng Hòa đến An Dương Vương,2025-07-24 11:51:00,100,FRC3,18,33,1394,760,1,False,10.7619261906941,106.68302613820323,0.0,10.0,20.2,Partly Cloudy
2909,Từ Ngã Sáu Cộng Hòa đến An Dương Vương,2025-07-24 11:51:00,0,FRC3,18,33,1394,760,1,False,10.761156760056346,106.68331581677815,0.0,10.0,20.2,Partly Cloudy
2910,Từ Cầu Nguyễn Văn Cừ đến An Dương Vương,2025-07-24 11:51:00,700,FRC2,20,34,795,467,1,False,10.755556817425111,106.68578400873503,0.0,10.0,20.2,Partly Cloudy
2911,Từ Cầu Nguyễn Văn Cừ đến An Dương Vương,2025-07-24 11:51:00,600,FRC2,20,34,795,467,1,False,10.756358876280022,106.6853232069683,0.0,10.0,20.2,Partly Cloudy
2912,Từ Cầu Nguyễn Văn Cừ đến An Dương Vương,2025-07-24 11:51:00,500,FRC2,20,34,795,467,1,False,10.757138847709548,106.684944289696,0.0,10.0,20.2,Partly Cloudy
2913,Từ Cầu Nguyễn Văn Cừ đến An Dương Vương,2025-07-24 11:51:00,400,FRC2,20,34,795,467,1,False,10.757963133528543,106.68463303622572,0.0,10.0,20.2,Partly Cloudy
2914,Từ Cầu Nguyễn Văn Cừ đến An Dương Vương,2025-07-24 11:51:00,300,FRC2,20,34,795,467,1,False,10.758623446871004,106.68435335919212,0.0,10.0,20.2,Partly Cloudy
2915,Từ Cầu Nguyễn Văn Cừ đến An Dương Vương,2025-07-24 11:51:00,200,FRC6,17,26,998,652,1,False,10.759478749919925,106.68406917123804,0.0,10.0,20.2,Partly Cloudy
2916,Từ Cầu Nguyễn Văn Cừ đến An Dương Vương,2025-07-24 11:51:00,100,FRC2,20,34,795,467,1,False,10.760311892549737,106.68371280856688,0.0,10.0,20.2,Partly Cloudy
2917,Từ Cầu Nguyễn Văn Cừ đến An Dương Vương,2025-07-24 11:51:00,0,FRC2,20,34,795,467,1,False,10.761189348756318,106.68340155509297,0.0,10.0,20.2,Partly Cloudy
2918,Từ Vòng Xoay Trần Phú đến ĐHSP,2025-07-24 11:51:00,1000,FRC4,21,28,273,205,1,False,10.757533515349062,106.67414436746735,0.0,10.0,20.2,Partly Cloudy
2919,Từ Vòng Xoay Trần Phú đến ĐHSP,2025-07-24 11:51:00,900,FRC4,21,28,273,205,1,False,10.757824186413304,106.67502060044893,0.0,10.0,20.2,Partly Cloudy
2920,Từ Vòng Xoay Trần Phú đến ĐHSP,2025-07-24 11:51:00,800,FRC4,21,28,273,205,1,False,10.758126036834728,106.67584372840122,0.0,10.0,20.2,Partly Cloudy
2921,Từ Vòng Xoay Trần Phú đến ĐHSP,2025-07-24 11:51:00,700,FRC4,21,28,273,205,1,False,10.758483785091158,106.67667444278729,0.0,10.0,20.2,Partly Cloudy
2922,Từ Vòng Xoay Trần Phú đến ĐHSP,2025-07-24 11:51:00,600,FRC4,21,28,273,205,1,False,10.758740916389923,106.67733446243443,0.0,10.0,20.2,Partly Cloudy
2923,Từ Vòng Xoay Trần Phú đến ĐHSP,2025-07-24 11:51:00,500,FRC4,21,27,276,214,1,False,10.759121023128003,106.67817276325134,0.0,10.0,20.2,Partly Cloudy
2924,Từ Vòng Xoay Trần Phú đến ĐHSP,2025-07-24 11:51:00,400,FRC4,21,27,276,214,1,False,10.759445231432741,106.6790186505005,0.0,10.0,20.2,Partly Cloudy
2925,Từ Vòng Xoay Trần Phú đến ĐHSP,2025-07-24 11:51:00,300,FRC4,21,27,276,214,1,False,10.759784345493584,106.67986453775157,0.0,10.0,20.2,Partly Cloudy
2926,Từ Vòng Xoay Trần Phú đến ĐHSP,2025-07-24 11:51:00,200,FRC4,21,27,276,214,1,False,10.76013091221701,106.68072559786684,0.0,10.0,20.2,Partly Cloudy
2927,Từ Vòng Xoay Trần Phú đến ĐHSP,2025-07-24 11:51:00,100,FRC4,21,28,273,205,1,False,10.760458845955434,106.6815638986815,0.0,10.0,20.2,Partly Cloudy
2928,Từ Vòng Xoay Trần Phú đến ĐHSP,2025-07-24 11:51:00,0,FRC4,21,28,273,205,1,False,10.760883668675298,106.6826449653469,0.0,10.0,20.2,Partly Cloudy
2929,Từ Ngã Sáu Cộng Hòa đến An Dương Vương,2025-07-24 12:42:00,500,FRC3,22,33,1141,760,1,False,10.765163027177051,106.68176325830919,0.0,10.0,21.6,Partly Cloudy
2930,Từ Ngã Sáu Cộng Hòa đến An Dương Vương,2025-07-24 12:42:00,400,FRC3,22,33,1141,760,1,False,10.764283334954333,106.68210132878986,0.0,10.0,21.6,Partly Cloudy
2931,Từ Ngã Sáu Cộng Hòa đến An Dương Vương,2025-07-24 12:42:00,300,FRC3,22,33,1141,760,1,False,10.763480856227291,106.68240386571111,0.0,10.0,21.6,Partly Cloudy
2932,Từ Ngã Sáu Cộng Hòa đến An Dương Vương,2025-07-24 12:42:00,200,FRC3,22,33,1141,760,1,False,10.762642918836454,106.6827364596283,0.0,10.0,21.6,Partly Cloudy
2933,Từ Ngã Sáu Cộng Hòa đến An Dương Vương,2025-07-24 12:42:00,100,FRC3,22,33,1141,760,1,False,10.7619261906941,106.68302613820323,0.0,10.0,21.6,Partly Cloudy
2934,Từ Ngã Sáu Cộng Hòa đến An Dương Vương,2025-07-24 12:42:00,0,FRC3,22,33,1141,760,1,False,10.761156760056346,106.68331581677815,0.0,10.0,21.6,Partly Cloudy
2935,Từ Cầu Nguyễn Văn Cừ đến An Dương Vương,2025-07-24 12:42:00,700,FRC2,24,34,662,467,1,False,10.755556817425111,106.68578400873503,0.0,10.0,21.6,Partly Cloudy
2936,Từ Cầu Nguyễn Văn Cừ đến An Dương Vương,2025-07-24 12:42:00,600,FRC2,24,34,662,467,1,False,10.756358876280022,106.6853232069683,0.0,10.0,21.6,Partly Cloudy
2937,Từ Cầu Nguyễn Văn Cừ đến An Dương Vương,2025-07-24 12:42:00,500,FRC2,24,34,662,467,1,False,10.757138847709548,106.684944289696,0.0,10.0,21.6,Partly Cloudy
2938,Từ Cầu Nguyễn Văn Cừ đến An Dương Vương,2025-07-24 12:42:00,400,FRC2,24,34,662,467,1,False,10.757963133528543,106.68463303622572,0.0,10.0,21.6,Partly Cloudy
2939,Từ Cầu Nguyễn Văn Cừ đến An Dương Vương,2025-07-24 12:42:00,300,FRC2,24,34,662,467,1,False,10.758623446871004,106.68435335919212,0.0,10.0,21.6,Partly Cloudy
2940,Từ Cầu Nguyễn Văn Cừ đến An Dương Vương,2025-07-24 12:42:00,200,FRC6,18,26,943,652,1,False,10.759478749919925,106.68406917123804,0.0,10.0,21.6,Partly Cloudy
2941,Từ Cầu Nguyễn Văn Cừ đến An Dương Vương,2025-07-24 12:42:00,100,FRC2,24,34,662,467,1,False,10.760311892549737,106.68371280856688,0.0,10.0,21.6,Partly Cloudy
2942,Từ Cầu Nguyễn Văn Cừ đến An Dương Vương,2025-07-24 12:42:00,0,FRC2,24,34,662,467,1,False,10.761189348756318,106.68340155509297,0.0,10.0,21.6,Partly Cloudy
2943,Từ Vòng Xoay Trần Phú đến ĐHSP,2025-07-24 12:42:00,1000,FRC4,21,28,273,205,1,False,10.757533515349062,106.67414436746735,0.0,10.0,21.6,Partly Cloudy
2944,Từ Vòng Xoay Trần Phú đến ĐHSP,2025-07-24 12:42:00,900,FRC4,21,28,273,205,1,False,10.757824186413304,106.67502060044893,0.0,10.0,21.6,Partly Cloudy
2945,Từ Vòng Xoay Trần Phú đến ĐHSP,2025-07-24 12:42:00,800,FRC4,21,28,273,205,1,False,10.758126036834728,106.67584372840122,0.0,10.0,21.6,Partly Cloudy
2946,Từ Vòng Xoay Trần Phú đến ĐHSP,2025-07-24 12:42:00,700,FRC4,21,28,273,205,1,False,10.758483785091158,106.67667444278729,0.0,10.0,21.6,Partly Cloudy
2947,Từ Vòng Xoay Trần Phú đến ĐHSP,2025-07-24 12:42:00,600,FRC4,21,28,273,205,1,False,10.758740916389923,106.67733446243443,0.0,10.0,21.6,Partly Cloudy
2948,Từ Vòng Xoay Trần Phú đến ĐHSP,2025-07-24 12:42:00,500,FRC4,21,28,276,207,1,False,10.759121023128003,106.67817276325134,0.0,10.0,21.6,Partly Cloudy
2949,Từ Vòng Xoay Trần Phú đến ĐHSP,2025-07-24 12:42:00,400,FRC4,21,28,276,207,1,False,10.759445231432741,106.6790186505005,0.0,10.0,21.6,Partly Cloudy
2950,Từ Vòng Xoay Trần Phú đến ĐHSP,2025-07-24 12:42:00,300,FRC4,21,28,276,207,1,False,10.759784345493584,106.67986453775157,0.0,10.0,21.6,Partly Cloudy
2951,Từ Vòng Xoay Trần Phú đến ĐHSP,2025-07-24 12:42:00,200,FRC4,21,28,276,207,1,False,10.76013091221701,106.68072559786684,0.0,10.0,21.6,Partly Cloudy
2952,Từ Vòng Xoay Trần Phú đến ĐHSP,2025-07-24 12:42:00,100,FRC4,21,28,273,205,1,False,10.760458845955434,106.6815638986815,0.0,10.0,21.6,Partly Cloudy
2953,Từ Vòng Xoay Trần Phú đến ĐHSP,2025-07-24 12:42:00,0,FRC4,21,28,273,205,1,False,10.760883668675298,106.6826449653469,0.0,10.0,21.6,Partly Cloudy
2954,Từ Ngã Sáu Cộng Hòa đến An Dương Vương,2025-07-24 13:27:00,500,FRC3,23,33,1091,760,1,False,10.765163027177051,106.68176325830919,0.0,10.0,21.6,Partly Cloudy
2955,Từ Ngã Sáu Cộng Hòa đến An Dương Vương,2025-07-24 13:27:00,400,FRC3,23,33,1091,760,1,False,10.764283334954333,106.68210132878986,0.0,10.0,21.6,Partly Cloudy
2956,Từ Ngã Sáu Cộng Hòa đến An Dương Vương,2025-07-24 13:27:00,300,FRC3,23,33,1091,760,1,False,10.763480856227291,106.68240386571111,0.0,10.0,21.6,Partly Cloudy
2957,Từ Ngã Sáu Cộng Hòa đến An Dương Vương,2025-07-24 13:27:00,200,FRC3,23,33,1091,760,1,False,10.762642918836454,106.6827364596283,0.0,10.0,21.6,Partly Cloudy
2958,Từ Ngã Sáu Cộng Hòa đến An Dương Vương,2025-07-24 13:27:00,100,FRC3,23,33,1091,760,1,False,10.7619261906941,106.68302613820323,0.0,10.0,21.6,Partly Cloudy
2959,Từ Ngã Sáu Cộng Hòa đến An Dương Vương,2025-07-24 13:27:00,0,FRC3,23,33,1091,760,1,False,10.761156760056346,106.68331581677815,0.0,10.0,21.6,Partly Cloudy
2960,Từ Cầu Nguyễn Văn Cừ đến An Dương Vương,2025-07-24 13:27:00,700,FRC2,25,35,636,454,1,False,10.755556817425111,106.68578400873503,0.0,10.0,21.6,Partly Cloudy
2961,Từ Cầu Nguyễn Văn Cừ đến An Dương Vương,2025-07-24 13:27:00,600,FRC2,25,35,636,454,1,False,10.756358876280022,106.6853232069683,0.0,10.0,21.6,Partly Cloudy
2962,Từ Cầu Nguyễn Văn Cừ đến An Dương Vương,2025-07-24 13:27:00,500,FRC2,25,35,636,454,1,False,10.757138847709548,106.684944289696,0.0,10.0,21.6,Partly Cloudy
2963,Từ Cầu Nguyễn Văn Cừ đến An Dương Vương,2025-07-24 13:27:00,400,FRC2,25,35,636,454,1,False,10.757963133528543,106.68463303622572,0.0,10.0,21.6,Partly Cloudy
2964,Từ Cầu Nguyễn Văn Cừ đến An Dương Vương,2025-07-24 13:27:00,300,FRC2,25,35,636,454,1,False,10.758623446871004,106.68435335919212,0.0,10.0,21.6,Partly Cloudy
2965,Từ Cầu Nguyễn Văn Cừ đến An Dương Vương,2025-07-24 13:27:00,200,FRC6,19,26,893,652,1,False,10.759478749919925,106.68406917123804,0.0,10.0,21.6,Partly Cloudy
2966,Từ Cầu Nguyễn Văn Cừ đến An Dương Vương,2025-07-24 13:27:00,100,FRC2,25,35,636,454,1,False,10.760311892549737,106.68371280856688,0.0,10.0,21.6,Partly Cloudy
2967,Từ Cầu Nguyễn Văn Cừ đến An Dương Vương,2025-07-24 13:27:00,0,FRC2,25,35,636,454,1,False,10.761189348756318,106.68340155509297,0.0,10.0,21.6,Partly Cloudy
2968,Từ Vòng Xoay Trần Phú đến ĐHSP,2025-07-24 13:27:00,1000,FRC4,23,28,249,205,1,False,10.757533515349062,106.67414436746735,0.0,10.0,21.6,Partly Cloudy
2969,Từ Vòng Xoay Trần Phú đến ĐHSP,2025-07-24 13:27:00,900,FRC4,23,28,249,205,1,False,10.757824186413304,106.67502060044893,0.0,10.0,21.6,Partly Cloudy
2970,Từ Vòng Xoay Trần Phú đến ĐHSP,2025-07-24 13:27:00,800,FRC4,23,28,249,205,1,False,10.758126036834728,106.67584372840122,0.0,10.0,21.6,Partly Cloudy
2971,Từ Vòng Xoay Trần Phú đến ĐHSP,2025-07-24 13:27:00,700,FRC4,23,28,249,205,1,False,10.758483785091158,106.67667444278729,0.0,10.0,21.6,Partly Cloudy
2972,Từ Vòng Xoay Trần Phú đến ĐHSP,2025-07-24 13:27:00,600,FRC4,23,28,249,205,1,False,10.758740916389923,106.67733446243443,0.0,10.0,21.6,Partly Cloudy
2973,Từ Vòng Xoay Trần Phú đến ĐHSP,2025-07-24 13:27:00,500,FRC4,22,28,263,207,1,False,10.759121023128003,106.67817276325134,0.0,10.0,21.6,Partly Cloudy
2974,Từ Vòng Xoay Trần Phú đến ĐHSP,2025-07-24 13:27:00,400,FRC4,22,28,263,207,1,False,10.759445231432741,106.6790186505005,0.0,10.0,21.6,Partly Cloudy
2975,Từ Vòng Xoay Trần Phú đến ĐHSP,2025-07-24 13:27:00,300,FRC4,22,28,263,207,1,False,10.759784345493584,106.67986453775157,0.0,10.0,21.6,Partly Cloudy
2976,Từ Vòng Xoay Trần Phú đến ĐHSP,2025-07-24 13:27:00,200,FRC4,22,28,263,207,1,False,10.76013091221701,106.68072559786684,0.0,10.0,21.6,Partly Cloudy
2977,Từ Vòng Xoay Trần Phú đến ĐHSP,2025-07-24 13:27:00,100,FRC4,23,28,249,205,1,False,10.760458845955434,106.6815638986815,0.0,10.0,21.6,Partly Cloudy
2978,Từ Vòng Xoay Trần Phú đến ĐHSP,2025-07-24 13:27:00,0,FRC4,23,28,249,205,1,False,10.760883668675298,106.6826449653469,0.0,10.0,21.6,Partly Cloudy
2979,Từ Ngã Sáu Cộng Hòa đến An Dương Vương,2025-07-24 16:14:00,500,FRC3,33,33,760,760,1,False,10.765163027177051,106.68176325830919,0.0,10.0,18.4,Clear
2980,Từ Ngã Sáu Cộng Hòa đến An Dương Vương,2025-07-24 16:14:00,400,FRC3,33,33,760,760,1,False,10.764283334954333,106.68210132878986,0.0,10.0,18.4,Clear
2981,Từ Ngã Sáu Cộng Hòa đến An Dương Vương,2025-07-24 16:14:00,300,FRC3,33,33,760,760,1,False,10.763480856227291,106.68240386571111,0.0,10.0,18.4,Clear
2982,Từ Ngã Sáu Cộng Hòa đến An Dương Vương,2025-07-24 16:14:00,200,FRC3,33,33,760,760,1,False,10.762642918836454,106.6827364596283,0.0,10.0,18.4,Clear
2983,Từ Ngã Sáu Cộng Hòa đến An Dương Vương,2025-07-24 16:14:00,100,FRC3,33,33,760,760,1,False,10.7619261906941,106.68302613820323,0.0,10.0,18.4,Clear
2984,Từ Ngã Sáu Cộng Hòa đến An Dương Vương,2025-07-24 16:14:00,0,FRC3,33,33,760,760,1,False,10.761156760056346,106.68331581677815,0.0,10.0,18.4,Clear
2985,Từ Cầu Nguyễn Văn Cừ đến An Dương Vương,2025-07-24 16:15:00,700,FRC2,35,35,454,454,1,False,10.755556817425111,106.68578400873503,0.0,10.0,18.4,Clear
2986,Từ Cầu Nguyễn Văn Cừ đến An Dương Vương,2025-07-24 16:15:00,600,FRC2,35,35,454,454,1,False,10.756358876280022,106.6853232069683,0.0,10.0,18.4,Clear
2987,Từ Cầu Nguyễn Văn Cừ đến An Dương Vương,2025-07-24 16:15:00,500,FRC2,35,35,454,454,1,False,10.757138847709548,106.684944289696,0.0,10.0,18.4,Clear
2988,Từ Cầu Nguyễn Văn Cừ đến An Dương Vương,2025-07-24 16:15:00,400,FRC2,35,35,454,454,1,False,10.757963133528543,106.68463303622572,0.0,10.0,18.4,Clear
2989,Từ Cầu Nguyễn Văn Cừ đến An Dương Vương,2025-07-24 16:15:00,300,FRC2,35,35,454,454,1,False,10.758623446871004,106.68435335919212,0.0,10.0,18.4,Clear
2990,Từ Cầu Nguyễn Văn Cừ đến An Dương Vương,2025-07-24 16:15:00,200,FRC6,27,27,628,628,1,False,10.759478749919925,106.68406917123804,0.0,10.0,18.4,Clear
2991,Từ Cầu Nguyễn Văn Cừ đến An Dương Vương,2025-07-24 16:15:00,100,FRC2,35,35,454,454,1,False,10.760311892549737,106.68371280856688,0.0,10.0,18.4,Clear
2992,Từ Cầu Nguyễn Văn Cừ đến An Dương Vương,2025-07-24 16:15:00,0,FRC2,35,35,454,454,1,False,10.761189348756318,106.68340155509297,0.0,10.0,18.4,Clear
2993,Từ Vòng Xoay Trần Phú đến ĐHSP,2025-07-24 16:15:00,1000,FRC4,29,29,198,198,1,False,10.757533515349062,106.67414436746735,0.0,10.0,18.4,Clear
2994,Từ Vòng Xoay Trần Phú đến ĐHSP,2025-07-24 16:15:00,900,FRC4,29,29,198,198,1,False,10.757824186413304,106.67502060044893,0.0,10.0,18.4,Clear
2995,Từ Vòng Xoay Trần Phú đến ĐHSP,2025-07-24 16:15:00,800,FRC4,29,29,198,198,1,False,10.758126036834728,106.67584372840122,0.0,10.0,18.4,Clear
2996,Từ Vòng Xoay Trần Phú đến ĐHSP,2025-07-24 16:15:00,700,FRC4,29,29,198,198,1,False,10.758483785091158,106.67667444278729,0.0,10.0,18.4,Clear
2997,Từ Vòng Xoay Trần Phú đến ĐHSP,2025-07-24 16:15:00,600,FRC4,29,29,198,198,1,False,10.758740916389923,106.67733446243443,0.0,10.0,18.4,Clear
2998,Từ Vòng Xoay Trần Phú đến ĐHSP,2025-07-24 16:15:00,500,FRC4,28,28,207,207,1,False,10.759121023128003,106.67817276325134,0.0,10.0,18.4,Clear
2999,Từ Vòng Xoay Trần Phú đến ĐHSP,2025-07-24 16:15:00,400,FRC4,28,28,207,207,1,False,10.759445231432741,106.6790186505005,0.0,10.0,18.4,Clear
3000,Từ Vòng Xoay Trần Phú đến ĐHSP,2025-07-24 16:15:00,300,FRC4,28,28,207,207,1,False,10.759784345493584,106.67986453775157,0.0,10.0,18.4,Clear
3001,Từ Vòng Xoay Trần Phú đến ĐHSP,2025-07-24 16:15:00,200,FRC4,28,28,207,207,1,False,10.76013091221701,106.68072559786684,0.0,10.0,18.4,Clear
3002,Từ Vòng Xoay Trần Phú đến ĐHSP,2025-07-24 16:15:00,100,FRC4,29,29,198,198,1,False,10.760458845955434,106.6815638986815,0.0,10.0,18.4,Clear
3003,Từ Vòng Xoay Trần Phú đến ĐHSP,2025-07-24 16:15:00,0,FRC4,29,29,198,198,1,False,10.760883668675298,106.6826449653469,0.0,10.0,18.4,Clear
3004,Từ Ngã Sáu Cộng Hòa đến An Dương Vương,2025-07-24 16:43:00,500,FRC3,33,33,760,760,1,False,10.765163027177051,106.68176325830919,0.0,10.0,17.6,Partly Cloudy
3005,Từ Ngã Sáu Cộng Hòa đến An Dương Vương,2025-07-24 16:43:00,400,FRC3,33,33,760,760,1,False,10.764283334954333,106.68210132878986,0.0,10.0,18.7,Clear
3006,Từ Ngã Sáu Cộng Hòa đến An Dương Vương,2025-07-24 16:43:00,300,FRC3,33,33,760,760,1,False,10.763480856227291,106.68240386571111,0.0,10.0,18.7,Clear
3007,Từ Ngã Sáu Cộng Hòa đến An Dương Vương,2025-07-24 16:43:00,200,FRC3,33,33,760,760,1,False,10.762642918836454,106.6827364596283,0.0,10.0,18.7,Clear
3008,Từ Ngã Sáu Cộng Hòa đến An Dương Vương,2025-07-24 16:43:00,100,FRC3,33,33,760,760,1,False,10.7619261906941,106.68302613820323,0.0,10.0,18.7,Clear
3009,Từ Ngã Sáu Cộng Hòa đến An Dương Vương,2025-07-24 16:43:00,0,FRC3,33,33,760,760,1,False,10.761156760056346,106.68331581677815,0.0,10.0,18.7,Clear
3010,Từ Cầu Nguyễn Văn Cừ đến An Dương Vương,2025-07-24 16:43:00,700,FRC2,35,35,454,454,1,False,10.755556817425111,106.68578400873503,0.0,10.0,18.7,Clear
3011,Từ Cầu Nguyễn Văn Cừ đến An Dương Vương,2025-07-24 16:43:00,600,FRC2,35,35,454,454,1,False,10.756358876280022,106.6853232069683,0.0,10.0,18.7,Clear
3012,Từ Cầu Nguyễn Văn Cừ đến An Dương Vương,2025-07-24 16:43:00,500,FRC2,35,35,454,454,1,False,10.757138847709548,106.684944289696,0.0,10.0,18.7,Clear
3013,Từ Cầu Nguyễn Văn Cừ đến An Dương Vương,2025-07-24 16:43:00,400,FRC2,35,35,454,454,1,False,10.757963133528543,106.68463303622572,0.0,10.0,17.6,Partly Cloudy
3014,Từ Cầu Nguyễn Văn Cừ đến An Dương Vương,2025-07-24 16:43:00,300,FRC2,35,35,454,454,1,False,10.758623446871004,106.68435335919212,0.0,10.0,18.7,Clear
3015,Từ Cầu Nguyễn Văn Cừ đến An Dương Vương,2025-07-24 16:43:00,200,FRC6,27,27,628,628,1,False,10.759478749919925,106.68406917123804,0.0,10.0,18.7,Clear
3016,Từ Cầu Nguyễn Văn Cừ đến An Dương Vương,2025-07-24 16:43:00,100,FRC2,35,35,454,454,1,False,10.760311892549737,106.68371280856688,0.0,10.0,18.7,Clear
3017,Từ Cầu Nguyễn Văn Cừ đến An Dương Vương,2025-07-24 16:43:00,0,FRC2,35,35,454,454,1,False,10.761189348756318,106.68340155509297,0.0,10.0,18.7,Clear
3018,Từ Vòng Xoay Trần Phú đến ĐHSP,2025-07-24 16:43:00,1000,FRC4,29,29,198,198,1,False,10.757533515349062,106.67414436746735,0.0,10.0,18.7,Clear
3019,Từ Vòng Xoay Trần Phú đến ĐHSP,2025-07-24 16:43:00,900,FRC4,29,29,198,198,1,False,10.757824186413304,106.67502060044893,0.0,10.0,17.6,Partly Cloudy
3020,Từ Vòng Xoay Trần Phú đến ĐHSP,2025-07-24 16:43:00,800,FRC4,29,29,198,198,1,False,10.758126036834728,106.67584372840122,0.0,10.0,18.7,Clear
3021,Từ Vòng Xoay Trần Phú đến ĐHSP,2025-07-24 16:43:00,700,FRC4,29,29,198,198,1,False,10.758483785091158,106.67667444278729,0.0,10.0,18.7,Clear
3022,Từ Vòng Xoay Trần Phú đến ĐHSP,2025-07-24 16:43:00,600,FRC4,29,29,198,198,1,False,10.758740916389923,106.67733446243443,0.0,10.0,18.7,Clear
3023,Từ Vòng Xoay Trần Phú đến ĐHSP,2025-07-24 16:43:00,500,FRC4,28,28,207,207,1,False,10.759121023128003,106.67817276325134,0.0,10.0,18.7,Clear
3024,Từ Vòng Xoay Trần Phú đến ĐHSP,2025-07-24 16:43:00,400,FRC4,28,28,207,207,1,False,10.759445231432741,106.6790186505005,0.0,10.0,18.7,Clear
3025,Từ Vòng Xoay Trần Phú đến ĐHSP,2025-07-24 16:43:00,300,FRC4,28,28,207,207,1,False,10.759784345493584,106.67986453775157,0.0,10.0,18.7,Clear
3026,Từ Vòng Xoay Trần Phú đến ĐHSP,2025-07-24 16:43:00,200,FRC4,28,28,207,207,1,False,10.76013091221701,106.68072559786684,0.0,10.0,18.7,Clear
3027,Từ Vòng Xoay Trần Phú đến ĐHSP,2025-07-24 16:43:00,100,FRC4,29,29,198,198,1,False,10.760458845955434,106.6815638986815,0.0,10.0,17.6,Partly Cloudy
3028,Từ Vòng Xoay Trần Phú đến ĐHSP,2025-07-24 16:43:00,0,FRC4,29,29,198,198,1,False,10.760883668675298,106.6826449653469,0.0,10.0,18.7,Clear
3029,Từ Ngã Sáu Cộng Hòa đến An Dương Vương,2025-07-24 16:59:00,500,FRC3,33,33,760,760,1,False,10.765163027177051,106.68176325830919,0.0,10.0,17.6,Clear
3030,Từ Ngã Sáu Cộng Hòa đến An Dương Vương,2025-07-24 16:59:00,400,FRC3,33,33,760,760,1,False,10.764283334954333,106.68210132878986,0.0,10.0,17.6,Clear
3031,Từ Ngã Sáu Cộng Hòa đến An Dương Vương,2025-07-24 16:59:00,300,FRC3,33,33,760,760,1,False,10.763480856227291,106.68240386571111,0.0,10.0,18.7,Clear
3032,Từ Ngã Sáu Cộng Hòa đến An Dương Vương,2025-07-24 16:59:00,200,FRC3,33,33,760,760,1,False,10.762642918836454,106.6827364596283,0.0,10.0,17.6,Clear
3033,Từ Ngã Sáu Cộng Hòa đến An Dương Vương,2025-07-24 16:59:00,100,FRC3,33,33,760,760,1,False,10.7619261906941,106.68302613820323,0.0,10.0,18.7,Clear
3034,Từ Ngã Sáu Cộng Hòa đến An Dương Vương,2025-07-24 16:59:00,0,FRC3,33,33,760,760,1,False,10.761156760056346,106.68331581677815,0.0,10.0,17.6,Clear
3035,Từ Cầu Nguyễn Văn Cừ đến An Dương Vương,2025-07-24 16:59:00,700,FRC2,35,35,454,454,1,False,10.755556817425111,106.68578400873503,0.0,10.0,18.7,Clear
3036,Từ Cầu Nguyễn Văn Cừ đến An Dương Vương,2025-07-24 16:59:00,600,FRC2,35,35,454,454,1,False,10.756358876280022,106.6853232069683,0.0,10.0,18.7,Clear
3037,Từ Cầu Nguyễn Văn Cừ đến An Dương Vương,2025-07-24 16:59:00,500,FRC2,35,35,454,454,1,False,10.757138847709548,106.684944289696,0.0,10.0,18.7,Clear
3038,Từ Cầu Nguyễn Văn Cừ đến An Dương Vương,2025-07-24 16:59:00,400,FRC2,35,35,454,454,1,False,10.757963133528543,106.68463303622572,0.0,10.0,17.6,Clear
3039,Từ Cầu Nguyễn Văn Cừ đến An Dương Vương,2025-07-24 16:59:00,300,FRC2,35,35,454,454,1,False,10.758623446871004,106.68435335919212,0.0,10.0,18.7,Clear
3040,Từ Cầu Nguyễn Văn Cừ đến An Dương Vương,2025-07-24 16:59:00,200,FRC6,27,27,628,628,1,False,10.759478749919925,106.68406917123804,0.0,10.0,18.7,Clear
3041,Từ Cầu Nguyễn Văn Cừ đến An Dương Vương,2025-07-24 16:59:00,100,FRC2,35,35,454,454,1,False,10.760311892549737,106.68371280856688,0.0,10.0,17.6,Clear
3042,Từ Cầu Nguyễn Văn Cừ đến An Dương Vương,2025-07-24 16:59:00,0,FRC2,35,35,454,454,1,False,10.761189348756318,106.68340155509297,0.0,10.0,18.7,Clear
3043,Từ Vòng Xoay Trần Phú đến ĐHSP,2025-07-24 16:59:00,1000,FRC4,29,29,198,198,1,False,10.757533515349062,106.67414436746735,0.0,10.0,17.6,Clear
3044,Từ Vòng Xoay Trần Phú đến ĐHSP,2025-07-24 16:59:00,900,FRC4,29,29,198,198,1,False,10.757824186413304,106.67502060044893,0.0,10.0,18.7,Clear
3045,Từ Vòng Xoay Trần Phú đến ĐHSP,2025-07-24 16:59:00,800,FRC4,29,29,198,198,1,False,10.758126036834728,106.67584372840122,0.0,10.0,18.7,Clear
3046,Từ Vòng Xoay Trần Phú đến ĐHSP,2025-07-24 16:59:00,700,FRC4,29,29,198,198,1,False,10.758483785091158,106.67667444278729,0.0,10.0,18.7,Clear
3047,Từ Vòng Xoay Trần Phú đến ĐHSP,2025-07-24 16:59:00,600,FRC4,29,29,198,198,1,False,10.758740916389923,106.67733446243443,0.0,10.0,18.7,Clear
3048,Từ Vòng Xoay Trần Phú đến ĐHSP,2025-07-24 16:59:00,500,FRC4,28,28,207,207,1,False,10.759121023128003,106.67817276325134,0.0,10.0,18.7,Clear
3049,Từ Vòng Xoay Trần Phú đến ĐHSP,2025-07-24 16:59:00,400,FRC4,28,28,207,207,1,False,10.759445231432741,106.6790186505005,0.0,10.0,17.6,Clear
3050,Từ Vòng Xoay Trần Phú đến ĐHSP,2025-07-24 16:59:00,300,FRC4,28,28,207,207,1,False,10.759784345493584,106.67986453775157,0.0,10.0,18.7,Clear
3051,Từ Vòng Xoay Trần Phú đến ĐHSP,2025-07-24 16:59:00,200,FRC4,28,28,207,207,1,False,10.76013091221701,106.68072559786684,0.0,10.0,17.6,Clear
3052,Từ Vòng Xoay Trần Phú đến ĐHSP,2025-07-24 16:59:00,100,FRC4,29,29,198,198,1,False,10.760458845955434,106.6815638986815,0.0,10.0,17.6,Clear
3053,Từ Vòng Xoay Trần Phú đến ĐHSP,2025-07-24 16:59:00,0,FRC4,29,29,198,198,1,False,10.760883668675298,106.6826449653469,0.0,10.0,17.6,Clear
3054,Từ Ngã Sáu Cộng Hòa đến An Dương Vương,2025-07-24 17:20:00,500,FRC3,33,33,760,760,1,False,10.765163027177051,106.68176325830919,0.0,10.0,17.6,Clear
3055,Từ Ngã Sáu Cộng Hòa đến An Dương Vương,2025-07-24 17:20:00,400,FRC3,33,33,760,760,1,False,10.764283334954333,106.68210132878986,0.0,10.0,17.6,Clear
3056,Từ Ngã Sáu Cộng Hòa đến An Dương Vương,2025-07-24 17:20:00,300,FRC3,33,33,760,760,1,False,10.763480856227291,106.68240386571111,0.0,10.0,17.6,Clear
3057,Từ Ngã Sáu Cộng Hòa đến An Dương Vương,2025-07-24 17:20:00,200,FRC3,33,33,760,760,1,False,10.762642918836454,106.6827364596283,0.0,10.0,17.6,Clear
3058,Từ Ngã Sáu Cộng Hòa đến An Dương Vương,2025-07-24 17:20:00,100,FRC3,33,33,760,760,1,False,10.7619261906941,106.68302613820323,0.0,10.0,17.6,Clear
3059,Từ Ngã Sáu Cộng Hòa đến An Dương Vương,2025-07-24 17:20:00,0,FRC3,33,33,760,760,1,False,10.761156760056346,106.68331581677815,0.0,10.0,17.6,Clear
3060,Từ Cầu Nguyễn Văn Cừ đến An Dương Vương,2025-07-24 17:20:00,700,FRC2,35,35,454,454,1,False,10.755556817425111,106.68578400873503,0.0,10.0,17.6,Clear
3061,Từ Cầu Nguyễn Văn Cừ đến An Dương Vương,2025-07-24 17:20:00,600,FRC2,35,35,454,454,1,False,10.756358876280022,106.6853232069683,0.0,10.0,17.6,Clear
3062,Từ Cầu Nguyễn Văn Cừ đến An Dương Vương,2025-07-24 17:20:00,500,FRC2,35,35,454,454,1,False,10.757138847709548,106.684944289696,0.0,10.0,17.6,Clear
3063,Từ Cầu Nguyễn Văn Cừ đến An Dương Vương,2025-07-24 17:20:00,400,FRC2,35,35,454,454,1,False,10.757963133528543,106.68463303622572,0.0,10.0,17.6,Clear
3064,Từ Cầu Nguyễn Văn Cừ đến An Dương Vương,2025-07-24 17:20:00,300,FRC2,35,35,454,454,1,False,10.758623446871004,106.68435335919212,0.0,10.0,17.6,Clear
3065,Từ Cầu Nguyễn Văn Cừ đến An Dương Vương,2025-07-24 17:20:00,200,FRC6,27,27,628,628,1,False,10.759478749919925,106.68406917123804,0.0,10.0,17.6,Clear
3066,Từ Cầu Nguyễn Văn Cừ đến An Dương Vương,2025-07-24 17:20:00,100,FRC2,35,35,454,454,1,False,10.760311892549737,106.68371280856688,0.0,10.0,17.6,Clear
3067,Từ Cầu Nguyễn Văn Cừ đến An Dương Vương,2025-07-24 17:20:00,0,FRC2,35,35,454,454,1,False,10.761189348756318,106.68340155509297,0.0,10.0,17.6,Clear
3068,Từ Vòng Xoay Trần Phú đến ĐHSP,2025-07-24 17:20:00,1000,FRC4,29,29,198,198,1,False,10.757533515349062,106.67414436746735,0.0,10.0,17.6,Clear
3069,Từ Vòng Xoay Trần Phú đến ĐHSP,2025-07-24 17:20:00,900,FRC4,29,29,198,198,1,False,10.757824186413304,106.67502060044893,0.0,10.0,17.6,Clear
3070,Từ Vòng Xoay Trần Phú đến ĐHSP,2025-07-24 17:20:00,800,FRC4,29,29,198,198,1,False,10.758126036834728,106.67584372840122,0.0,10.0,17.6,Clear
3071,Từ Vòng Xoay Trần Phú đến ĐHSP,2025-07-24 17:20:00,700,FRC4,29,29,198,198,1,False,10.758483785091158,106.67667444278729,0.0,10.0,17.6,Clear
3072,Từ Vòng Xoay Trần Phú đến ĐHSP,2025-07-24 17:20:00,600,FRC4,29,29,198,198,1,False,10.758740916389923,106.67733446243443,0.0,10.0,17.6,Clear
3073,Từ Vòng Xoay Trần Phú đến ĐHSP,2025-07-24 17:20:00,500,FRC4,28,28,207,207,1,False,10.759121023128003,106.67817276325134,0.0,10.0,17.6,Clear
3074,Từ Vòng Xoay Trần Phú đến ĐHSP,2025-07-24 17:20:00,400,FRC4,28,28,207,207,1,False,10.759445231432741,106.6790186505005,0.0,10.0,17.6,Clear
3075,Từ Vòng Xoay Trần Phú đến ĐHSP,2025-07-24 17:20:00,300,FRC4,28,28,207,207,1,False,10.759784345493584,106.67986453775157,0.0,10.0,17.6,Clear
3076,Từ Vòng Xoay Trần Phú đến ĐHSP,2025-07-24 17:20:00,200,FRC4,28,28,207,207,1,False,10.76013091221701,106.68072559786684,0.0,10.0,17.6,Clear
3077,Từ Vòng Xoay Trần Phú đến ĐHSP,2025-07-24 17:20:00,100,FRC4,29,29,198,198,1,False,10.760458845955434,106.6815638986815,0.0,10.0,17.6,Clear
3078,Từ Vòng Xoay Trần Phú đến ĐHSP,2025-07-24 17:20:00,0,FRC4,29,29,198,198,1,False,10.760883668675298,106.6826449653469,0.0,10.0,17.6,Clear
3079,Từ Ngã Sáu Cộng Hòa đến An Dương Vương,2025-07-24 17:43:00,500,FRC3,33,33,760,760,1,False,10.765163027177051,106.68176325830919,0.0,10.0,17.6,Clear
3080,Từ Ngã Sáu Cộng Hòa đến An Dương Vương,2025-07-24 17:43:00,400,FRC3,33,33,760,760,1,False,10.764283334954333,106.68210132878986,0.0,10.0,17.6,Clear
3081,Từ Ngã Sáu Cộng Hòa đến An Dương Vương,2025-07-24 17:43:00,300,FRC3,33,33,760,760,1,False,10.763480856227291,106.68240386571111,0.0,10.0,17.6,Clear
3082,Từ Ngã Sáu Cộng Hòa đến An Dương Vương,2025-07-24 17:43:00,200,FRC3,33,33,760,760,1,False,10.762642918836454,106.6827364596283,0.0,10.0,17.6,Clear
3083,Từ Ngã Sáu Cộng Hòa đến An Dương Vương,2025-07-24 17:43:00,100,FRC3,33,33,760,760,1,False,10.7619261906941,106.68302613820323,0.0,10.0,17.6,Clear
3084,Từ Ngã Sáu Cộng Hòa đến An Dương Vương,2025-07-24 17:43:00,0,FRC3,33,33,760,760,1,False,10.761156760056346,106.68331581677815,0.0,10.0,17.6,Clear
3085,Từ Cầu Nguyễn Văn Cừ đến An Dương Vương,2025-07-24 17:43:00,700,FRC2,35,35,454,454,1,False,10.755556817425111,106.68578400873503,0.0,10.0,17.6,Clear
3086,Từ Cầu Nguyễn Văn Cừ đến An Dương Vương,2025-07-24 17:43:00,600,FRC2,35,35,454,454,1,False,10.756358876280022,106.6853232069683,0.0,10.0,17.6,Clear
3087,Từ Cầu Nguyễn Văn Cừ đến An Dương Vương,2025-07-24 17:43:00,500,FRC2,35,35,454,454,1,False,10.757138847709548,106.684944289696,0.0,10.0,17.6,Clear
3088,Từ Cầu Nguyễn Văn Cừ đến An Dương Vương,2025-07-24 17:43:00,400,FRC2,35,35,454,454,1,False,10.757963133528543,106.68463303622572,0.0,10.0,17.6,Clear
3089,Từ Cầu Nguyễn Văn Cừ đến An Dương Vương,2025-07-24 17:43:00,300,FRC2,35,35,454,454,1,False,10.758623446871004,106.68435335919212,0.0,10.0,17.6,Clear
3090,Từ Cầu Nguyễn Văn Cừ đến An Dương Vương,2025-07-24 17:43:00,200,FRC6,27,27,628,628,1,False,10.759478749919925,106.68406917123804,0.0,10.0,17.6,Clear
3091,Từ Cầu Nguyễn Văn Cừ đến An Dương Vương,2025-07-24 17:43:00,100,FRC2,35,35,454,454,1,False,10.760311892549737,106.68371280856688,0.0,10.0,17.6,Clear
3092,Từ Cầu Nguyễn Văn Cừ đến An Dương Vương,2025-07-24 17:43:00,0,FRC2,35,35,454,454,1,False,10.761189348756318,106.68340155509297,0.0,10.0,17.6,Clear
3093,Từ Vòng Xoay Trần Phú đến ĐHSP,2025-07-24 17:43:00,1000,FRC4,24,28,239,205,0.994287,False,10.757533515349062,106.67414436746735,0.0,10.0,17.6,Clear
3094,Từ Vòng Xoay Trần Phú đến ĐHSP,2025-07-24 17:43:00,900,FRC4,24,28,239,205,0.994287,False,10.757824186413304,106.67502060044893,0.0,10.0,17.6,Clear
3095,Từ Vòng Xoay Trần Phú đến ĐHSP,2025-07-24 17:43:00,800,FRC4,24,28,239,205,0.994287,False,10.758126036834728,106.67584372840122,0.0,10.0,17.6,Clear
3096,Từ Vòng Xoay Trần Phú đến ĐHSP,2025-07-24 17:43:00,700,FRC4,24,28,239,205,0.994287,False,10.758483785091158,106.67667444278729,0.0,10.0,17.6,Clear
3097,Từ Vòng Xoay Trần Phú đến ĐHSP,2025-07-24 17:43:00,600,FRC4,24,28,239,205,0.994287,False,10.758740916389923,106.67733446243443,0.0,10.0,17.6,Clear
3098,Từ Vòng Xoay Trần Phú đến ĐHSP,2025-07-24 17:43:00,500,FRC4,28,28,207,207,1,False,10.759121023128003,106.67817276325134,0.0,10.0,17.6,Clear
3099,Từ Vòng Xoay Trần Phú đến ĐHSP,2025-07-24 17:43:00,400,FRC4,28,28,207,207,1,False,10.759445231432741,106.6790186505005,0.0,10.0,17.6,Clear
3100,Từ Vòng Xoay Trần Phú đến ĐHSP,2025-07-24 17:43:00,300,FRC4,28,28,207,207,1,False,10.759784345493584,106.67986453775157,0.0,10.0,17.6,Clear
3101,Từ Vòng Xoay Trần Phú đến ĐHSP,2025-07-24 17:43:00,200,FRC4,28,28,207,207,1,False,10.76013091221701,106.68072559786684,0.0,10.0,17.6,Clear
3102,Từ Vòng Xoay Trần Phú đến ĐHSP,2025-07-24 17:43:00,100,FRC4,24,28,239,205,0.994287,False,10.760458845955434,106.6815638986815,0.0,10.0,17.6,Clear
3103,Từ Vòng Xoay Trần Phú đến ĐHSP,2025-07-24 17:43:00,0,FRC4,24,28,239,205,0.994287,False,10.760883668675298,106.6826449653469,0.0,10.0,17.6,Clear
3104,Từ Ngã Sáu Cộng Hòa đến An Dương Vương,2025-07-24 17:52:00,500,FRC3,33,33,760,760,1,False,10.765163027177051,106.68176325830919,0.0,10.0,17.6,Clear
3105,Từ Ngã Sáu Cộng Hòa đến An Dương Vương,2025-07-24 17:52:00,400,FRC3,33,33,760,760,1,False,10.764283334954333,106.68210132878986,0.0,10.0,17.6,Clear
3106,Từ Ngã Sáu Cộng Hòa đến An Dương Vương,2025-07-24 17:52:00,300,FRC3,33,33,760,760,1,False,10.763480856227291,106.68240386571111,0.0,10.0,17.6,Clear
3107,Từ Ngã Sáu Cộng Hòa đến An Dương Vương,2025-07-24 17:52:00,200,FRC3,33,33,760,760,1,False,10.762642918836454,106.6827364596283,0.0,10.0,17.6,Clear
3108,Từ Ngã Sáu Cộng Hòa đến An Dương Vương,2025-07-24 17:52:00,100,FRC3,33,33,760,760,1,False,10.7619261906941,106.68302613820323,0.0,10.0,17.6,Clear
3109,Từ Ngã Sáu Cộng Hòa đến An Dương Vương,2025-07-24 17:52:00,0,FRC3,33,33,760,760,1,False,10.761156760056346,106.68331581677815,0.0,10.0,17.6,Clear
3110,Từ Cầu Nguyễn Văn Cừ đến An Dương Vương,2025-07-24 17:52:00,700,FRC2,35,35,454,454,1,False,10.755556817425111,106.68578400873503,0.0,10.0,17.6,Clear
3111,Từ Cầu Nguyễn Văn Cừ đến An Dương Vương,2025-07-24 17:52:00,600,FRC2,35,35,454,454,1,False,10.756358876280022,106.6853232069683,0.0,10.0,17.6,Clear
3112,Từ Cầu Nguyễn Văn Cừ đến An Dương Vương,2025-07-24 17:52:00,500,FRC2,35,35,454,454,1,False,10.757138847709548,106.684944289696,0.0,10.0,17.6,Clear
3113,Từ Cầu Nguyễn Văn Cừ đến An Dương Vương,2025-07-24 17:52:00,400,FRC2,35,35,454,454,1,False,10.757963133528543,106.68463303622572,0.0,10.0,17.6,Clear
3114,Từ Cầu Nguyễn Văn Cừ đến An Dương Vương,2025-07-24 17:52:00,300,FRC2,35,35,454,454,1,False,10.758623446871004,106.68435335919212,0.0,10.0,17.6,Clear
3115,Từ Cầu Nguyễn Văn Cừ đến An Dương Vương,2025-07-24 17:52:00,200,FRC6,27,27,628,628,1,False,10.759478749919925,106.68406917123804,0.0,10.0,17.6,Clear
3116,Từ Cầu Nguyễn Văn Cừ đến An Dương Vương,2025-07-24 17:52:00,100,FRC2,35,35,454,454,1,False,10.760311892549737,106.68371280856688,0.0,10.0,17.6,Clear
3117,Từ Cầu Nguyễn Văn Cừ đến An Dương Vương,2025-07-24 17:52:00,0,FRC2,35,35,454,454,1,False,10.761189348756318,106.68340155509297,0.0,10.0,17.6,Clear
3118,Từ Vòng Xoay Trần Phú đến ĐHSP,2025-07-24 17:52:00,1000,FRC4,29,29,198,198,1,False,10.757533515349062,106.67414436746735,0.0,10.0,17.6,Clear
3119,Từ Vòng Xoay Trần Phú đến ĐHSP,2025-07-24 17:52:00,900,FRC4,29,29,198,198,1,False,10.757824186413304,106.67502060044893,0.0,10.0,17.6,Clear
3120,Từ Vòng Xoay Trần Phú đến ĐHSP,2025-07-24 17:52:00,800,FRC4,29,29,198,198,1,False,10.758126036834728,106.67584372840122,0.0,10.0,17.6,Clear
3121,Từ Vòng Xoay Trần Phú đến ĐHSP,2025-07-24 17:52:00,700,FRC4,29,29,198,198,1,False,10.758483785091158,106.67667444278729,0.0,10.0,17.6,Clear
3122,Từ Vòng Xoay Trần Phú đến ĐHSP,2025-07-24 17:52:00,600,FRC4,29,29,198,198,1,False,10.758740916389923,106.67733446243443,0.0,10.0,17.6,Clear
3123,Từ Vòng Xoay Trần Phú đến ĐHSP,2025-07-24 17:52:00,500,FRC4,28,28,207,207,1,False,10.759121023128003,106.67817276325134,0.0,10.0,17.6,Clear
3124,Từ Vòng Xoay Trần Phú đến ĐHSP,2025-07-24 17:52:00,400,FRC4,28,28,207,207,1,False,10.759445231432741,106.6790186505005,0.0,10.0,17.6,Clear
3125,Từ Vòng Xoay Trần Phú đến ĐHSP,2025-07-24 17:52:00,300,FRC4,28,28,207,207,1,False,10.759784345493584,106.67986453775157,0.0,10.0,17.6,Clear
3126,Từ Vòng Xoay Trần Phú đến ĐHSP,2025-07-24 17:52:00,200,FRC4,28,28,207,207,1,False,10.76013091221701,106.68072559786684,0.0,10.0,17.6,Clear
3127,Từ Vòng Xoay Trần Phú đến ĐHSP,2025-07-24 17:52:00,100,FRC4,29,29,198,198,1,False,10.760458845955434,106.6815638986815,0.0,10.0,17.6,Clear
3128,Từ Vòng Xoay Trần Phú đến ĐHSP,2025-07-24 17:52:00,0,FRC4,29,29,198,198,1,False,10.760883668675298,106.6826449653469,0.0,10.0,17.6,Clear
3129,Từ Ngã Sáu Cộng Hòa đến An Dương Vương,2025-07-25 06:25:00,500,FRC3,22,33,1141,760,1,False,10.765163027177051,106.68176325830919,0.0,10.0,8.3,Partly cloudy
3130,Từ Ngã Sáu Cộng Hòa đến An Dương Vương,2025-07-25 06:25:00,400,FRC3,22,33,1141,760,1,False,10.764283334954333,106.68210132878986,0.0,10.0,23.4,Partly cloudy
3131,Từ Ngã Sáu Cộng Hòa đến An Dương Vương,2025-07-25 06:25:00,300,FRC3,22,33,1141,760,1,False,10.763480856227291,106.68240386571111,0.0,10.0,8.3,Partly cloudy
3132,Từ Ngã Sáu Cộng Hòa đến An Dương Vương,2025-07-25 06:25:00,200,FRC3,22,33,1141,760,1,False,10.762642918836454,106.6827364596283,0.0,10.0,23.4,Partly cloudy
3133,Từ Ngã Sáu Cộng Hòa đến An Dương Vương,2025-07-25 06:25:00,100,FRC3,22,33,1141,760,1,False,10.7619261906941,106.68302613820323,0.0,10.0,23.4,Partly cloudy
3134,Từ Ngã Sáu Cộng Hòa đến An Dương Vương,2025-07-25 06:25:00,0,FRC3,22,33,1141,760,1,False,10.761156760056346,106.68331581677815,0.0,10.0,23.4,Partly cloudy
3135,Từ Cầu Nguyễn Văn Cừ đến An Dương Vương,2025-07-25 06:25:00,700,FRC2,27,34,589,467,1,False,10.755556817425111,106.68578400873503,0.0,10.0,23.4,Partly cloudy
3136,Từ Cầu Nguyễn Văn Cừ đến An Dương Vương,2025-07-25 06:25:00,600,FRC2,27,34,589,467,1,False,10.756358876280022,106.6853232069683,0.0,10.0,23.4,Partly cloudy
3137,Từ Cầu Nguyễn Văn Cừ đến An Dương Vương,2025-07-25 06:25:00,500,FRC2,27,34,589,467,1,False,10.757138847709548,106.684944289696,0.0,10.0,23.4,Partly cloudy
3138,Từ Cầu Nguyễn Văn Cừ đến An Dương Vương,2025-07-25 06:25:00,400,FRC2,27,34,589,467,1,False,10.757963133528543,106.68463303622572,0.0,10.0,23.4,Partly cloudy
3139,Từ Cầu Nguyễn Văn Cừ đến An Dương Vương,2025-07-25 06:25:00,300,FRC2,27,34,589,467,1,False,10.758623446871004,106.68435335919212,0.0,10.0,8.3,Partly cloudy
3140,Từ Cầu Nguyễn Văn Cừ đến An Dương Vương,2025-07-25 06:25:00,200,FRC6,18,26,943,652,1,False,10.759478749919925,106.68406917123804,0.0,10.0,23.4,Partly cloudy
3141,Từ Cầu Nguyễn Văn Cừ đến An Dương Vương,2025-07-25 06:25:00,100,FRC2,27,34,589,467,1,False,10.760311892549737,106.68371280856688,0.0,10.0,23.4,Partly cloudy
3142,Từ Cầu Nguyễn Văn Cừ đến An Dương Vương,2025-07-25 06:25:00,0,FRC2,27,34,589,467,1,False,10.761189348756318,106.68340155509297,0.0,10.0,23.4,Partly cloudy
3143,Từ Vòng Xoay Trần Phú đến ĐHSP,2025-07-25 06:25:00,1000,FRC4,21,29,273,198,1,False,10.757533515349062,106.67414436746735,0.0,10.0,23.4,Partly cloudy
3144,Từ Vòng Xoay Trần Phú đến ĐHSP,2025-07-25 06:25:00,900,FRC4,21,29,273,198,1,False,10.757824186413304,106.67502060044893,0.0,10.0,23.4,Partly cloudy
3145,Từ Vòng Xoay Trần Phú đến ĐHSP,2025-07-25 06:25:00,800,FRC4,21,29,273,198,1,False,10.758126036834728,106.67584372840122,0.0,10.0,23.4,Partly cloudy
3146,Từ Vòng Xoay Trần Phú đến ĐHSP,2025-07-25 06:25:00,700,FRC4,21,29,273,198,1,False,10.758483785091158,106.67667444278729,0.0,10.0,23.4,Partly cloudy
3147,Từ Vòng Xoay Trần Phú đến ĐHSP,2025-07-25 06:25:00,600,FRC4,21,29,273,198,1,False,10.758740916389923,106.67733446243443,0.0,10.0,23.4,Partly cloudy
3148,Từ Vòng Xoay Trần Phú đến ĐHSP,2025-07-25 06:25:00,500,FRC4,18,27,322,214,1,False,10.759121023128003,106.67817276325134,0.0,10.0,23.4,Partly cloudy
3149,Từ Vòng Xoay Trần Phú đến ĐHSP,2025-07-25 06:25:00,400,FRC4,18,27,322,214,1,False,10.759445231432741,106.6790186505005,0.0,10.0,23.4,Partly cloudy
3150,Từ Vòng Xoay Trần Phú đến ĐHSP,2025-07-25 06:25:00,300,FRC4,18,27,322,214,1,False,10.759784345493584,106.67986453775157,0.0,10.0,23.4,Partly cloudy
3151,Từ Vòng Xoay Trần Phú đến ĐHSP,2025-07-25 06:25:00,200,FRC4,18,27,322,214,1,False,10.76013091221701,106.68072559786684,0.0,10.0,23.4,Partly cloudy
3152,Từ Vòng Xoay Trần Phú đến ĐHSP,2025-07-25 06:25:00,100,FRC4,21,29,273,198,1,False,10.760458845955434,106.6815638986815,0.0,10.0,23.4,Partly cloudy
3153,Từ Vòng Xoay Trần Phú đến ĐHSP,2025-07-25 06:25:00,0,FRC4,21,29,273,198,1,False,10.760883668675298,106.6826449653469,0.0,10.0,23.4,Partly cloudy
3154,Từ Ngã Sáu Cộng Hòa đến An Dương Vương,2025-07-25 06:55:00,500,FRC3,23,33,1091,760,1,False,10.765163027177051,106.68176325830919,0.0,10.0,23.4,Partly cloudy
3155,Từ Ngã Sáu Cộng Hòa đến An Dương Vương,2025-07-25 06:55:00,400,FRC3,23,33,1091,760,1,False,10.764283334954333,106.68210132878986,0.0,10.0,23.4,Partly cloudy
3156,Từ Ngã Sáu Cộng Hòa đến An Dương Vương,2025-07-25 06:55:00,300,FRC3,23,33,1091,760,1,False,10.763480856227291,106.68240386571111,0.0,10.0,23.4,Partly cloudy
3157,Từ Ngã Sáu Cộng Hòa đến An Dương Vương,2025-07-25 06:55:00,200,FRC3,23,33,1091,760,1,False,10.762642918836454,106.6827364596283,0.0,10.0,23.4,Partly cloudy
3158,Từ Ngã Sáu Cộng Hòa đến An Dương Vương,2025-07-25 06:55:00,100,FRC3,23,33,1091,760,1,False,10.7619261906941,106.68302613820323,0.0,10.0,23.4,Partly cloudy
3159,Từ Ngã Sáu Cộng Hòa đến An Dương Vương,2025-07-25 06:55:00,0,FRC3,23,33,1091,760,1,False,10.761156760056346,106.68331581677815,0.0,10.0,23.4,Partly cloudy
3160,Từ Cầu Nguyễn Văn Cừ đến An Dương Vương,2025-07-25 06:55:00,700,FRC2,25,34,636,467,1,False,10.755556817425111,106.68578400873503,0.0,10.0,23.4,Partly cloudy
3161,Từ Cầu Nguyễn Văn Cừ đến An Dương Vương,2025-07-25 06:55:00,600,FRC2,25,34,636,467,1,False,10.756358876280022,106.6853232069683,0.0,10.0,23.4,Partly cloudy
3162,Từ Cầu Nguyễn Văn Cừ đến An Dương Vương,2025-07-25 06:55:00,500,FRC2,25,34,636,467,1,False,10.757138847709548,106.684944289696,0.0,10.0,23.4,Partly cloudy
3163,Từ Cầu Nguyễn Văn Cừ đến An Dương Vương,2025-07-25 06:55:00,400,FRC2,25,34,636,467,1,False,10.757963133528543,106.68463303622572,0.0,10.0,23.4,Partly cloudy
3164,Từ Cầu Nguyễn Văn Cừ đến An Dương Vương,2025-07-25 06:55:00,300,FRC2,25,34,636,467,1,False,10.758623446871004,106.68435335919212,0.0,10.0,23.8,Partly cloudy
3165,Từ Cầu Nguyễn Văn Cừ đến An Dương Vương,2025-07-25 06:55:00,200,FRC6,18,26,943,652,1,False,10.759478749919925,106.68406917123804,0.0,10.0,23.4,Partly cloudy
3166,Từ Cầu Nguyễn Văn Cừ đến An Dương Vương,2025-07-25 06:55:00,100,FRC2,25,34,636,467,1,False,10.760311892549737,106.68371280856688,0.0,10.0,23.4,Partly cloudy
3167,Từ Cầu Nguyễn Văn Cừ đến An Dương Vương,2025-07-25 06:55:00,0,FRC2,25,34,636,467,1,False,10.761189348756318,106.68340155509297,0.0,10.0,23.4,Partly cloudy
3168,Từ Vòng Xoay Trần Phú đến ĐHSP,2025-07-25 06:55:00,1000,FRC4,19,28,302,205,1,False,10.757533515349062,106.67414436746735,0.0,10.0,23.4,Partly cloudy
3169,Từ Vòng Xoay Trần Phú đến ĐHSP,2025-07-25 06:55:00,900,FRC4,19,28,302,205,1,False,10.757824186413304,106.67502060044893,0.0,10.0,23.8,Partly cloudy
3170,Từ Vòng Xoay Trần Phú đến ĐHSP,2025-07-25 06:55:00,800,FRC4,19,28,302,205,1,False,10.758126036834728,106.67584372840122,0.0,10.0,23.4,Partly cloudy
3171,Từ Vòng Xoay Trần Phú đến ĐHSP,2025-07-25 06:55:00,700,FRC4,19,28,302,205,1,False,10.758483785091158,106.67667444278729,0.0,10.0,23.4,Partly cloudy
3172,Từ Vòng Xoay Trần Phú đến ĐHSP,2025-07-25 06:55:00,600,FRC4,19,28,302,205,1,False,10.758740916389923,106.67733446243443,0.0,10.0,23.4,Partly cloudy
3173,Từ Vòng Xoay Trần Phú đến ĐHSP,2025-07-25 06:55:00,500,FRC4,19,27,305,214,0.998085,False,10.759121023128003,106.67817276325134,0.0,10.0,23.4,Partly cloudy
3174,Từ Vòng Xoay Trần Phú đến ĐHSP,2025-07-25 06:55:00,400,FRC4,19,27,305,214,0.998085,False,10.759445231432741,106.6790186505005,0.0,10.0,23.4,Partly cloudy
3175,Từ Vòng Xoay Trần Phú đến ĐHSP,2025-07-25 06:55:00,300,FRC4,19,27,305,214,0.998085,False,10.759784345493584,106.67986453775157,0.0,10.0,23.4,Partly cloudy
3176,Từ Vòng Xoay Trần Phú đến ĐHSP,2025-07-25 06:55:00,200,FRC4,19,27,305,214,0.998085,False,10.76013091221701,106.68072559786684,0.0,10.0,23.4,Partly cloudy
3177,Từ Vòng Xoay Trần Phú đến ĐHSP,2025-07-25 06:55:00,100,FRC4,19,28,302,205,1,False,10.760458845955434,106.6815638986815,0.0,10.0,23.4,Partly cloudy
3178,Từ Vòng Xoay Trần Phú đến ĐHSP,2025-07-25 06:55:00,0,FRC4,19,28,302,205,1,False,10.760883668675298,106.6826449653469,0.0,10.0,23.4,Partly cloudy
3179,Từ Ngã Sáu Cộng Hòa đến An Dương Vương,2025-07-25 07:19:00,500,FRC3,21,33,1195,760,1,False,10.765163027177051,106.68176325830919,0.0,10.0,23.8,Partly cloudy
3180,Từ Ngã Sáu Cộng Hòa đến An Dương Vương,2025-07-25 07:19:00,400,FRC3,21,33,1195,760,1,False,10.764283334954333,106.68210132878986,0.0,10.0,23.8,Partly cloudy
3181,Từ Ngã Sáu Cộng Hòa đến An Dương Vương,2025-07-25 07:19:00,300,FRC3,21,33,1195,760,1,False,10.763480856227291,106.68240386571111,0.0,10.0,23.8,Partly cloudy
3182,Từ Ngã Sáu Cộng Hòa đến An Dương Vương,2025-07-25 07:19:00,200,FRC3,21,33,1195,760,1,False,10.762642918836454,106.6827364596283,0.0,10.0,23.8,Partly cloudy
3183,Từ Ngã Sáu Cộng Hòa đến An Dương Vương,2025-07-25 07:19:00,100,FRC3,21,33,1195,760,1,False,10.7619261906941,106.68302613820323,0.0,10.0,23.8,Partly cloudy
3184,Từ Ngã Sáu Cộng Hòa đến An Dương Vương,2025-07-25 07:19:00,0,FRC3,21,33,1195,760,1,False,10.761156760056346,106.68331581677815,0.0,10.0,23.8,Partly cloudy
3185,Từ Cầu Nguyễn Văn Cừ đến An Dương Vương,2025-07-25 07:19:00,700,FRC2,25,35,636,454,1,False,10.755556817425111,106.68578400873503,0.0,10.0,23.8,Partly cloudy
3186,Từ Cầu Nguyễn Văn Cừ đến An Dương Vương,2025-07-25 07:19:00,600,FRC2,25,35,636,454,1,False,10.756358876280022,106.6853232069683,0.0,10.0,23.8,Partly cloudy
3187,Từ Cầu Nguyễn Văn Cừ đến An Dương Vương,2025-07-25 07:19:00,500,FRC2,25,35,636,454,1,False,10.757138847709548,106.684944289696,0.0,10.0,23.8,Partly cloudy
3188,Từ Cầu Nguyễn Văn Cừ đến An Dương Vương,2025-07-25 07:19:00,400,FRC2,25,35,636,454,1,False,10.757963133528543,106.68463303622572,0.0,10.0,23.8,Partly cloudy
3189,Từ Cầu Nguyễn Văn Cừ đến An Dương Vương,2025-07-25 07:19:00,300,FRC2,25,35,636,454,1,False,10.758623446871004,106.68435335919212,0.0,10.0,23.8,Partly cloudy
3190,Từ Cầu Nguyễn Văn Cừ đến An Dương Vương,2025-07-25 07:19:00,200,FRC6,17,27,998,628,1,False,10.759478749919925,106.68406917123804,0.0,10.0,23.8,Partly cloudy
3191,Từ Cầu Nguyễn Văn Cừ đến An Dương Vương,2025-07-25 07:19:00,100,FRC2,25,35,636,454,1,False,10.760311892549737,106.68371280856688,0.0,10.0,23.8,Partly cloudy
3192,Từ Cầu Nguyễn Văn Cừ đến An Dương Vương,2025-07-25 07:19:00,0,FRC2,25,35,636,454,1,False,10.761189348756318,106.68340155509297,0.0,10.0,23.8,Partly cloudy
3193,Từ Vòng Xoay Trần Phú đến ĐHSP,2025-07-25 07:19:00,1000,FRC4,22,28,261,205,1,False,10.757533515349062,106.67414436746735,0.0,10.0,23.8,Partly cloudy
3194,Từ Vòng Xoay Trần Phú đến ĐHSP,2025-07-25 07:19:00,900,FRC4,22,28,261,205,1,False,10.757824186413304,106.67502060044893,0.0,10.0,23.8,Partly cloudy
3195,Từ Vòng Xoay Trần Phú đến ĐHSP,2025-07-25 07:19:00,800,FRC4,22,28,261,205,1,False,10.758126036834728,106.67584372840122,0.0,10.0,23.8,Partly cloudy
3196,Từ Vòng Xoay Trần Phú đến ĐHSP,2025-07-25 07:19:00,700,FRC4,22,28,261,205,1,False,10.758483785091158,106.67667444278729,0.0,10.0,23.8,Partly cloudy
3197,Từ Vòng Xoay Trần Phú đến ĐHSP,2025-07-25 07:19:00,600,FRC4,22,28,261,205,1,False,10.758740916389923,106.67733446243443,0.0,10.0,23.8,Partly cloudy
3198,Từ Vòng Xoay Trần Phú đến ĐHSP,2025-07-25 07:19:00,500,FRC4,18,28,322,207,1,False,10.759121023128003,106.67817276325134,0.0,10.0,23.8,Partly cloudy
3199,Từ Vòng Xoay Trần Phú đến ĐHSP,2025-07-25 07:19:00,400,FRC4,18,28,322,207,1,False,10.759445231432741,106.6790186505005,0.0,10.0,23.8,Partly cloudy
3200,Từ Vòng Xoay Trần Phú đến ĐHSP,2025-07-25 07:19:00,300,FRC4,18,28,322,207,1,False,10.759784345493584,106.67986453775157,0.0,10.0,23.8,Partly cloudy
3201,Từ Vòng Xoay Trần Phú đến ĐHSP,2025-07-25 07:19:00,200,FRC4,18,28,322,207,1,False,10.76013091221701,106.68072559786684,0.0,10.0,23.8,Partly cloudy
3202,Từ Vòng Xoay Trần Phú đến ĐHSP,2025-07-25 07:19:00,100,FRC4,22,28,261,205,1,False,10.760458845955434,106.6815638986815,0.0,10.0,23.8,Partly cloudy
3203,Từ Vòng Xoay Trần Phú đến ĐHSP,2025-07-25 07:19:00,0,FRC4,22,28,261,205,1,False,10.760883668675298,106.6826449653469,0.0,10.0,23.8,Partly cloudy
3204,Từ Ngã Sáu Cộng Hòa đến An Dương Vương,2025-07-25 07:42:00,500,FRC3,21,33,1195,760,1,False,10.765163027177051,106.68176325830919,0.0,10.0,23.8,Partly cloudy
3205,Từ Ngã Sáu Cộng Hòa đến An Dương Vương,2025-07-25 07:42:00,400,FRC3,21,32,1195,784,1,False,10.764283334954333,106.68210132878986,0.0,10.0,23.8,Partly cloudy
3206,Từ Ngã Sáu Cộng Hòa đến An Dương Vương,2025-07-25 07:42:00,300,FRC3,21,32,1195,784,1,False,10.763480856227291,106.68240386571111,0.0,10.0,23.8,Partly cloudy
3207,Từ Ngã Sáu Cộng Hòa đến An Dương Vương,2025-07-25 07:42:00,200,FRC3,21,32,1195,784,1,False,10.762642918836454,106.6827364596283,0.0,10.0,23.8,Partly cloudy
3208,Từ Ngã Sáu Cộng Hòa đến An Dương Vương,2025-07-25 07:42:00,100,FRC3,21,32,1195,784,1,False,10.7619261906941,106.68302613820323,0.0,10.0,23.8,Partly cloudy
3209,Từ Ngã Sáu Cộng Hòa đến An Dương Vương,2025-07-25 07:42:00,0,FRC3,21,32,1195,784,1,False,10.761156760056346,106.68331581677815,0.0,10.0,23.8,Partly cloudy
3210,Từ Cầu Nguyễn Văn Cừ đến An Dương Vương,2025-07-25 07:42:00,700,FRC2,24,34,662,467,1,False,10.755556817425111,106.68578400873503,0.0,10.0,23.8,Partly cloudy
3211,Từ Cầu Nguyễn Văn Cừ đến An Dương Vương,2025-07-25 07:42:00,600,FRC2,24,34,662,467,1,False,10.756358876280022,106.6853232069683,0.0,10.0,23.8,Partly cloudy
3212,Từ Cầu Nguyễn Văn Cừ đến An Dương Vương,2025-07-25 07:42:00,500,FRC2,24,34,662,467,1,False,10.757138847709548,106.684944289696,0.0,10.0,23.8,Partly cloudy
3213,Từ Cầu Nguyễn Văn Cừ đến An Dương Vương,2025-07-25 07:42:00,400,FRC2,24,34,662,467,1,False,10.757963133528543,106.68463303622572,0.0,10.0,23.8,Partly cloudy
3214,Từ Cầu Nguyễn Văn Cừ đến An Dương Vương,2025-07-25 07:42:00,300,FRC2,24,34,662,467,1,False,10.758623446871004,106.68435335919212,0.0,10.0,23.8,Partly cloudy
3215,Từ Cầu Nguyễn Văn Cừ đến An Dương Vương,2025-07-25 07:42:00,200,FRC6,18,26,943,652,1,False,10.759478749919925,106.68406917123804,0.0,10.0,23.8,Partly cloudy
3216,Từ Cầu Nguyễn Văn Cừ đến An Dương Vương,2025-07-25 07:42:00,100,FRC2,24,34,662,467,1,False,10.760311892549737,106.68371280856688,0.0,10.0,23.8,Partly cloudy
3217,Từ Cầu Nguyễn Văn Cừ đến An Dương Vương,2025-07-25 07:42:00,0,FRC2,24,34,662,467,1,False,10.761189348756318,106.68340155509297,0.0,10.0,23.8,Partly cloudy
3218,Từ Vòng Xoay Trần Phú đến ĐHSP,2025-07-25 07:42:00,1000,FRC4,18,28,319,205,1,False,10.757533515349062,106.67414436746735,0.0,10.0,23.8,Partly cloudy
3219,Từ Vòng Xoay Trần Phú đến ĐHSP,2025-07-25 07:42:00,900,FRC4,18,28,319,205,1,False,10.757824186413304,106.67502060044893,0.0,10.0,23.8,Partly cloudy
3220,Từ Vòng Xoay Trần Phú đến ĐHSP,2025-07-25 07:42:00,800,FRC4,18,28,319,205,1,False,10.758126036834728,106.67584372840122,0.0,10.0,23.8,Partly cloudy
3221,Từ Vòng Xoay Trần Phú đến ĐHSP,2025-07-25 07:42:00,700,FRC4,18,28,319,205,1,False,10.758483785091158,106.67667444278729,0.0,10.0,23.8,Partly cloudy
3222,Từ Vòng Xoay Trần Phú đến ĐHSP,2025-07-25 07:42:00,600,FRC4,18,28,319,205,1,False,10.758740916389923,106.67733446243443,0.0,10.0,23.8,Partly cloudy
3223,Từ Vòng Xoay Trần Phú đến ĐHSP,2025-07-25 07:42:00,500,FRC4,20,28,289,207,1,False,10.759121023128003,106.67817276325134,0.0,10.0,23.8,Partly cloudy
3224,Từ Vòng Xoay Trần Phú đến ĐHSP,2025-07-25 07:42:00,400,FRC4,20,28,289,207,1,False,10.759445231432741,106.6790186505005,0.0,10.0,23.8,Partly cloudy
3225,Từ Vòng Xoay Trần Phú đến ĐHSP,2025-07-25 07:42:00,300,FRC4,20,28,289,207,1,False,10.759784345493584,106.67986453775157,0.0,10.0,23.8,Partly cloudy
3226,Từ Vòng Xoay Trần Phú đến ĐHSP,2025-07-25 07:42:00,200,FRC4,20,28,289,207,1,False,10.76013091221701,106.68072559786684,0.0,10.0,23.8,Partly cloudy
3227,Từ Vòng Xoay Trần Phú đến ĐHSP,2025-07-25 07:42:00,100,FRC4,18,28,319,205,1,False,10.760458845955434,106.6815638986815,0.0,10.0,23.8,Partly cloudy
3228,Từ Vòng Xoay Trần Phú đến ĐHSP,2025-07-25 07:42:00,0,FRC4,18,28,319,205,1,False,10.760883668675298,106.6826449653469,0.0,10.0,23.8,Partly cloudy
3229,Từ Ngã Sáu Cộng Hòa đến An Dương Vương,2025-07-25 07:52:00,500,FRC3,22,33,1141,760,1,False,10.765163027177051,106.68176325830919,0.0,10.0,23.8,Partly cloudy
3230,Từ Ngã Sáu Cộng Hòa đến An Dương Vương,2025-07-25 07:52:00,400,FRC3,22,33,1141,760,1,False,10.764283334954333,106.68210132878986,0.0,10.0,23.8,Partly cloudy
3231,Từ Ngã Sáu Cộng Hòa đến An Dương Vương,2025-07-25 07:52:00,300,FRC3,22,33,1141,760,1,False,10.763480856227291,106.68240386571111,0.0,10.0,23.8,Partly cloudy
3232,Từ Ngã Sáu Cộng Hòa đến An Dương Vương,2025-07-25 07:52:00,200,FRC3,22,33,1141,760,1,False,10.762642918836454,106.6827364596283,0.0,10.0,23.8,Partly cloudy
3233,Từ Ngã Sáu Cộng Hòa đến An Dương Vương,2025-07-25 07:52:00,100,FRC3,22,33,1141,760,1,False,10.7619261906941,106.68302613820323,0.0,10.0,23.8,Partly cloudy
3234,Từ Ngã Sáu Cộng Hòa đến An Dương Vương,2025-07-25 07:52:00,0,FRC3,22,33,1141,760,1,False,10.761156760056346,106.68331581677815,0.0,10.0,23.8,Partly cloudy
3235,Từ Cầu Nguyễn Văn Cừ đến An Dương Vương,2025-07-25 07:52:00,700,FRC2,25,35,636,454,1,False,10.755556817425111,106.68578400873503,0.0,10.0,23.8,Partly cloudy
3236,Từ Cầu Nguyễn Văn Cừ đến An Dương Vương,2025-07-25 07:52:00,600,FRC2,25,35,636,454,1,False,10.756358876280022,106.6853232069683,0.0,10.0,23.8,Partly cloudy
3237,Từ Cầu Nguyễn Văn Cừ đến An Dương Vương,2025-07-25 07:52:00,500,FRC2,25,35,636,454,1,False,10.757138847709548,106.684944289696,0.0,10.0,23.8,Partly cloudy
3238,Từ Cầu Nguyễn Văn Cừ đến An Dương Vương,2025-07-25 07:52:00,400,FRC2,25,35,636,454,1,False,10.757963133528543,106.68463303622572,0.0,10.0,23.8,Partly cloudy
3239,Từ Cầu Nguyễn Văn Cừ đến An Dương Vương,2025-07-25 07:52:00,300,FRC2,25,35,636,454,1,False,10.758623446871004,106.68435335919212,0.0,10.0,23.8,Partly cloudy
3240,Từ Cầu Nguyễn Văn Cừ đến An Dương Vương,2025-07-25 07:52:00,200,FRC6,17,26,998,652,1,False,10.759478749919925,106.68406917123804,0.0,10.0,23.8,Partly cloudy
3241,Từ Cầu Nguyễn Văn Cừ đến An Dương Vương,2025-07-25 07:52:00,100,FRC2,25,35,636,454,1,False,10.760311892549737,106.68371280856688,0.0,10.0,23.8,Partly cloudy
3242,Từ Cầu Nguyễn Văn Cừ đến An Dương Vương,2025-07-25 07:52:00,0,FRC2,25,35,636,454,1,False,10.761189348756318,106.68340155509297,0.0,10.0,23.8,Partly cloudy
3243,Từ Vòng Xoay Trần Phú đến ĐHSP,2025-07-25 07:52:00,1000,FRC4,20,28,287,205,1,False,10.757533515349062,106.67414436746735,0.0,10.0,23.8,Partly cloudy
3244,Từ Vòng Xoay Trần Phú đến ĐHSP,2025-07-25 07:52:00,900,FRC4,20,28,287,205,1,False,10.757824186413304,106.67502060044893,0.0,10.0,23.8,Partly cloudy
3245,Từ Vòng Xoay Trần Phú đến ĐHSP,2025-07-25 07:52:00,800,FRC4,20,28,287,205,1,False,10.758126036834728,106.67584372840122,0.0,10.0,23.8,Partly cloudy
3246,Từ Vòng Xoay Trần Phú đến ĐHSP,2025-07-25 07:52:00,700,FRC4,20,28,287,205,1,False,10.758483785091158,106.67667444278729,0.0,10.0,23.8,Partly cloudy
3247,Từ Vòng Xoay Trần Phú đến ĐHSP,2025-07-25 07:52:00,600,FRC4,20,28,287,205,1,False,10.758740916389923,106.67733446243443,0.0,10.0,23.8,Partly cloudy
3248,Từ Vòng Xoay Trần Phú đến ĐHSP,2025-07-25 07:52:00,500,FRC4,17,27,341,214,1,False,10.759121023128003,106.67817276325134,0.0,10.0,23.8,Partly cloudy
3249,Từ Vòng Xoay Trần Phú đến ĐHSP,2025-07-25 07:52:00,400,FRC4,17,27,341,214,1,False,10.759445231432741,106.6790186505005,0.0,10.0,23.8,Partly cloudy
3250,Từ Vòng Xoay Trần Phú đến ĐHSP,2025-07-25 07:52:00,300,FRC4,17,27,341,214,1,False,10.759784345493584,106.67986453775157,0.0,10.0,23.8,Partly cloudy
3251,Từ Vòng Xoay Trần Phú đến ĐHSP,2025-07-25 07:52:00,200,FRC4,17,27,341,214,1,False,10.76013091221701,106.68072559786684,0.0,10.0,23.8,Partly cloudy
3252,Từ Vòng Xoay Trần Phú đến ĐHSP,2025-07-25 07:52:00,100,FRC4,20,28,287,205,1,False,10.760458845955434,106.6815638986815,0.0,10.0,23.8,Partly cloudy
3253,Từ Vòng Xoay Trần Phú đến ĐHSP,2025-07-25 07:52:00,0,FRC4,20,28,287,205,1,False,10.760883668675298,106.6826449653469,0.0,10.0,23.8,Partly cloudy
3254,Từ Ngã Sáu Cộng Hòa đến An Dương Vương,2025-07-25 08:21:00,500,FRC3,22,32,1141,784,1,False,10.765163027177051,106.68176325830919,0.0,10.0,19.1,Partly cloudy
3255,Từ Ngã Sáu Cộng Hòa đến An Dương Vương,2025-07-25 08:21:00,400,FRC3,22,32,1141,784,1,False,10.764283334954333,106.68210132878986,0.0,10.0,19.1,Partly cloudy
3256,Từ Ngã Sáu Cộng Hòa đến An Dương Vương,2025-07-25 08:21:00,300,FRC3,22,32,1141,784,1,False,10.763480856227291,106.68240386571111,0.0,10.0,19.1,Partly cloudy
3257,Từ Ngã Sáu Cộng Hòa đến An Dương Vương,2025-07-25 08:21:00,200,FRC3,22,32,1141,784,1,False,10.762642918836454,106.6827364596283,0.0,10.0,19.1,Partly cloudy
3258,Từ Ngã Sáu Cộng Hòa đến An Dương Vương,2025-07-25 08:21:00,100,FRC3,22,32,1141,784,1,False,10.7619261906941,106.68302613820323,0.0,10.0,19.1,Partly cloudy
3259,Từ Ngã Sáu Cộng Hòa đến An Dương Vương,2025-07-25 08:21:00,0,FRC3,22,32,1141,784,1,False,10.761156760056346,106.68331581677815,0.0,10.0,19.1,Partly cloudy
3260,Từ Cầu Nguyễn Văn Cừ đến An Dương Vương,2025-07-25 08:21:00,700,FRC2,24,34,662,467,1,False,10.755556817425111,106.68578400873503,0.0,10.0,19.1,Partly cloudy
3261,Từ Cầu Nguyễn Văn Cừ đến An Dương Vương,2025-07-25 08:21:00,600,FRC2,24,34,662,467,1,False,10.756358876280022,106.6853232069683,0.0,10.0,19.1,Partly cloudy
3262,Từ Cầu Nguyễn Văn Cừ đến An Dương Vương,2025-07-25 08:21:00,500,FRC2,24,34,662,467,1,False,10.757138847709548,106.684944289696,0.0,10.0,19.1,Partly cloudy
3263,Từ Cầu Nguyễn Văn Cừ đến An Dương Vương,2025-07-25 08:21:00,400,FRC2,24,34,662,467,1,False,10.757963133528543,106.68463303622572,0.0,10.0,19.1,Partly cloudy
3264,Từ Cầu Nguyễn Văn Cừ đến An Dương Vương,2025-07-25 08:21:00,300,FRC2,24,34,662,467,1,False,10.758623446871004,106.68435335919212,0.0,10.0,19.1,Partly cloudy
3265,Từ Cầu Nguyễn Văn Cừ đến An Dương Vương,2025-07-25 08:21:00,200,FRC6,16,26,1061,652,1,False,10.759478749919925,106.68406917123804,0.0,10.0,19.1,Partly cloudy
3266,Từ Cầu Nguyễn Văn Cừ đến An Dương Vương,2025-07-25 08:21:00,100,FRC2,24,34,662,467,1,False,10.760311892549737,106.68371280856688,0.0,10.0,19.1,Partly cloudy
3267,Từ Cầu Nguyễn Văn Cừ đến An Dương Vương,2025-07-25 08:21:00,0,FRC2,24,34,662,467,1,False,10.761189348756318,106.68340155509297,0.0,10.0,19.1,Partly cloudy
3268,Từ Vòng Xoay Trần Phú đến ĐHSP,2025-07-25 08:21:00,1000,FRC4,22,27,261,212,1,False,10.757533515349062,106.67414436746735,0.0,10.0,19.1,Partly cloudy
3269,Từ Vòng Xoay Trần Phú đến ĐHSP,2025-07-25 08:21:00,900,FRC4,22,27,261,212,1,False,10.757824186413304,106.67502060044893,0.0,10.0,19.1,Partly cloudy
3270,Từ Vòng Xoay Trần Phú đến ĐHSP,2025-07-25 08:21:00,800,FRC4,22,27,261,212,1,False,10.758126036834728,106.67584372840122,0.0,10.0,19.1,Partly cloudy
3271,Từ Vòng Xoay Trần Phú đến ĐHSP,2025-07-25 08:21:00,700,FRC4,22,27,261,212,1,False,10.758483785091158,106.67667444278729,0.0,10.0,19.1,Partly cloudy
3272,Từ Vòng Xoay Trần Phú đến ĐHSP,2025-07-25 08:21:00,600,FRC4,22,27,261,212,1,False,10.758740916389923,106.67733446243443,0.0,10.0,19.1,Partly cloudy
3273,Từ Vòng Xoay Trần Phú đến ĐHSP,2025-07-25 08:21:00,500,FRC4,20,27,289,214,1,False,10.759121023128003,106.67817276325134,0.0,10.0,19.1,Partly cloudy
3274,Từ Vòng Xoay Trần Phú đến ĐHSP,2025-07-25 08:21:00,400,FRC4,20,27,289,214,1,False,10.759445231432741,106.6790186505005,0.0,10.0,19.1,Partly cloudy
3275,Từ Vòng Xoay Trần Phú đến ĐHSP,2025-07-25 08:21:00,300,FRC4,20,27,289,214,1,False,10.759784345493584,106.67986453775157,0.0,10.0,19.1,Partly cloudy
3276,Từ Vòng Xoay Trần Phú đến ĐHSP,2025-07-25 08:21:00,200,FRC4,20,27,289,214,1,False,10.76013091221701,106.68072559786684,0.0,10.0,19.1,Partly cloudy
3277,Từ Vòng Xoay Trần Phú đến ĐHSP,2025-07-25 08:21:00,100,FRC4,22,27,261,212,1,False,10.760458845955434,106.6815638986815,0.0,10.0,19.1,Partly cloudy
3278,Từ Vòng Xoay Trần Phú đến ĐHSP,2025-07-25 08:21:00,0,FRC4,22,27,261,212,1,False,10.760883668675298,106.6826449653469,0.0,10.0,19.1,Partly cloudy
3279,Từ Ngã Sáu Cộng Hòa đến An Dương Vương,2025-07-25 08:49:00,500,FRC3,21,32,1195,784,1,False,10.765163027177051,106.68176325830919,0.0,10.0,19.1,Cloudy
3280,Từ Ngã Sáu Cộng Hòa đến An Dương Vương,2025-07-25 08:49:00,400,FRC3,21,32,1195,784,1,False,10.764283334954333,106.68210132878986,0.0,10.0,19.1,Cloudy
3281,Từ Ngã Sáu Cộng Hòa đến An Dương Vương,2025-07-25 08:49:00,300,FRC3,21,32,1195,784,1,False,10.763480856227291,106.68240386571111,0.0,10.0,19.1,Cloudy
3282,Từ Ngã Sáu Cộng Hòa đến An Dương Vương,2025-07-25 08:49:00,200,FRC3,21,32,1195,784,1,False,10.762642918836454,106.6827364596283,0.0,10.0,15.8,Sunny
3283,Từ Ngã Sáu Cộng Hòa đến An Dương Vương,2025-07-25 08:49:00,100,FRC3,21,32,1195,784,1,False,10.7619261906941,106.68302613820323,0.0,10.0,19.1,Cloudy
3284,Từ Ngã Sáu Cộng Hòa đến An Dương Vương,2025-07-25 08:49:00,0,FRC3,21,32,1195,784,1,False,10.761156760056346,106.68331581677815,0.0,10.0,19.1,Cloudy
3285,Từ Cầu Nguyễn Văn Cừ đến An Dương Vương,2025-07-25 08:49:00,700,FRC2,22,34,722,467,1,False,10.755556817425111,106.68578400873503,0.0,10.0,19.1,Cloudy
3286,Từ Cầu Nguyễn Văn Cừ đến An Dương Vương,2025-07-25 08:49:00,600,FRC2,22,34,722,467,1,False,10.756358876280022,106.6853232069683,0.0,10.0,19.1,Cloudy
3287,Từ Cầu Nguyễn Văn Cừ đến An Dương Vương,2025-07-25 08:49:00,500,FRC2,22,34,722,467,1,False,10.757138847709548,106.684944289696,0.0,10.0,19.1,Cloudy
3288,Từ Cầu Nguyễn Văn Cừ đến An Dương Vương,2025-07-25 08:49:00,400,FRC2,22,34,722,467,1,False,10.757963133528543,106.68463303622572,0.0,10.0,19.1,Cloudy
3289,Từ Cầu Nguyễn Văn Cừ đến An Dương Vương,2025-07-25 08:49:00,300,FRC2,22,34,722,467,1,False,10.758623446871004,106.68435335919212,0.0,10.0,15.8,Sunny
3290,Từ Cầu Nguyễn Văn Cừ đến An Dương Vương,2025-07-25 08:49:00,200,FRC6,18,26,943,652,1,False,10.759478749919925,106.68406917123804,0.0,10.0,19.1,Cloudy
3291,Từ Cầu Nguyễn Văn Cừ đến An Dương Vương,2025-07-25 08:49:00,100,FRC2,22,34,722,467,1,False,10.760311892549737,106.68371280856688,0.0,10.0,19.1,Cloudy
3292,Từ Cầu Nguyễn Văn Cừ đến An Dương Vương,2025-07-25 08:49:00,0,FRC2,22,34,722,467,1,False,10.761189348756318,106.68340155509297,0.0,10.0,19.1,Cloudy
3293,Từ Vòng Xoay Trần Phú đến ĐHSP,2025-07-25 08:49:00,1000,FRC4,20,28,287,205,1,False,10.757533515349062,106.67414436746735,0.0,10.0,19.1,Cloudy
3294,Từ Vòng Xoay Trần Phú đến ĐHSP,2025-07-25 08:49:00,900,FRC4,20,28,287,205,1,False,10.757824186413304,106.67502060044893,0.0,10.0,19.1,Cloudy
3295,Từ Vòng Xoay Trần Phú đến ĐHSP,2025-07-25 08:49:00,800,FRC4,20,28,287,205,1,False,10.758126036834728,106.67584372840122,0.0,10.0,19.1,Cloudy
3296,Từ Vòng Xoay Trần Phú đến ĐHSP,2025-07-25 08:49:00,700,FRC4,20,28,287,205,1,False,10.758483785091158,106.67667444278729,0.0,10.0,19.1,Cloudy
3297,Từ Vòng Xoay Trần Phú đến ĐHSP,2025-07-25 08:49:00,600,FRC4,20,28,287,205,1,False,10.758740916389923,106.67733446243443,0.0,10.0,19.1,Cloudy
3298,Từ Vòng Xoay Trần Phú đến ĐHSP,2025-07-25 08:49:00,500,FRC4,18,28,322,207,1,False,10.759121023128003,106.67817276325134,0.0,10.0,19.1,Cloudy
3299,Từ Vòng Xoay Trần Phú đến ĐHSP,2025-07-25 08:49:00,400,FRC4,18,28,322,207,1,False,10.759445231432741,106.6790186505005,0.0,10.0,19.1,Cloudy
3300,Từ Vòng Xoay Trần Phú đến ĐHSP,2025-07-25 08:49:00,300,FRC4,18,28,322,207,1,False,10.759784345493584,106.67986453775157,0.0,10.0,19.1,Cloudy
3301,Từ Vòng Xoay Trần Phú đến ĐHSP,2025-07-25 08:49:00,200,FRC4,18,28,322,207,1,False,10.76013091221701,106.68072559786684,0.0,10.0,19.1,Cloudy
3302,Từ Vòng Xoay Trần Phú đến ĐHSP,2025-07-25 08:49:00,100,FRC4,20,28,287,205,1,False,10.760458845955434,106.6815638986815,0.0,10.0,19.1,Cloudy
3303,Từ Vòng Xoay Trần Phú đến ĐHSP,2025-07-25 08:49:00,0,FRC4,20,28,287,205,1,False,10.760883668675298,106.6826449653469,0.0,10.0,19.1,Cloudy
3304,Từ Ngã Sáu Cộng Hòa đến An Dương Vương,2025-07-25 11:17:00,500,FRC3,18,33,1394,760,1,False,10.765163027177051,106.68176325830919,0.21,10.0,8.6,Partly cloudy
3305,Từ Ngã Sáu Cộng Hòa đến An Dương Vương,2025-07-25 11:17:00,400,FRC3,18,33,1394,760,1,False,10.764283334954333,106.68210132878986,0.21,10.0,8.6,Partly cloudy
3306,Từ Ngã Sáu Cộng Hòa đến An Dương Vương,2025-07-25 11:17:00,300,FRC3,18,33,1394,760,1,False,10.763480856227291,106.68240386571111,0.21,10.0,8.6,Partly cloudy
3307,Từ Ngã Sáu Cộng Hòa đến An Dương Vương,2025-07-25 11:17:00,200,FRC3,18,33,1394,760,1,False,10.762642918836454,106.6827364596283,0.21,10.0,8.6,Partly cloudy
3308,Từ Ngã Sáu Cộng Hòa đến An Dương Vương,2025-07-25 11:17:00,100,FRC3,18,33,1394,760,1,False,10.7619261906941,106.68302613820323,0.21,10.0,8.6,Partly cloudy
3309,Từ Ngã Sáu Cộng Hòa đến An Dương Vương,2025-07-25 11:17:00,0,FRC3,18,33,1394,760,1,False,10.761156760056346,106.68331581677815,0.21,10.0,8.6,Partly cloudy
3310,Từ Cầu Nguyễn Văn Cừ đến An Dương Vương,2025-07-25 11:17:00,700,FRC2,19,34,837,467,1,False,10.755556817425111,106.68578400873503,0.21,10.0,8.6,Partly cloudy
3311,Từ Cầu Nguyễn Văn Cừ đến An Dương Vương,2025-07-25 11:17:00,600,FRC2,19,34,837,467,1,False,10.756358876280022,106.6853232069683,0.21,10.0,8.6,Partly cloudy
3312,Từ Cầu Nguyễn Văn Cừ đến An Dương Vương,2025-07-25 11:17:00,500,FRC2,19,34,837,467,1,False,10.757138847709548,106.684944289696,0.21,10.0,8.6,Partly cloudy
3313,Từ Cầu Nguyễn Văn Cừ đến An Dương Vương,2025-07-25 11:17:00,400,FRC2,19,34,837,467,1,False,10.757963133528543,106.68463303622572,0.21,10.0,8.6,Partly cloudy
3314,Từ Cầu Nguyễn Văn Cừ đến An Dương Vương,2025-07-25 11:17:00,300,FRC2,19,34,837,467,1,False,10.758623446871004,106.68435335919212,0.21,10.0,8.6,Partly cloudy
3315,Từ Cầu Nguyễn Văn Cừ đến An Dương Vương,2025-07-25 11:17:00,200,FRC6,19,26,893,652,1,False,10.759478749919925,106.68406917123804,0.21,10.0,8.6,Partly cloudy
3316,Từ Cầu Nguyễn Văn Cừ đến An Dương Vương,2025-07-25 11:17:00,100,FRC2,19,34,837,467,1,False,10.760311892549737,106.68371280856688,0.21,10.0,8.6,Partly cloudy
3317,Từ Cầu Nguyễn Văn Cừ đến An Dương Vương,2025-07-25 11:17:00,0,FRC2,19,34,837,467,1,False,10.761189348756318,106.68340155509297,0.21,10.0,8.6,Partly cloudy
3318,Từ Vòng Xoay Trần Phú đến ĐHSP,2025-07-25 11:17:00,1000,FRC4,21,28,273,205,1,False,10.757533515349062,106.67414436746735,0.21,10.0,8.6,Partly cloudy
3319,Từ Vòng Xoay Trần Phú đến ĐHSP,2025-07-25 11:17:00,900,FRC4,21,28,273,205,1,False,10.757824186413304,106.67502060044893,0.21,10.0,8.6,Partly cloudy
3320,Từ Vòng Xoay Trần Phú đến ĐHSP,2025-07-25 11:17:00,800,FRC4,21,28,273,205,1,False,10.758126036834728,106.67584372840122,0.21,10.0,8.6,Partly cloudy
3321,Từ Vòng Xoay Trần Phú đến ĐHSP,2025-07-25 11:17:00,700,FRC4,21,28,273,205,1,False,10.758483785091158,106.67667444278729,0.21,10.0,8.6,Partly cloudy
3322,Từ Vòng Xoay Trần Phú đến ĐHSP,2025-07-25 11:17:00,600,FRC4,21,28,273,205,1,False,10.758740916389923,106.67733446243443,0.21,10.0,8.6,Partly cloudy
3323,Từ Vòng Xoay Trần Phú đến ĐHSP,2025-07-25 11:17:00,500,FRC4,20,28,289,207,1,False,10.759121023128003,106.67817276325134,0.21,10.0,8.6,Partly cloudy
3324,Từ Vòng Xoay Trần Phú đến ĐHSP,2025-07-25 11:17:00,400,FRC4,20,28,289,207,1,False,10.759445231432741,106.6790186505005,0.21,10.0,8.6,Partly cloudy
3325,Từ Vòng Xoay Trần Phú đến ĐHSP,2025-07-25 11:17:00,300,FRC4,20,28,289,207,1,False,10.759784345493584,106.67986453775157,0.21,10.0,8.6,Partly cloudy
3326,Từ Vòng Xoay Trần Phú đến ĐHSP,2025-07-25 11:17:00,200,FRC4,20,28,289,207,1,False,10.76013091221701,106.68072559786684,0.21,10.0,8.6,Partly cloudy
3327,Từ Vòng Xoay Trần Phú đến ĐHSP,2025-07-25 11:17:00,100,FRC4,21,28,273,205,1,False,10.760458845955434,106.6815638986815,0.21,10.0,8.6,Partly cloudy
3328,Từ Vòng Xoay Trần Phú đến ĐHSP,2025-07-25 11:17:00,0,FRC4,21,28,273,205,1,False,10.760883668675298,106.6826449653469,0.21,10.0,8.6,Partly cloudy
3329,Từ Ngã Sáu Cộng Hòa đến An Dương Vương,2025-07-25 11:40:00,500,FRC3,18,33,1394,760,1,False,10.765163027177051,106.68176325830919,0.21,10.0,8.6,Partly cloudy
3330,Từ Ngã Sáu Cộng Hòa đến An Dương Vương,2025-07-25 11:40:00,400,FRC3,18,33,1394,760,1,False,10.764283334954333,106.68210132878986,0.21,10.0,8.6,Partly cloudy
3331,Từ Ngã Sáu Cộng Hòa đến An Dương Vương,2025-07-25 11:40:00,300,FRC3,18,33,1394,760,1,False,10.763480856227291,106.68240386571111,0.21,10.0,8.6,Partly cloudy
3332,Từ Ngã Sáu Cộng Hòa đến An Dương Vương,2025-07-25 11:40:00,200,FRC3,18,33,1394,760,1,False,10.762642918836454,106.6827364596283,0.21,10.0,8.6,Partly cloudy
3333,Từ Ngã Sáu Cộng Hòa đến An Dương Vương,2025-07-25 11:40:00,100,FRC3,18,33,1394,760,1,False,10.7619261906941,106.68302613820323,0.21,10.0,8.6,Partly cloudy
3334,Từ Ngã Sáu Cộng Hòa đến An Dương Vương,2025-07-25 11:40:00,0,FRC3,18,33,1394,760,1,False,10.761156760056346,106.68331581677815,0.21,10.0,8.6,Partly cloudy
3335,Từ Cầu Nguyễn Văn Cừ đến An Dương Vương,2025-07-25 11:40:00,700,FRC2,20,35,795,454,1,False,10.755556817425111,106.68578400873503,0.21,10.0,8.6,Partly cloudy
3336,Từ Cầu Nguyễn Văn Cừ đến An Dương Vương,2025-07-25 11:40:00,600,FRC2,20,35,795,454,1,False,10.756358876280022,106.6853232069683,0.21,10.0,8.6,Partly cloudy
3337,Từ Cầu Nguyễn Văn Cừ đến An Dương Vương,2025-07-25 11:40:00,500,FRC2,20,35,795,454,1,False,10.757138847709548,106.684944289696,0.21,10.0,8.6,Partly cloudy
3338,Từ Cầu Nguyễn Văn Cừ đến An Dương Vương,2025-07-25 11:40:00,400,FRC2,20,35,795,454,1,False,10.757963133528543,106.68463303622572,0.21,10.0,8.6,Partly cloudy
3339,Từ Cầu Nguyễn Văn Cừ đến An Dương Vương,2025-07-25 11:40:00,300,FRC2,20,35,795,454,1,False,10.758623446871004,106.68435335919212,0.21,10.0,8.6,Partly cloudy
3340,Từ Cầu Nguyễn Văn Cừ đến An Dương Vương,2025-07-25 11:40:00,200,FRC6,20,26,848,652,1,False,10.759478749919925,106.68406917123804,0.21,10.0,8.6,Partly cloudy
3341,Từ Cầu Nguyễn Văn Cừ đến An Dương Vương,2025-07-25 11:40:00,100,FRC2,20,35,795,454,1,False,10.760311892549737,106.68371280856688,0.21,10.0,8.6,Partly cloudy
3342,Từ Cầu Nguyễn Văn Cừ đến An Dương Vương,2025-07-25 11:40:00,0,FRC2,20,35,795,454,1,False,10.761189348756318,106.68340155509297,0.21,10.0,8.6,Partly cloudy
3343,Từ Vòng Xoay Trần Phú đến ĐHSP,2025-07-25 11:40:00,1000,FRC4,20,28,287,205,1,False,10.757533515349062,106.67414436746735,0.21,10.0,8.6,Partly cloudy
3344,Từ Vòng Xoay Trần Phú đến ĐHSP,2025-07-25 11:40:00,900,FRC4,20,28,287,205,1,False,10.757824186413304,106.67502060044893,0.21,10.0,8.6,Partly cloudy
3345,Từ Vòng Xoay Trần Phú đến ĐHSP,2025-07-25 11:40:00,800,FRC4,20,28,287,205,1,False,10.758126036834728,106.67584372840122,0.21,10.0,8.6,Partly cloudy
3346,Từ Vòng Xoay Trần Phú đến ĐHSP,2025-07-25 11:40:00,700,FRC4,20,28,287,205,1,False,10.758483785091158,106.67667444278729,0.21,10.0,8.6,Partly cloudy
3347,Từ Vòng Xoay Trần Phú đến ĐHSP,2025-07-25 11:40:00,600,FRC4,20,28,287,205,1,False,10.758740916389923,106.67733446243443,0.21,10.0,8.6,Partly cloudy
3348,Từ Vòng Xoay Trần Phú đến ĐHSP,2025-07-25 11:40:00,500,FRC4,19,27,305,214,1,False,10.759121023128003,106.67817276325134,0.21,10.0,8.6,Partly cloudy
3349,Từ Vòng Xoay Trần Phú đến ĐHSP,2025-07-25 11:40:00,400,FRC4,19,27,305,214,1,False,10.759445231432741,106.6790186505005,0.21,10.0,8.6,Partly cloudy
3350,Từ Vòng Xoay Trần Phú đến ĐHSP,2025-07-25 11:40:00,300,FRC4,19,27,305,214,1,False,10.759784345493584,106.67986453775157,0.21,10.0,8.6,Partly cloudy
3351,Từ Vòng Xoay Trần Phú đến ĐHSP,2025-07-25 11:40:00,200,FRC4,19,27,305,214,1,False,10.76013091221701,106.68072559786684,0.21,10.0,8.6,Partly cloudy
3352,Từ Vòng Xoay Trần Phú đến ĐHSP,2025-07-25 11:40:00,100,FRC4,20,28,287,205,1,False,10.760458845955434,106.6815638986815,0.21,10.0,8.6,Partly cloudy
3353,Từ Vòng Xoay Trần Phú đến ĐHSP,2025-07-25 11:40:00,0,FRC4,20,28,287,205,1,False,10.760883668675298,106.6826449653469,0.21,10.0,8.6,Partly cloudy
3354,Từ Ngã Sáu Cộng Hòa đến An Dương Vương,2025-07-25 11:50:00,500,FRC3,19,33,1321,760,1,False,10.765163027177051,106.68176325830919,0.21,9.0,8.6,Light rain shower
3355,Từ Ngã Sáu Cộng Hòa đến An Dương Vương,2025-07-25 11:50:00,400,FRC3,19,33,1321,760,1,False,10.764283334954333,106.68210132878986,0.21,9.0,8.6,Light rain shower
3356,Từ Ngã Sáu Cộng Hòa đến An Dương Vương,2025-07-25 11:50:00,300,FRC3,19,33,1321,760,1,False,10.763480856227291,106.68240386571111,0.21,9.0,8.6,Light rain shower
3357,Từ Ngã Sáu Cộng Hòa đến An Dương Vương,2025-07-25 11:50:00,200,FRC3,19,33,1321,760,1,False,10.762642918836454,106.6827364596283,0.21,9.0,8.6,Light rain shower
3358,Từ Ngã Sáu Cộng Hòa đến An Dương Vương,2025-07-25 11:50:00,100,FRC3,19,33,1321,760,1,False,10.7619261906941,106.68302613820323,0.21,9.0,8.6,Light rain shower
3359,Từ Ngã Sáu Cộng Hòa đến An Dương Vương,2025-07-25 11:50:00,0,FRC3,19,33,1321,760,1,False,10.761156760056346,106.68331581677815,0.21,9.0,8.6,Light rain shower
3360,Từ Cầu Nguyễn Văn Cừ đến An Dương Vương,2025-07-25 11:50:00,700,FRC2,21,34,757,467,1,False,10.755556817425111,106.68578400873503,0.21,9.0,8.6,Light rain shower
3361,Từ Cầu Nguyễn Văn Cừ đến An Dương Vương,2025-07-25 11:50:00,600,FRC2,21,34,757,467,1,False,10.756358876280022,106.6853232069683,0.21,9.0,8.6,Light rain shower
3362,Từ Cầu Nguyễn Văn Cừ đến An Dương Vương,2025-07-25 11:50:00,500,FRC2,21,34,757,467,1,False,10.757138847709548,106.684944289696,0.21,9.0,8.6,Light rain shower
3363,Từ Cầu Nguyễn Văn Cừ đến An Dương Vương,2025-07-25 11:50:00,400,FRC2,21,34,757,467,1,False,10.757963133528543,106.68463303622572,0.21,9.0,8.6,Light rain shower
3364,Từ Cầu Nguyễn Văn Cừ đến An Dương Vương,2025-07-25 11:50:00,300,FRC2,21,34,757,467,1,False,10.758623446871004,106.68435335919212,0.21,9.0,8.6,Light rain shower
3365,Từ Cầu Nguyễn Văn Cừ đến An Dương Vương,2025-07-25 11:50:00,200,FRC6,17,26,998,652,1,False,10.759478749919925,106.68406917123804,0.21,9.0,8.6,Light rain shower
3366,Từ Cầu Nguyễn Văn Cừ đến An Dương Vương,2025-07-25 11:50:00,100,FRC2,21,34,757,467,1,False,10.760311892549737,106.68371280856688,0.21,9.0,8.6,Light rain shower
3367,Từ Cầu Nguyễn Văn Cừ đến An Dương Vương,2025-07-25 11:50:00,0,FRC2,21,34,757,467,1,False,10.761189348756318,106.68340155509297,0.21,9.0,8.6,Light rain shower
3368,Từ Vòng Xoay Trần Phú đến ĐHSP,2025-07-25 11:50:00,1000,FRC4,20,28,287,205,1,False,10.757533515349062,106.67414436746735,0.21,9.0,8.6,Light rain shower
3369,Từ Vòng Xoay Trần Phú đến ĐHSP,2025-07-25 11:50:00,900,FRC4,20,28,287,205,1,False,10.757824186413304,106.67502060044893,0.21,9.0,8.6,Light rain shower
3370,Từ Vòng Xoay Trần Phú đến ĐHSP,2025-07-25 11:50:00,800,FRC4,20,28,287,205,1,False,10.758126036834728,106.67584372840122,0.21,9.0,8.6,Light rain shower
3371,Từ Vòng Xoay Trần Phú đến ĐHSP,2025-07-25 11:50:00,700,FRC4,20,28,287,205,1,False,10.758483785091158,106.67667444278729,0.21,9.0,8.6,Light rain shower
3372,Từ Vòng Xoay Trần Phú đến ĐHSP,2025-07-25 11:50:00,600,FRC4,20,28,287,205,1,False,10.758740916389923,106.67733446243443,0.21,9.0,8.6,Light rain shower
3373,Từ Vòng Xoay Trần Phú đến ĐHSP,2025-07-25 11:50:00,500,FRC4,19,28,305,207,1,False,10.759121023128003,106.67817276325134,0.21,9.0,8.6,Light rain shower
3374,Từ Vòng Xoay Trần Phú đến ĐHSP,2025-07-25 11:50:00,400,FRC4,19,28,305,207,1,False,10.759445231432741,106.6790186505005,0.21,9.0,8.6,Light rain shower
3375,Từ Vòng Xoay Trần Phú đến ĐHSP,2025-07-25 11:50:00,300,FRC4,19,28,305,207,1,False,10.759784345493584,106.67986453775157,0.21,9.0,8.6,Light rain shower
3376,Từ Vòng Xoay Trần Phú đến ĐHSP,2025-07-25 11:50:00,200,FRC4,19,28,305,207,1,False,10.76013091221701,106.68072559786684,0.21,9.0,8.6,Light rain shower
3377,Từ Vòng Xoay Trần Phú đến ĐHSP,2025-07-25 11:50:00,100,FRC4,20,28,287,205,1,False,10.760458845955434,106.6815638986815,0.21,9.0,8.6,Light rain shower
3378,Từ Vòng Xoay Trần Phú đến ĐHSP,2025-07-25 11:50:00,0,FRC4,20,28,287,205,1,False,10.760883668675298,106.6826449653469,0.21,9.0,8.6,Light rain shower
3379,Từ Ngã Sáu Cộng Hòa đến An Dương Vương,2025-07-25 12:40:00,500,FRC3,19,33,1321,760,1,False,10.765163027177051,106.68176325830919,0.43,10.0,10.4,Patchy light drizzle
3380,Từ Ngã Sáu Cộng Hòa đến An Dương Vương,2025-07-25 12:40:00,400,FRC3,19,33,1321,760,1,False,10.764283334954333,106.68210132878986,0.43,10.0,10.4,Patchy light drizzle
3381,Từ Ngã Sáu Cộng Hòa đến An Dương Vương,2025-07-25 12:40:00,300,FRC3,19,33,1321,760,1,False,10.763480856227291,106.68240386571111,0.43,10.0,10.4,Patchy light drizzle
3382,Từ Ngã Sáu Cộng Hòa đến An Dương Vương,2025-07-25 12:40:00,200,FRC3,19,33,1321,760,1,False,10.762642918836454,106.6827364596283,0.43,10.0,10.4,Patchy light drizzle
3383,Từ Ngã Sáu Cộng Hòa đến An Dương Vương,2025-07-25 12:40:00,100,FRC3,19,33,1321,760,1,False,10.7619261906941,106.68302613820323,0.43,10.0,10.4,Patchy light drizzle
3384,Từ Ngã Sáu Cộng Hòa đến An Dương Vương,2025-07-25 12:41:00,0,FRC3,19,33,1321,760,1,False,10.761156760056346,106.68331581677815,0.43,10.0,10.4,Patchy light drizzle
3385,Từ Cầu Nguyễn Văn Cừ đến An Dương Vương,2025-07-25 12:41:00,700,FRC2,23,34,691,467,1,False,10.755556817425111,106.68578400873503,0.43,10.0,10.4,Patchy light drizzle
3386,Từ Cầu Nguyễn Văn Cừ đến An Dương Vương,2025-07-25 12:41:00,600,FRC2,23,34,691,467,1,False,10.756358876280022,106.6853232069683,0.43,10.0,10.4,Patchy light drizzle
3387,Từ Cầu Nguyễn Văn Cừ đến An Dương Vương,2025-07-25 12:41:00,500,FRC2,23,34,691,467,1,False,10.757138847709548,106.684944289696,0.43,10.0,10.4,Patchy light drizzle
3388,Từ Cầu Nguyễn Văn Cừ đến An Dương Vương,2025-07-25 12:41:00,400,FRC2,23,34,691,467,1,False,10.757963133528543,106.68463303622572,0.43,10.0,10.4,Patchy light drizzle
3389,Từ Cầu Nguyễn Văn Cừ đến An Dương Vương,2025-07-25 12:41:00,300,FRC2,23,34,691,467,1,False,10.758623446871004,106.68435335919212,0.43,10.0,10.4,Patchy light drizzle
3390,Từ Cầu Nguyễn Văn Cừ đến An Dương Vương,2025-07-25 12:41:00,200,FRC6,19,26,893,652,1,False,10.759478749919925,106.68406917123804,0.43,10.0,10.4,Patchy light drizzle
3391,Từ Cầu Nguyễn Văn Cừ đến An Dương Vương,2025-07-25 12:41:00,100,FRC2,23,34,691,467,1,False,10.760311892549737,106.68371280856688,0.43,10.0,10.4,Patchy light drizzle
3392,Từ Cầu Nguyễn Văn Cừ đến An Dương Vương,2025-07-25 12:41:00,0,FRC2,23,34,691,467,1,False,10.761189348756318,106.68340155509297,0.43,10.0,10.4,Patchy light drizzle
3393,Từ Vòng Xoay Trần Phú đến ĐHSP,2025-07-25 12:41:00,1000,FRC4,29,29,198,198,1,False,10.757533515349062,106.67414436746735,0.43,10.0,10.4,Patchy light drizzle
3394,Từ Vòng Xoay Trần Phú đến ĐHSP,2025-07-25 12:41:00,900,FRC4,29,29,198,198,1,False,10.757824186413304,106.67502060044893,0.43,10.0,10.4,Patchy light drizzle
3395,Từ Vòng Xoay Trần Phú đến ĐHSP,2025-07-25 12:41:00,800,FRC4,29,29,198,198,1,False,10.758126036834728,106.67584372840122,0.43,10.0,10.4,Patchy light drizzle
3396,Từ Vòng Xoay Trần Phú đến ĐHSP,2025-07-25 12:41:00,700,FRC4,29,29,198,198,1,False,10.758483785091158,106.67667444278729,0.43,10.0,10.4,Patchy light drizzle
3397,Từ Vòng Xoay Trần Phú đến ĐHSP,2025-07-25 12:41:00,600,FRC4,29,29,198,198,1,False,10.758740916389923,106.67733446243443,0.43,10.0,10.4,Patchy light drizzle
3398,Từ Vòng Xoay Trần Phú đến ĐHSP,2025-07-25 12:41:00,500,FRC4,19,27,305,214,1,False,10.759121023128003,106.67817276325134,0.43,10.0,10.4,Patchy light drizzle
3399,Từ Vòng Xoay Trần Phú đến ĐHSP,2025-07-25 12:41:00,400,FRC4,19,27,305,214,1,False,10.759445231432741,106.6790186505005,0.43,10.0,10.4,Patchy light drizzle
3400,Từ Vòng Xoay Trần Phú đến ĐHSP,2025-07-25 12:41:00,300,FRC4,19,27,305,214,1,False,10.759784345493584,106.67986453775157,0.43,10.0,10.4,Patchy light drizzle
3401,Từ Vòng Xoay Trần Phú đến ĐHSP,2025-07-25 12:41:00,200,FRC4,19,27,305,214,1,False,10.76013091221701,106.68072559786684,0.43,10.0,10.4,Patchy light drizzle
3402,Từ Vòng Xoay Trần Phú đến ĐHSP,2025-07-25 12:41:00,100,FRC4,29,29,198,198,1,False,10.760458845955434,106.6815638986815,0.43,10.0,10.4,Patchy light drizzle
3403,Từ Vòng Xoay Trần Phú đến ĐHSP,2025-07-25 12:41:00,0,FRC4,29,29,198,198,1,False,10.760883668675298,106.6826449653469,0.43,10.0,10.4,Patchy light drizzle
3404,Từ Ngã Sáu Cộng Hòa đến An Dương Vương,2025-07-25 13:24:00,500,FRC3,21,33,1195,760,1,False,10.765163027177051,106.68176325830919,0.35,10.0,16.6,Patchy light drizzle
3405,Từ Ngã Sáu Cộng Hòa đến An Dương Vương,2025-07-25 13:24:00,400,FRC3,21,33,1195,760,1,False,10.764283334954333,106.68210132878986,0.35,10.0,16.6,Patchy light drizzle
3406,Từ Ngã Sáu Cộng Hòa đến An Dương Vương,2025-07-25 13:24:00,300,FRC3,21,33,1195,760,1,False,10.763480856227291,106.68240386571111,0.35,10.0,16.6,Patchy light drizzle
3407,Từ Ngã Sáu Cộng Hòa đến An Dương Vương,2025-07-25 13:24:00,200,FRC3,21,33,1195,760,1,False,10.762642918836454,106.6827364596283,0.35,10.0,16.6,Patchy light drizzle
3408,Từ Ngã Sáu Cộng Hòa đến An Dương Vương,2025-07-25 13:24:00,100,FRC3,21,33,1195,760,1,False,10.7619261906941,106.68302613820323,0.35,10.0,16.6,Patchy light drizzle
3409,Từ Ngã Sáu Cộng Hòa đến An Dương Vương,2025-07-25 13:24:00,0,FRC3,21,33,1195,760,1,False,10.761156760056346,106.68331581677815,0.35,10.0,16.6,Patchy light drizzle
3410,Từ Cầu Nguyễn Văn Cừ đến An Dương Vương,2025-07-25 13:24:00,700,FRC2,24,34,662,467,1,False,10.755556817425111,106.68578400873503,0.35,10.0,16.6,Patchy light drizzle
3411,Từ Cầu Nguyễn Văn Cừ đến An Dương Vương,2025-07-25 13:24:00,600,FRC2,24,34,662,467,1,False,10.756358876280022,106.6853232069683,0.35,10.0,16.6,Patchy light drizzle
3412,Từ Cầu Nguyễn Văn Cừ đến An Dương Vương,2025-07-25 13:25:00,500,FRC2,24,34,662,467,1,False,10.757138847709548,106.684944289696,0.35,10.0,16.6,Patchy light drizzle
3413,Từ Cầu Nguyễn Văn Cừ đến An Dương Vương,2025-07-25 13:25:00,400,FRC2,24,34,662,467,1,False,10.757963133528543,106.68463303622572,0.35,10.0,16.6,Patchy light drizzle
3414,Từ Cầu Nguyễn Văn Cừ đến An Dương Vương,2025-07-25 13:25:00,300,FRC2,24,34,662,467,1,False,10.758623446871004,106.68435335919212,0.35,10.0,16.6,Patchy light drizzle
3415,Từ Cầu Nguyễn Văn Cừ đến An Dương Vương,2025-07-25 13:25:00,200,FRC6,17,26,998,652,1,False,10.759478749919925,106.68406917123804,0.35,10.0,16.6,Patchy light drizzle
3416,Từ Cầu Nguyễn Văn Cừ đến An Dương Vương,2025-07-25 13:25:00,100,FRC2,24,34,662,467,1,False,10.760311892549737,106.68371280856688,0.35,10.0,16.6,Patchy light drizzle
3417,Từ Cầu Nguyễn Văn Cừ đến An Dương Vương,2025-07-25 13:25:00,0,FRC2,24,34,662,467,1,False,10.761189348756318,106.68340155509297,0.35,10.0,16.6,Patchy light drizzle
3418,Từ Vòng Xoay Trần Phú đến ĐHSP,2025-07-25 13:25:00,1000,FRC4,19,28,302,205,1,False,10.757533515349062,106.67414436746735,0.35,10.0,16.6,Patchy light drizzle
3419,Từ Vòng Xoay Trần Phú đến ĐHSP,2025-07-25 13:25:00,900,FRC4,19,28,302,205,1,False,10.757824186413304,106.67502060044893,0.35,10.0,16.6,Patchy light drizzle
3420,Từ Vòng Xoay Trần Phú đến ĐHSP,2025-07-25 13:25:00,800,FRC4,19,28,302,205,1,False,10.758126036834728,106.67584372840122,0.35,10.0,16.6,Patchy light drizzle
3421,Từ Vòng Xoay Trần Phú đến ĐHSP,2025-07-25 13:25:00,700,FRC4,19,28,302,205,1,False,10.758483785091158,106.67667444278729,0.35,10.0,16.6,Patchy light drizzle
3422,Từ Vòng Xoay Trần Phú đến ĐHSP,2025-07-25 13:25:00,600,FRC4,19,28,302,205,1,False,10.758740916389923,106.67733446243443,0.35,10.0,16.6,Patchy light drizzle
3423,Từ Vòng Xoay Trần Phú đến ĐHSP,2025-07-25 13:25:00,500,FRC4,20,29,289,199,1,False,10.759121023128003,106.67817276325134,0.35,10.0,16.6,Patchy light drizzle
3424,Từ Vòng Xoay Trần Phú đến ĐHSP,2025-07-25 13:25:00,400,FRC4,20,29,289,199,1,False,10.759445231432741,106.6790186505005,0.35,10.0,16.6,Patchy light drizzle
3425,Từ Vòng Xoay Trần Phú đến ĐHSP,2025-07-25 13:25:00,300,FRC4,20,29,289,199,1,False,10.759784345493584,106.67986453775157,0.35,10.0,16.6,Patchy light drizzle
3426,Từ Vòng Xoay Trần Phú đến ĐHSP,2025-07-25 13:25:00,200,FRC4,20,29,289,199,1,False,10.76013091221701,106.68072559786684,0.35,10.0,16.6,Patchy light drizzle
3427,Từ Vòng Xoay Trần Phú đến ĐHSP,2025-07-25 13:25:00,100,FRC4,19,28,302,205,1,False,10.760458845955434,106.6815638986815,0.35,10.0,16.6,Patchy light drizzle
3428,Từ Vòng Xoay Trần Phú đến ĐHSP,2025-07-25 13:25:00,0,FRC4,19,28,302,205,1,False,10.760883668675298,106.6826449653469,0.35,10.0,16.6,Patchy light drizzle
3429,Từ Ngã Sáu Cộng Hòa đến An Dương Vương,2025-07-25 16:15:00,500,FRC3,27,32,929,784,1,False,10.765163027177051,106.68176325830919,0.0,10.0,7.9,Partly Cloudy
3430,Từ Ngã Sáu Cộng Hòa đến An Dương Vương,2025-07-25 16:15:00,400,FRC3,27,32,929,784,1,False,10.764283334954333,106.68210132878986,0.0,10.0,7.9,Partly Cloudy
3431,Từ Ngã Sáu Cộng Hòa đến An Dương Vương,2025-07-25 16:15:00,300,FRC3,27,32,929,784,1,False,10.763480856227291,106.68240386571111,0.0,10.0,7.9,Partly Cloudy
3432,Từ Ngã Sáu Cộng Hòa đến An Dương Vương,2025-07-25 16:15:00,200,FRC3,27,32,929,784,1,False,10.762642918836454,106.6827364596283,0.0,10.0,7.9,Partly Cloudy
3433,Từ Ngã Sáu Cộng Hòa đến An Dương Vương,2025-07-25 16:15:00,100,FRC3,27,32,929,784,1,False,10.7619261906941,106.68302613820323,0.0,10.0,7.9,Partly Cloudy
3434,Từ Ngã Sáu Cộng Hòa đến An Dương Vương,2025-07-25 16:15:00,0,FRC3,27,32,929,784,1,False,10.761156760056346,106.68331581677815,0.0,10.0,7.9,Partly Cloudy
3435,Từ Cầu Nguyễn Văn Cừ đến An Dương Vương,2025-07-25 16:15:00,700,FRC2,35,35,454,454,1,False,10.755556817425111,106.68578400873503,0.0,10.0,7.9,Partly Cloudy
3436,Từ Cầu Nguyễn Văn Cừ đến An Dương Vương,2025-07-25 16:15:00,600,FRC2,35,35,454,454,1,False,10.756358876280022,106.6853232069683,0.0,10.0,7.9,Partly Cloudy
3437,Từ Cầu Nguyễn Văn Cừ đến An Dương Vương,2025-07-25 16:15:00,500,FRC2,35,35,454,454,1,False,10.757138847709548,106.684944289696,0.0,10.0,7.9,Partly Cloudy
3438,Từ Cầu Nguyễn Văn Cừ đến An Dương Vương,2025-07-25 16:15:00,400,FRC2,35,35,454,454,1,False,10.757963133528543,106.68463303622572,0.0,10.0,7.9,Partly Cloudy
3439,Từ Cầu Nguyễn Văn Cừ đến An Dương Vương,2025-07-25 16:15:00,300,FRC2,35,35,454,454,1,False,10.758623446871004,106.68435335919212,0.0,10.0,7.9,Partly Cloudy
3440,Từ Cầu Nguyễn Văn Cừ đến An Dương Vương,2025-07-25 16:15:00,200,FRC6,22,27,771,628,1,False,10.759478749919925,106.68406917123804,0.0,10.0,7.9,Partly Cloudy
3441,Từ Cầu Nguyễn Văn Cừ đến An Dương Vương,2025-07-25 16:15:00,100,FRC2,35,35,454,454,1,False,10.760311892549737,106.68371280856688,0.0,10.0,7.9,Partly Cloudy
3442,Từ Cầu Nguyễn Văn Cừ đến An Dương Vương,2025-07-25 16:15:00,0,FRC2,35,35,454,454,1,False,10.761189348756318,106.68340155509297,0.0,10.0,7.9,Partly Cloudy
3443,Từ Vòng Xoay Trần Phú đến ĐHSP,2025-07-25 16:15:00,1000,FRC4,29,29,198,198,1,False,10.757533515349062,106.67414436746735,0.0,10.0,7.9,Partly Cloudy
3444,Từ Vòng Xoay Trần Phú đến ĐHSP,2025-07-25 16:15:00,900,FRC4,29,29,198,198,1,False,10.757824186413304,106.67502060044893,0.0,10.0,7.9,Partly Cloudy
3445,Từ Vòng Xoay Trần Phú đến ĐHSP,2025-07-25 16:15:00,800,FRC4,29,29,198,198,1,False,10.758126036834728,106.67584372840122,0.0,10.0,7.9,Partly Cloudy
3446,Từ Vòng Xoay Trần Phú đến ĐHSP,2025-07-25 16:15:00,700,FRC4,29,29,198,198,1,False,10.758483785091158,106.67667444278729,0.0,10.0,7.9,Partly Cloudy
3447,Từ Vòng Xoay Trần Phú đến ĐHSP,2025-07-25 16:15:00,600,FRC4,29,29,198,198,1,False,10.758740916389923,106.67733446243443,0.0,10.0,7.9,Partly Cloudy
3448,Từ Vòng Xoay Trần Phú đến ĐHSP,2025-07-25 16:15:00,500,FRC4,28,28,207,207,1,False,10.759121023128003,106.67817276325134,0.0,10.0,7.9,Partly Cloudy
3449,Từ Vòng Xoay Trần Phú đến ĐHSP,2025-07-25 16:15:00,400,FRC4,28,28,207,207,1,False,10.759445231432741,106.6790186505005,0.0,10.0,7.9,Partly Cloudy
3450,Từ Vòng Xoay Trần Phú đến ĐHSP,2025-07-25 16:15:00,300,FRC4,28,28,207,207,1,False,10.759784345493584,106.67986453775157,0.0,10.0,7.9,Partly Cloudy
3451,Từ Vòng Xoay Trần Phú đến ĐHSP,2025-07-25 16:15:00,200,FRC4,28,28,207,207,1,False,10.76013091221701,106.68072559786684,0.0,10.0,7.9,Partly Cloudy
3452,Từ Vòng Xoay Trần Phú đến ĐHSP,2025-07-25 16:15:00,100,FRC4,29,29,198,198,1,False,10.760458845955434,106.6815638986815,0.0,10.0,7.9,Partly Cloudy
3453,Từ Vòng Xoay Trần Phú đến ĐHSP,2025-07-25 16:15:00,0,FRC4,29,29,198,198,1,False,10.760883668675298,106.6826449653469,0.0,10.0,7.9,Partly Cloudy
3454,Từ Ngã Sáu Cộng Hòa đến An Dương Vương,2025-07-25 16:48:00,500,FRC3,33,33,760,760,1,False,10.765163027177051,106.68176325830919,0.0,10.0,12.6,Cloudy
3455,Từ Ngã Sáu Cộng Hòa đến An Dương Vương,2025-07-25 16:48:00,400,FRC3,33,33,760,760,1,False,10.764283334954333,106.68210132878986,0.0,10.0,12.6,Cloudy
3456,Từ Ngã Sáu Cộng Hòa đến An Dương Vương,2025-07-25 16:48:00,300,FRC3,33,33,760,760,1,False,10.763480856227291,106.68240386571111,0.0,10.0,12.6,Cloudy
3457,Từ Ngã Sáu Cộng Hòa đến An Dương Vương,2025-07-25 16:48:00,200,FRC3,33,33,760,760,1,False,10.762642918836454,106.6827364596283,0.0,10.0,12.6,Cloudy
3458,Từ Ngã Sáu Cộng Hòa đến An Dương Vương,2025-07-25 16:48:00,100,FRC3,33,33,760,760,1,False,10.7619261906941,106.68302613820323,0.0,10.0,12.6,Cloudy
3459,Từ Ngã Sáu Cộng Hòa đến An Dương Vương,2025-07-25 16:48:00,0,FRC3,33,33,760,760,1,False,10.761156760056346,106.68331581677815,0.0,10.0,12.6,Cloudy
3460,Từ Cầu Nguyễn Văn Cừ đến An Dương Vương,2025-07-25 16:48:00,700,FRC2,35,35,454,454,1,False,10.755556817425111,106.68578400873503,0.0,10.0,12.6,Cloudy
3461,Từ Cầu Nguyễn Văn Cừ đến An Dương Vương,2025-07-25 16:48:00,600,FRC2,35,35,454,454,1,False,10.756358876280022,106.6853232069683,0.0,10.0,12.6,Cloudy
3462,Từ Cầu Nguyễn Văn Cừ đến An Dương Vương,2025-07-25 16:48:00,500,FRC2,35,35,454,454,1,False,10.757138847709548,106.684944289696,0.0,10.0,12.6,Cloudy
3463,Từ Cầu Nguyễn Văn Cừ đến An Dương Vương,2025-07-25 16:48:00,400,FRC2,35,35,454,454,1,False,10.757963133528543,106.68463303622572,0.0,10.0,12.6,Cloudy
3464,Từ Cầu Nguyễn Văn Cừ đến An Dương Vương,2025-07-25 16:48:00,300,FRC2,35,35,454,454,1,False,10.758623446871004,106.68435335919212,0.0,10.0,12.6,Cloudy
3465,Từ Cầu Nguyễn Văn Cừ đến An Dương Vương,2025-07-25 16:48:00,200,FRC6,27,27,628,628,1,False,10.759478749919925,106.68406917123804,0.0,10.0,12.6,Cloudy
3466,Từ Cầu Nguyễn Văn Cừ đến An Dương Vương,2025-07-25 16:48:00,100,FRC2,35,35,454,454,1,False,10.760311892549737,106.68371280856688,0.0,10.0,12.6,Cloudy
3467,Từ Cầu Nguyễn Văn Cừ đến An Dương Vương,2025-07-25 16:48:00,0,FRC2,35,35,454,454,1,False,10.761189348756318,106.68340155509297,0.0,10.0,12.6,Cloudy
3468,Từ Vòng Xoay Trần Phú đến ĐHSP,2025-07-25 16:48:00,1000,FRC4,29,29,198,198,1,False,10.757533515349062,106.67414436746735,0.0,10.0,12.6,Cloudy
3469,Từ Vòng Xoay Trần Phú đến ĐHSP,2025-07-25 16:48:00,900,FRC4,29,29,198,198,1,False,10.757824186413304,106.67502060044893,0.0,10.0,12.6,Cloudy
3470,Từ Vòng Xoay Trần Phú đến ĐHSP,2025-07-25 16:48:00,800,FRC4,29,29,198,198,1,False,10.758126036834728,106.67584372840122,0.0,10.0,12.6,Cloudy
3471,Từ Vòng Xoay Trần Phú đến ĐHSP,2025-07-25 16:48:00,700,FRC4,29,29,198,198,1,False,10.758483785091158,106.67667444278729,0.0,10.0,12.6,Cloudy
3472,Từ Vòng Xoay Trần Phú đến ĐHSP,2025-07-25 16:48:00,600,FRC4,29,29,198,198,1,False,10.758740916389923,106.67733446243443,0.0,10.0,12.6,Cloudy
3473,Từ Vòng Xoay Trần Phú đến ĐHSP,2025-07-25 16:48:00,500,FRC4,28,28,207,207,1,False,10.759121023128003,106.67817276325134,0.0,10.0,12.6,Cloudy
3474,Từ Vòng Xoay Trần Phú đến ĐHSP,2025-07-25 16:48:00,400,FRC4,28,28,207,207,1,False,10.759445231432741,106.6790186505005,0.0,10.0,12.6,Cloudy
3475,Từ Vòng Xoay Trần Phú đến ĐHSP,2025-07-25 16:48:00,300,FRC4,28,28,207,207,1,False,10.759784345493584,106.67986453775157,0.0,10.0,12.6,Cloudy
3476,Từ Vòng Xoay Trần Phú đến ĐHSP,2025-07-25 16:48:00,200,FRC4,28,28,207,207,1,False,10.76013091221701,106.68072559786684,0.0,10.0,12.6,Cloudy
3477,Từ Vòng Xoay Trần Phú đến ĐHSP,2025-07-25 16:48:00,100,FRC4,29,29,198,198,1,False,10.760458845955434,106.6815638986815,0.0,10.0,12.6,Cloudy
3478,Từ Vòng Xoay Trần Phú đến ĐHSP,2025-07-25 16:48:00,0,FRC4,29,29,198,198,1,False,10.760883668675298,106.6826449653469,0.0,10.0,12.6,Cloudy
3479,Từ Ngã Sáu Cộng Hòa đến An Dương Vương,2025-07-25 17:13:00,500,FRC3,33,33,760,760,1,False,10.765163027177051,106.68176325830919,0.02,10.0,10.8,Patchy rain nearby
3480,Từ Ngã Sáu Cộng Hòa đến An Dương Vương,2025-07-25 17:13:00,400,FRC3,33,33,760,760,1,False,10.764283334954333,106.68210132878986,0.02,10.0,10.8,Patchy rain nearby
3481,Từ Ngã Sáu Cộng Hòa đến An Dương Vương,2025-07-25 17:13:00,300,FRC3,33,33,760,760,1,False,10.763480856227291,106.68240386571111,0.02,10.0,10.8,Patchy rain nearby
3482,Từ Ngã Sáu Cộng Hòa đến An Dương Vương,2025-07-25 17:13:00,200,FRC3,33,33,760,760,1,False,10.762642918836454,106.6827364596283,0.02,10.0,10.8,Patchy rain nearby
3483,Từ Ngã Sáu Cộng Hòa đến An Dương Vương,2025-07-25 17:13:00,100,FRC3,33,33,760,760,1,False,10.7619261906941,106.68302613820323,0.02,10.0,10.8,Patchy rain nearby
3484,Từ Ngã Sáu Cộng Hòa đến An Dương Vương,2025-07-25 17:13:00,0,FRC3,33,33,760,760,1,False,10.761156760056346,106.68331581677815,0.02,10.0,10.8,Patchy rain nearby
3485,Từ Cầu Nguyễn Văn Cừ đến An Dương Vương,2025-07-25 17:13:00,700,FRC2,35,35,454,454,1,False,10.755556817425111,106.68578400873503,0.02,10.0,10.8,Patchy rain nearby
3486,Từ Cầu Nguyễn Văn Cừ đến An Dương Vương,2025-07-25 17:13:00,600,FRC2,35,35,454,454,1,False,10.756358876280022,106.6853232069683,0.02,10.0,10.8,Patchy rain nearby
3487,Từ Cầu Nguyễn Văn Cừ đến An Dương Vương,2025-07-25 17:13:00,500,FRC2,35,35,454,454,1,False,10.757138847709548,106.684944289696,0.02,10.0,10.8,Patchy rain nearby
3488,Từ Cầu Nguyễn Văn Cừ đến An Dương Vương,2025-07-25 17:13:00,400,FRC2,35,35,454,454,1,False,10.757963133528543,106.68463303622572,0.02,10.0,10.8,Patchy rain nearby
3489,Từ Cầu Nguyễn Văn Cừ đến An Dương Vương,2025-07-25 17:13:00,300,FRC2,35,35,454,454,1,False,10.758623446871004,106.68435335919212,0.02,10.0,10.8,Patchy rain nearby
3490,Từ Cầu Nguyễn Văn Cừ đến An Dương Vương,2025-07-25 17:13:00,200,FRC6,27,27,628,628,1,False,10.759478749919925,106.68406917123804,0.02,10.0,10.8,Patchy rain nearby
3491,Từ Cầu Nguyễn Văn Cừ đến An Dương Vương,2025-07-25 17:13:00,100,FRC2,35,35,454,454,1,False,10.760311892549737,106.68371280856688,0.02,10.0,10.8,Patchy rain nearby
3492,Từ Cầu Nguyễn Văn Cừ đến An Dương Vương,2025-07-25 17:13:00,0,FRC2,35,35,454,454,1,False,10.761189348756318,106.68340155509297,0.02,10.0,10.8,Patchy rain nearby
3493,Từ Vòng Xoay Trần Phú đến ĐHSP,2025-07-25 17:13:00,1000,FRC4,29,29,198,198,1,False,10.757533515349062,106.67414436746735,0.02,10.0,10.8,Patchy rain nearby
3494,Từ Vòng Xoay Trần Phú đến ĐHSP,2025-07-25 17:13:00,900,FRC4,29,29,198,198,1,False,10.757824186413304,106.67502060044893,0.02,10.0,10.8,Patchy rain nearby
3495,Từ Vòng Xoay Trần Phú đến ĐHSP,2025-07-25 17:13:00,800,FRC4,29,29,198,198,1,False,10.758126036834728,106.67584372840122,0.02,10.0,10.8,Patchy rain nearby
3496,Từ Vòng Xoay Trần Phú đến ĐHSP,2025-07-25 17:13:00,700,FRC4,29,29,198,198,1,False,10.758483785091158,106.67667444278729,0.02,10.0,10.8,Patchy rain nearby
3497,Từ Vòng Xoay Trần Phú đến ĐHSP,2025-07-25 17:13:00,600,FRC4,29,29,198,198,1,False,10.758740916389923,106.67733446243443,0.02,10.0,10.8,Patchy rain nearby
3498,Từ Vòng Xoay Trần Phú đến ĐHSP,2025-07-25 17:13:00,500,FRC4,28,28,207,207,1,False,10.759121023128003,106.67817276325134,0.02,10.0,10.8,Patchy rain nearby
3499,Từ Vòng Xoay Trần Phú đến ĐHSP,2025-07-25 17:13:00,400,FRC4,28,28,207,207,1,False,10.759445231432741,106.6790186505005,0.02,10.0,10.8,Patchy rain nearby
3500,Từ Vòng Xoay Trần Phú đến ĐHSP,2025-07-25 17:13:00,300,FRC4,28,28,207,207,1,False,10.759784345493584,106.67986453775157,0.02,10.0,10.8,Patchy rain nearby
3501,Từ Vòng Xoay Trần Phú đến ĐHSP,2025-07-25 17:13:00,200,FRC4,28,28,207,207,1,False,10.76013091221701,106.68072559786684,0.02,10.0,10.8,Patchy rain nearby
3502,Từ Vòng Xoay Trần Phú đến ĐHSP,2025-07-25 17:13:00,100,FRC4,29,29,198,198,1,False,10.760458845955434,106.6815638986815,0.02,10.0,10.8,Patchy rain nearby
3503,Từ Vòng Xoay Trần Phú đến ĐHSP,2025-07-25 17:13:00,0,FRC4,29,29,198,198,1,False,10.760883668675298,106.6826449653469,0.02,10.0,10.8,Patchy rain nearby
3504,Từ Ngã Sáu Cộng Hòa đến An Dương Vương,2025-07-25 17:37:00,500,FRC3,33,33,760,760,1,False,10.765163027177051,106.68176325830919,0.02,10.0,10.8,Patchy rain nearby
3505,Từ Ngã Sáu Cộng Hòa đến An Dương Vương,2025-07-25 17:37:00,400,FRC3,33,33,760,760,1,False,10.764283334954333,106.68210132878986,0.02,10.0,10.8,Patchy rain nearby
3506,Từ Ngã Sáu Cộng Hòa đến An Dương Vương,2025-07-25 17:37:00,300,FRC3,33,33,760,760,1,False,10.763480856227291,106.68240386571111,0.02,10.0,10.8,Patchy rain nearby
3507,Từ Ngã Sáu Cộng Hòa đến An Dương Vương,2025-07-25 17:37:00,200,FRC3,33,33,760,760,1,False,10.762642918836454,106.6827364596283,0.02,10.0,10.8,Patchy rain nearby
3508,Từ Ngã Sáu Cộng Hòa đến An Dương Vương,2025-07-25 17:37:00,100,FRC3,33,33,760,760,1,False,10.7619261906941,106.68302613820323,0.02,10.0,10.8,Patchy rain nearby
3509,Từ Ngã Sáu Cộng Hòa đến An Dương Vương,2025-07-25 17:37:00,0,FRC3,33,33,760,760,1,False,10.761156760056346,106.68331581677815,0.02,10.0,10.8,Patchy rain nearby
3510,Từ Cầu Nguyễn Văn Cừ đến An Dương Vương,2025-07-25 17:37:00,700,FRC2,35,35,454,454,1,False,10.755556817425111,106.68578400873503,0.02,10.0,10.8,Patchy rain nearby
3511,Từ Cầu Nguyễn Văn Cừ đến An Dương Vương,2025-07-25 17:37:00,600,FRC2,35,35,454,454,1,False,10.756358876280022,106.6853232069683,0.02,10.0,10.8,Patchy rain nearby
3512,Từ Cầu Nguyễn Văn Cừ đến An Dương Vương,2025-07-25 17:37:00,500,FRC2,35,35,454,454,1,False,10.757138847709548,106.684944289696,0.02,10.0,10.8,Patchy rain nearby
3513,Từ Cầu Nguyễn Văn Cừ đến An Dương Vương,2025-07-25 17:37:00,400,FRC2,35,35,454,454,1,False,10.757963133528543,106.68463303622572,0.02,10.0,10.8,Patchy rain nearby
3514,Từ Cầu Nguyễn Văn Cừ đến An Dương Vương,2025-07-25 17:37:00,300,FRC2,35,35,454,454,1,False,10.758623446871004,106.68435335919212,0.02,10.0,10.8,Patchy rain nearby
3515,Từ Cầu Nguyễn Văn Cừ đến An Dương Vương,2025-07-25 17:37:00,200,FRC6,27,27,628,628,1,False,10.759478749919925,106.68406917123804,0.02,10.0,10.8,Patchy rain nearby
3516,Từ Cầu Nguyễn Văn Cừ đến An Dương Vương,2025-07-25 17:37:00,100,FRC2,35,35,454,454,1,False,10.760311892549737,106.68371280856688,0.02,10.0,10.8,Patchy rain nearby
3517,Từ Cầu Nguyễn Văn Cừ đến An Dương Vương,2025-07-25 17:37:00,0,FRC2,35,35,454,454,1,False,10.761189348756318,106.68340155509297,0.02,10.0,10.8,Patchy rain nearby
3518,Từ Vòng Xoay Trần Phú đến ĐHSP,2025-07-25 17:37:00,1000,FRC4,29,29,198,198,1,False,10.757533515349062,106.67414436746735,0.02,10.0,10.8,Patchy rain nearby
3519,Từ Vòng Xoay Trần Phú đến ĐHSP,2025-07-25 17:37:00,900,FRC4,29,29,198,198,1,False,10.757824186413304,106.67502060044893,0.02,10.0,10.8,Patchy rain nearby
3520,Từ Vòng Xoay Trần Phú đến ĐHSP,2025-07-25 17:37:00,800,FRC4,29,29,198,198,1,False,10.758126036834728,106.67584372840122,0.02,10.0,10.8,Patchy rain nearby
3521,Từ Vòng Xoay Trần Phú đến ĐHSP,2025-07-25 17:37:00,700,FRC4,29,29,198,198,1,False,10.758483785091158,106.67667444278729,0.02,10.0,10.8,Patchy rain nearby
3522,Từ Vòng Xoay Trần Phú đến ĐHSP,2025-07-25 17:37:00,600,FRC4,29,29,198,198,1,False,10.758740916389923,106.67733446243443,0.02,10.0,10.8,Patchy rain nearby
3523,Từ Vòng Xoay Trần Phú đến ĐHSP,2025-07-25 17:37:00,500,FRC4,28,28,207,207,1,False,10.759121023128003,106.67817276325134,0.02,10.0,10.8,Patchy rain nearby
3524,Từ Vòng Xoay Trần Phú đến ĐHSP,2025-07-25 17:37:00,400,FRC4,28,28,207,207,1,False,10.759445231432741,106.6790186505005,0.02,10.0,10.8,Patchy rain nearby
3525,Từ Vòng Xoay Trần Phú đến ĐHSP,2025-07-25 17:37:00,300,FRC4,28,28,207,207,1,False,10.759784345493584,106.67986453775157,0.02,10.0,10.8,Patchy rain nearby
3526,Từ Vòng Xoay Trần Phú đến ĐHSP,2025-07-25 17:37:00,200,FRC4,28,28,207,207,1,False,10.76013091221701,106.68072559786684,0.02,10.0,10.8,Patchy rain nearby
3527,Từ Vòng Xoay Trần Phú đến ĐHSP,2025-07-25 17:37:00,100,FRC4,29,29,198,198,1,False,10.760458845955434,106.6815638986815,0.02,10.0,10.8,Patchy rain nearby
3528,Từ Vòng Xoay Trần Phú đến ĐHSP,2025-07-25 17:37:00,0,FRC4,29,29,198,198,1,False,10.760883668675298,106.6826449653469,0.02,10.0,10.8,Patchy rain nearby
3529,Từ Ngã Sáu Cộng Hòa đến An Dương Vương,2025-07-25 17:51:00,500,FRC3,33,33,760,760,1,False,10.765163027177051,106.68176325830919,0.02,10.0,10.8,Patchy rain nearby
3530,Từ Ngã Sáu Cộng Hòa đến An Dương Vương,2025-07-25 17:51:00,400,FRC3,33,33,760,760,1,False,10.764283334954333,106.68210132878986,0.02,10.0,10.8,Patchy rain nearby
3531,Từ Ngã Sáu Cộng Hòa đến An Dương Vương,2025-07-25 17:51:00,300,FRC3,33,33,760,760,1,False,10.763480856227291,106.68240386571111,0.02,10.0,10.8,Patchy rain nearby
3532,Từ Ngã Sáu Cộng Hòa đến An Dương Vương,2025-07-25 17:51:00,200,FRC3,33,33,760,760,1,False,10.762642918836454,106.6827364596283,0.02,10.0,10.8,Patchy rain nearby
3533,Từ Ngã Sáu Cộng Hòa đến An Dương Vương,2025-07-25 17:51:00,100,FRC3,33,33,760,760,1,False,10.7619261906941,106.68302613820323,0.02,10.0,10.8,Patchy rain nearby
3534,Từ Ngã Sáu Cộng Hòa đến An Dương Vương,2025-07-25 17:51:00,0,FRC3,33,33,760,760,1,False,10.761156760056346,106.68331581677815,0.02,10.0,10.8,Patchy rain nearby
3535,Từ Cầu Nguyễn Văn Cừ đến An Dương Vương,2025-07-25 17:51:00,700,FRC2,35,35,454,454,1,False,10.755556817425111,106.68578400873503,0.02,10.0,10.8,Patchy rain nearby
3536,Từ Cầu Nguyễn Văn Cừ đến An Dương Vương,2025-07-25 17:51:00,600,FRC2,35,35,454,454,1,False,10.756358876280022,106.6853232069683,0.02,10.0,10.8,Patchy rain nearby
3537,Từ Cầu Nguyễn Văn Cừ đến An Dương Vương,2025-07-25 17:51:00,500,FRC2,35,35,454,454,1,False,10.757138847709548,106.684944289696,0.02,10.0,10.8,Patchy rain nearby
3538,Từ Cầu Nguyễn Văn Cừ đến An Dương Vương,2025-07-25 17:51:00,400,FRC2,35,35,454,454,1,False,10.757963133528543,106.68463303622572,0.02,10.0,10.8,Patchy rain nearby
3539,Từ Cầu Nguyễn Văn Cừ đến An Dương Vương,2025-07-25 17:51:00,300,FRC2,35,35,454,454,1,False,10.758623446871004,106.68435335919212,0.02,10.0,10.8,Patchy rain nearby
3540,Từ Cầu Nguyễn Văn Cừ đến An Dương Vương,2025-07-25 17:51:00,200,FRC6,27,27,628,628,1,False,10.759478749919925,106.68406917123804,0.02,10.0,10.8,Patchy rain nearby
3541,Từ Cầu Nguyễn Văn Cừ đến An Dương Vương,2025-07-25 17:51:00,100,FRC2,35,35,454,454,1,False,10.760311892549737,106.68371280856688,0.02,10.0,10.8,Patchy rain nearby
3542,Từ Cầu Nguyễn Văn Cừ đến An Dương Vương,2025-07-25 17:51:00,0,FRC2,35,35,454,454,1,False,10.761189348756318,106.68340155509297,0.02,10.0,10.8,Patchy rain nearby
3543,Từ Vòng Xoay Trần Phú đến ĐHSP,2025-07-25 17:51:00,1000,FRC4,29,29,198,198,1,False,10.757533515349062,106.67414436746735,0.02,10.0,10.8,Patchy rain nearby
3544,Từ Vòng Xoay Trần Phú đến ĐHSP,2025-07-25 17:51:00,900,FRC4,29,29,198,198,1,False,10.757824186413304,106.67502060044893,0.02,10.0,10.8,Patchy rain nearby
3545,Từ Vòng Xoay Trần Phú đến ĐHSP,2025-07-25 17:51:00,800,FRC4,29,29,198,198,1,False,10.758126036834728,106.67584372840122,0.02,10.0,10.8,Patchy rain nearby
3546,Từ Vòng Xoay Trần Phú đến ĐHSP,2025-07-25 17:51:00,700,FRC4,29,29,198,198,1,False,10.758483785091158,106.67667444278729,0.02,10.0,10.8,Patchy rain nearby
3547,Từ Vòng Xoay Trần Phú đến ĐHSP,2025-07-25 17:51:00,600,FRC4,29,29,198,198,1,False,10.758740916389923,106.67733446243443,0.02,10.0,10.8,Patchy rain nearby
3548,Từ Vòng Xoay Trần Phú đến ĐHSP,2025-07-25 17:51:00,500,FRC4,28,28,207,207,1,False,10.759121023128003,106.67817276325134,0.02,10.0,10.8,Patchy rain nearby
3549,Từ Vòng Xoay Trần Phú đến ĐHSP,2025-07-25 17:51:00,400,FRC4,28,28,207,207,1,False,10.759445231432741,106.6790186505005,0.02,10.0,10.8,Patchy rain nearby
3550,Từ Vòng Xoay Trần Phú đến ĐHSP,2025-07-25 17:51:00,300,FRC4,28,28,207,207,1,False,10.759784345493584,106.67986453775157,0.02,10.0,10.8,Patchy rain nearby
3551,Từ Vòng Xoay Trần Phú đến ĐHSP,2025-07-25 17:51:00,200,FRC4,28,28,207,207,1,False,10.76013091221701,106.68072559786684,0.02,10.0,10.8,Patchy rain nearby
3552,Từ Vòng Xoay Trần Phú đến ĐHSP,2025-07-25 17:51:00,100,FRC4,29,29,198,198,1,False,10.760458845955434,106.6815638986815,0.02,10.0,10.8,Patchy rain nearby
3553,Từ Vòng Xoay Trần Phú đến ĐHSP,2025-07-25 17:51:00,0,FRC4,29,29,198,198,1,False,10.760883668675298,106.6826449653469,0.02,10.0,10.8,Patchy rain nearby
3554,Từ Ngã Sáu Cộng Hòa đến An Dương Vương,2025-07-26 06:22:00,500,FRC3,22,33,1141,760,1,False,10.765163027177051,106.68176325830919,0.0,10.0,24.5,Partly cloudy
3555,Từ Ngã Sáu Cộng Hòa đến An Dương Vương,2025-07-26 06:22:00,400,FRC3,22,33,1141,760,1,False,10.764283334954333,106.68210132878986,0.0,10.0,24.5,Partly cloudy
3556,Từ Ngã Sáu Cộng Hòa đến An Dương Vương,2025-07-26 06:22:00,300,FRC3,22,33,1141,760,1,False,10.763480856227291,106.68240386571111,0.0,10.0,24.5,Partly cloudy
3557,Từ Ngã Sáu Cộng Hòa đến An Dương Vương,2025-07-26 06:22:00,200,FRC3,22,33,1141,760,1,False,10.762642918836454,106.6827364596283,0.0,10.0,24.5,Partly cloudy
3558,Từ Ngã Sáu Cộng Hòa đến An Dương Vương,2025-07-26 06:22:00,100,FRC3,22,33,1141,760,1,False,10.7619261906941,106.68302613820323,0.0,10.0,24.5,Partly cloudy
3559,Từ Ngã Sáu Cộng Hòa đến An Dương Vương,2025-07-26 06:22:00,0,FRC3,22,33,1141,760,1,False,10.761156760056346,106.68331581677815,0.0,10.0,24.5,Partly cloudy
3560,Từ Cầu Nguyễn Văn Cừ đến An Dương Vương,2025-07-26 06:22:00,700,FRC2,25,34,636,467,1,False,10.755556817425111,106.68578400873503,0.0,10.0,24.5,Partly cloudy
3561,Từ Cầu Nguyễn Văn Cừ đến An Dương Vương,2025-07-26 06:22:00,600,FRC2,25,34,636,467,1,False,10.756358876280022,106.6853232069683,0.0,10.0,24.5,Partly cloudy
3562,Từ Cầu Nguyễn Văn Cừ đến An Dương Vương,2025-07-26 06:22:00,500,FRC2,25,34,636,467,1,False,10.757138847709548,106.684944289696,0.0,10.0,24.5,Partly cloudy
3563,Từ Cầu Nguyễn Văn Cừ đến An Dương Vương,2025-07-26 06:22:00,400,FRC2,25,34,636,467,1,False,10.757963133528543,106.68463303622572,0.0,10.0,24.5,Partly cloudy
3564,Từ Cầu Nguyễn Văn Cừ đến An Dương Vương,2025-07-26 06:22:00,300,FRC2,25,34,636,467,1,False,10.758623446871004,106.68435335919212,0.0,10.0,24.5,Partly cloudy
3565,Từ Cầu Nguyễn Văn Cừ đến An Dương Vương,2025-07-26 06:22:00,200,FRC6,22,26,771,652,1,False,10.759478749919925,106.68406917123804,0.0,10.0,24.5,Partly cloudy
3566,Từ Cầu Nguyễn Văn Cừ đến An Dương Vương,2025-07-26 06:22:00,100,FRC2,25,34,636,467,1,False,10.760311892549737,106.68371280856688,0.0,10.0,24.5,Partly cloudy
3567,Từ Cầu Nguyễn Văn Cừ đến An Dương Vương,2025-07-26 06:22:00,0,FRC2,25,34,636,467,1,False,10.761189348756318,106.68340155509297,0.0,10.0,24.5,Partly cloudy
3568,Từ Vòng Xoay Trần Phú đến ĐHSP,2025-07-26 06:22:00,1000,FRC4,21,28,273,205,1,False,10.757533515349062,106.67414436746735,0.0,10.0,24.5,Partly cloudy
3569,Từ Vòng Xoay Trần Phú đến ĐHSP,2025-07-26 06:22:00,900,FRC4,21,28,273,205,1,False,10.757824186413304,106.67502060044893,0.0,10.0,24.5,Partly cloudy
3570,Từ Vòng Xoay Trần Phú đến ĐHSP,2025-07-26 06:22:00,800,FRC4,21,28,273,205,1,False,10.758126036834728,106.67584372840122,0.0,10.0,24.5,Partly cloudy
3571,Từ Vòng Xoay Trần Phú đến ĐHSP,2025-07-26 06:22:00,700,FRC4,21,28,273,205,1,False,10.758483785091158,106.67667444278729,0.0,10.0,24.5,Partly cloudy
3572,Từ Vòng Xoay Trần Phú đến ĐHSP,2025-07-26 06:22:00,600,FRC4,21,28,273,205,1,False,10.758740916389923,106.67733446243443,0.0,10.0,24.5,Partly cloudy
3573,Từ Vòng Xoay Trần Phú đến ĐHSP,2025-07-26 06:22:00,500,FRC4,20,28,289,207,1,False,10.759121023128003,106.67817276325134,0.0,10.0,24.5,Partly cloudy
3574,Từ Vòng Xoay Trần Phú đến ĐHSP,2025-07-26 06:22:00,400,FRC4,20,28,289,207,1,False,10.759445231432741,106.6790186505005,0.0,10.0,24.5,Partly cloudy
3575,Từ Vòng Xoay Trần Phú đến ĐHSP,2025-07-26 06:22:00,300,FRC4,20,28,289,207,1,False,10.759784345493584,106.67986453775157,0.0,10.0,24.5,Partly cloudy
3576,Từ Vòng Xoay Trần Phú đến ĐHSP,2025-07-26 06:22:00,200,FRC4,20,28,289,207,1,False,10.76013091221701,106.68072559786684,0.0,10.0,24.5,Partly cloudy
3577,Từ Vòng Xoay Trần Phú đến ĐHSP,2025-07-26 06:22:00,100,FRC4,21,28,273,205,1,False,10.760458845955434,106.6815638986815,0.0,10.0,24.5,Partly cloudy
3578,Từ Vòng Xoay Trần Phú đến ĐHSP,2025-07-26 06:22:00,0,FRC4,21,28,273,205,1,False,10.760883668675298,106.6826449653469,0.0,10.0,24.5,Partly cloudy
3579,Từ Ngã Sáu Cộng Hòa đến An Dương Vương,2025-07-26 06:51:00,500,FRC3,24,33,1046,760,1,False,10.765163027177051,106.68176325830919,0.0,10.0,24.5,Partly cloudy
3580,Từ Ngã Sáu Cộng Hòa đến An Dương Vương,2025-07-26 06:51:00,400,FRC3,24,33,1046,760,1,False,10.764283334954333,106.68210132878986,0.0,10.0,24.5,Partly cloudy
3581,Từ Ngã Sáu Cộng Hòa đến An Dương Vương,2025-07-26 06:51:00,300,FRC3,24,33,1046,760,1,False,10.763480856227291,106.68240386571111,0.0,10.0,24.5,Partly cloudy
3582,Từ Ngã Sáu Cộng Hòa đến An Dương Vương,2025-07-26 06:51:00,200,FRC3,24,33,1046,760,1,False,10.762642918836454,106.6827364596283,0.0,10.0,24.5,Partly cloudy
3583,Từ Ngã Sáu Cộng Hòa đến An Dương Vương,2025-07-26 06:51:00,100,FRC3,24,33,1046,760,1,False,10.7619261906941,106.68302613820323,0.0,10.0,24.5,Partly cloudy
3584,Từ Ngã Sáu Cộng Hòa đến An Dương Vương,2025-07-26 06:51:00,0,FRC3,24,33,1046,760,1,False,10.761156760056346,106.68331581677815,0.0,10.0,24.5,Partly cloudy
3585,Từ Cầu Nguyễn Văn Cừ đến An Dương Vương,2025-07-26 06:51:00,700,FRC2,26,34,611,467,1,False,10.755556817425111,106.68578400873503,0.0,10.0,24.5,Partly cloudy
3586,Từ Cầu Nguyễn Văn Cừ đến An Dương Vương,2025-07-26 06:51:00,600,FRC2,26,34,611,467,1,False,10.756358876280022,106.6853232069683,0.0,10.0,24.5,Partly cloudy
3587,Từ Cầu Nguyễn Văn Cừ đến An Dương Vương,2025-07-26 06:51:00,500,FRC2,26,34,611,467,1,False,10.757138847709548,106.684944289696,0.0,10.0,24.5,Partly cloudy
3588,Từ Cầu Nguyễn Văn Cừ đến An Dương Vương,2025-07-26 06:51:00,400,FRC2,26,34,611,467,1,False,10.757963133528543,106.68463303622572,0.0,10.0,24.5,Partly cloudy
3589,Từ Cầu Nguyễn Văn Cừ đến An Dương Vương,2025-07-26 06:51:00,300,FRC2,26,34,611,467,1,False,10.758623446871004,106.68435335919212,0.0,10.0,24.5,Partly cloudy
3590,Từ Cầu Nguyễn Văn Cừ đến An Dương Vương,2025-07-26 06:51:00,200,FRC6,18,26,943,652,1,False,10.759478749919925,106.68406917123804,0.0,10.0,24.5,Partly cloudy
3591,Từ Cầu Nguyễn Văn Cừ đến An Dương Vương,2025-07-26 06:51:00,100,FRC2,26,34,611,467,1,False,10.760311892549737,106.68371280856688,0.0,10.0,24.5,Partly cloudy
3592,Từ Cầu Nguyễn Văn Cừ đến An Dương Vương,2025-07-26 06:51:00,0,FRC2,26,34,611,467,1,False,10.761189348756318,106.68340155509297,0.0,10.0,24.5,Partly cloudy
3593,Từ Vòng Xoay Trần Phú đến ĐHSP,2025-07-26 06:51:00,1000,FRC4,20,28,287,205,1,False,10.757533515349062,106.67414436746735,0.0,10.0,24.5,Partly cloudy
3594,Từ Vòng Xoay Trần Phú đến ĐHSP,2025-07-26 06:51:00,900,FRC4,20,28,287,205,1,False,10.757824186413304,106.67502060044893,0.0,10.0,24.5,Partly cloudy
3595,Từ Vòng Xoay Trần Phú đến ĐHSP,2025-07-26 06:51:00,800,FRC4,20,28,287,205,1,False,10.758126036834728,106.67584372840122,0.0,10.0,24.5,Partly cloudy
3596,Từ Vòng Xoay Trần Phú đến ĐHSP,2025-07-26 06:51:00,700,FRC4,20,28,287,205,1,False,10.758483785091158,106.67667444278729,0.0,10.0,24.5,Partly cloudy
3597,Từ Vòng Xoay Trần Phú đến ĐHSP,2025-07-26 06:51:00,600,FRC4,20,28,287,205,1,False,10.758740916389923,106.67733446243443,0.0,10.0,24.5,Partly cloudy
3598,Từ Vòng Xoay Trần Phú đến ĐHSP,2025-07-26 06:51:00,500,FRC4,23,28,252,207,0.998091,False,10.759121023128003,106.67817276325134,0.0,10.0,24.5,Partly cloudy
3599,Từ Vòng Xoay Trần Phú đến ĐHSP,2025-07-26 06:51:00,400,FRC4,23,28,252,207,0.998091,False,10.759445231432741,106.6790186505005,0.0,10.0,24.5,Partly cloudy
3600,Từ Vòng Xoay Trần Phú đến ĐHSP,2025-07-26 06:51:00,300,FRC4,23,28,252,207,0.998091,False,10.759784345493584,106.67986453775157,0.0,10.0,24.5,Partly cloudy
3601,Từ Vòng Xoay Trần Phú đến ĐHSP,2025-07-26 06:51:00,200,FRC4,23,28,252,207,0.998091,False,10.76013091221701,106.68072559786684,0.0,10.0,24.5,Partly cloudy
3602,Từ Vòng Xoay Trần Phú đến ĐHSP,2025-07-26 06:51:00,100,FRC4,20,28,287,205,1,False,10.760458845955434,106.6815638986815,0.0,10.0,24.5,Partly cloudy
3603,Từ Vòng Xoay Trần Phú đến ĐHSP,2025-07-26 06:51:00,0,FRC4,20,28,287,205,1,False,10.760883668675298,106.6826449653469,0.0,10.0,24.5,Partly cloudy
3604,Từ Ngã Sáu Cộng Hòa đến An Dương Vương,2025-07-26 07:15:00,500,FRC3,23,33,1091,760,1,False,10.765163027177051,106.68176325830919,0.0,10.0,25.6,Partly cloudy
3605,Từ Ngã Sáu Cộng Hòa đến An Dương Vương,2025-07-26 07:15:00,400,FRC3,23,33,1091,760,1,False,10.764283334954333,106.68210132878986,0.0,10.0,25.6,Partly cloudy
3606,Từ Ngã Sáu Cộng Hòa đến An Dương Vương,2025-07-26 07:15:00,300,FRC3,23,33,1091,760,1,False,10.763480856227291,106.68240386571111,0.0,10.0,25.6,Partly cloudy
3607,Từ Ngã Sáu Cộng Hòa đến An Dương Vương,2025-07-26 07:15:00,200,FRC3,23,33,1091,760,1,False,10.762642918836454,106.6827364596283,0.0,10.0,25.6,Partly cloudy
3608,Từ Ngã Sáu Cộng Hòa đến An Dương Vương,2025-07-26 07:15:00,100,FRC3,23,33,1091,760,1,False,10.7619261906941,106.68302613820323,0.0,10.0,25.6,Partly cloudy
3609,Từ Ngã Sáu Cộng Hòa đến An Dương Vương,2025-07-26 07:15:00,0,FRC3,23,33,1091,760,1,False,10.761156760056346,106.68331581677815,0.0,10.0,25.6,Partly cloudy
3610,Từ Cầu Nguyễn Văn Cừ đến An Dương Vương,2025-07-26 07:15:00,700,FRC2,25,34,636,467,1,False,10.755556817425111,106.68578400873503,0.0,10.0,25.6,Partly cloudy
3611,Từ Cầu Nguyễn Văn Cừ đến An Dương Vương,2025-07-26 07:15:00,600,FRC2,25,34,636,467,1,False,10.756358876280022,106.6853232069683,0.0,10.0,25.6,Partly cloudy
3612,Từ Cầu Nguyễn Văn Cừ đến An Dương Vương,2025-07-26 07:15:00,500,FRC2,25,34,636,467,1,False,10.757138847709548,106.684944289696,0.0,10.0,25.6,Partly cloudy
3613,Từ Cầu Nguyễn Văn Cừ đến An Dương Vương,2025-07-26 07:15:00,400,FRC2,25,34,636,467,1,False,10.757963133528543,106.68463303622572,0.0,10.0,25.6,Partly cloudy
3614,Từ Cầu Nguyễn Văn Cừ đến An Dương Vương,2025-07-26 07:15:00,300,FRC2,25,34,636,467,1,False,10.758623446871004,106.68435335919212,0.0,10.0,25.6,Partly cloudy
3615,Từ Cầu Nguyễn Văn Cừ đến An Dương Vương,2025-07-26 07:15:00,200,FRC6,19,27,893,628,1,False,10.759478749919925,106.68406917123804,0.0,10.0,25.6,Partly cloudy
3616,Từ Cầu Nguyễn Văn Cừ đến An Dương Vương,2025-07-26 07:15:00,100,FRC2,25,34,636,467,1,False,10.760311892549737,106.68371280856688,0.0,10.0,25.6,Partly cloudy
3617,Từ Cầu Nguyễn Văn Cừ đến An Dương Vương,2025-07-26 07:15:00,0,FRC2,25,34,636,467,1,False,10.761189348756318,106.68340155509297,0.0,10.0,25.6,Partly cloudy
3618,Từ Vòng Xoay Trần Phú đến ĐHSP,2025-07-26 07:15:00,1000,FRC4,17,28,338,205,1,False,10.757533515349062,106.67414436746735,0.0,10.0,25.6,Partly cloudy
3619,Từ Vòng Xoay Trần Phú đến ĐHSP,2025-07-26 07:15:00,900,FRC4,17,28,338,205,1,False,10.757824186413304,106.67502060044893,0.0,10.0,25.6,Partly cloudy
3620,Từ Vòng Xoay Trần Phú đến ĐHSP,2025-07-26 07:15:00,800,FRC4,17,28,338,205,1,False,10.758126036834728,106.67584372840122,0.0,10.0,25.6,Partly cloudy
3621,Từ Vòng Xoay Trần Phú đến ĐHSP,2025-07-26 07:15:00,700,FRC4,17,28,338,205,1,False,10.758483785091158,106.67667444278729,0.0,10.0,25.6,Partly cloudy
3622,Từ Vòng Xoay Trần Phú đến ĐHSP,2025-07-26 07:15:00,600,FRC4,17,28,338,205,1,False,10.758740916389923,106.67733446243443,0.0,10.0,25.6,Partly cloudy
3623,Từ Vòng Xoay Trần Phú đến ĐHSP,2025-07-26 07:15:00,500,FRC4,20,27,289,214,1,False,10.759121023128003,106.67817276325134,0.0,10.0,25.6,Partly cloudy
3624,Từ Vòng Xoay Trần Phú đến ĐHSP,2025-07-26 07:15:00,400,FRC4,20,27,289,214,1,False,10.759445231432741,106.6790186505005,0.0,10.0,25.6,Partly cloudy
3625,Từ Vòng Xoay Trần Phú đến ĐHSP,2025-07-26 07:15:00,300,FRC4,20,27,289,214,1,False,10.759784345493584,106.67986453775157,0.0,10.0,25.6,Partly cloudy
3626,Từ Vòng Xoay Trần Phú đến ĐHSP,2025-07-26 07:15:00,200,FRC4,20,27,289,214,1,False,10.76013091221701,106.68072559786684,0.0,10.0,25.6,Partly cloudy
3627,Từ Vòng Xoay Trần Phú đến ĐHSP,2025-07-26 07:15:00,100,FRC4,17,28,338,205,1,False,10.760458845955434,106.6815638986815,0.0,10.0,25.6,Partly cloudy
3628,Từ Vòng Xoay Trần Phú đến ĐHSP,2025-07-26 07:15:00,0,FRC4,17,28,338,205,1,False,10.760883668675298,106.6826449653469,0.0,10.0,25.6,Partly cloudy
3629,Từ Ngã Sáu Cộng Hòa đến An Dương Vương,2025-07-26 07:32:00,500,FRC3,22,33,1141,760,1,False,10.765163027177051,106.68176325830919,0.0,10.0,25.6,Partly cloudy
3630,Từ Ngã Sáu Cộng Hòa đến An Dương Vương,2025-07-26 07:32:00,400,FRC3,22,33,1141,760,1,False,10.764283334954333,106.68210132878986,0.0,10.0,25.6,Partly cloudy
3631,Từ Ngã Sáu Cộng Hòa đến An Dương Vương,2025-07-26 07:32:00,300,FRC3,22,33,1141,760,1,False,10.763480856227291,106.68240386571111,0.0,10.0,25.6,Partly cloudy
3632,Từ Ngã Sáu Cộng Hòa đến An Dương Vương,2025-07-26 07:32:00,200,FRC3,22,33,1141,760,1,False,10.762642918836454,106.6827364596283,0.0,10.0,25.6,Partly cloudy
3633,Từ Ngã Sáu Cộng Hòa đến An Dương Vương,2025-07-26 07:32:00,100,FRC3,22,33,1141,760,1,False,10.7619261906941,106.68302613820323,0.0,10.0,25.6,Partly cloudy
3634,Từ Ngã Sáu Cộng Hòa đến An Dương Vương,2025-07-26 07:32:00,0,FRC3,22,33,1141,760,1,False,10.761156760056346,106.68331581677815,0.0,10.0,25.6,Partly cloudy
3635,Từ Cầu Nguyễn Văn Cừ đến An Dương Vương,2025-07-26 07:32:00,700,FRC2,25,34,636,467,1,False,10.755556817425111,106.68578400873503,0.0,10.0,25.6,Partly cloudy
3636,Từ Cầu Nguyễn Văn Cừ đến An Dương Vương,2025-07-26 07:32:00,600,FRC2,25,34,636,467,1,False,10.756358876280022,106.6853232069683,0.0,10.0,25.6,Partly cloudy
3637,Từ Cầu Nguyễn Văn Cừ đến An Dương Vương,2025-07-26 07:32:00,500,FRC2,25,34,636,467,1,False,10.757138847709548,106.684944289696,0.0,10.0,25.6,Partly cloudy
3638,Từ Cầu Nguyễn Văn Cừ đến An Dương Vương,2025-07-26 07:32:00,400,FRC2,25,34,636,467,1,False,10.757963133528543,106.68463303622572,0.0,10.0,25.6,Partly cloudy
3639,Từ Cầu Nguyễn Văn Cừ đến An Dương Vương,2025-07-26 07:32:00,300,FRC2,25,34,636,467,1,False,10.758623446871004,106.68435335919212,0.0,10.0,25.6,Partly cloudy
3640,Từ Cầu Nguyễn Văn Cừ đến An Dương Vương,2025-07-26 07:32:00,200,FRC6,20,26,848,652,1,False,10.759478749919925,106.68406917123804,0.0,10.0,25.6,Partly cloudy
3641,Từ Cầu Nguyễn Văn Cừ đến An Dương Vương,2025-07-26 07:32:00,100,FRC2,25,34,636,467,1,False,10.760311892549737,106.68371280856688,0.0,10.0,25.6,Partly cloudy
3642,Từ Cầu Nguyễn Văn Cừ đến An Dương Vương,2025-07-26 07:32:00,0,FRC2,25,34,636,467,1,False,10.761189348756318,106.68340155509297,0.0,10.0,25.6,Partly cloudy
3643,Từ Vòng Xoay Trần Phú đến ĐHSP,2025-07-26 07:32:00,1000,FRC4,23,28,249,205,1,False,10.757533515349062,106.67414436746735,0.0,10.0,25.6,Partly cloudy
3644,Từ Vòng Xoay Trần Phú đến ĐHSP,2025-07-26 07:32:00,900,FRC4,23,28,249,205,1,False,10.757824186413304,106.67502060044893,0.0,10.0,25.6,Partly cloudy
3645,Từ Vòng Xoay Trần Phú đến ĐHSP,2025-07-26 07:32:00,800,FRC4,23,28,249,205,1,False,10.758126036834728,106.67584372840122,0.0,10.0,25.6,Partly cloudy
3646,Từ Vòng Xoay Trần Phú đến ĐHSP,2025-07-26 07:32:00,700,FRC4,23,28,249,205,1,False,10.758483785091158,106.67667444278729,0.0,10.0,25.6,Partly cloudy
3647,Từ Vòng Xoay Trần Phú đến ĐHSP,2025-07-26 07:32:00,600,FRC4,23,28,249,205,1,False,10.758740916389923,106.67733446243443,0.0,10.0,25.6,Partly cloudy
3648,Từ Vòng Xoay Trần Phú đến ĐHSP,2025-07-26 07:32:00,500,FRC4,19,27,305,214,1,False,10.759121023128003,106.67817276325134,0.0,10.0,25.6,Partly cloudy
3649,Từ Vòng Xoay Trần Phú đến ĐHSP,2025-07-26 07:32:00,400,FRC4,19,27,305,214,1,False,10.759445231432741,106.6790186505005,0.0,10.0,25.6,Partly cloudy
3650,Từ Vòng Xoay Trần Phú đến ĐHSP,2025-07-26 07:32:00,300,FRC4,19,27,305,214,1,False,10.759784345493584,106.67986453775157,0.0,10.0,25.6,Partly cloudy
3651,Từ Vòng Xoay Trần Phú đến ĐHSP,2025-07-26 07:32:00,200,FRC4,19,27,305,214,1,False,10.76013091221701,106.68072559786684,0.0,10.0,25.6,Partly cloudy
3652,Từ Vòng Xoay Trần Phú đến ĐHSP,2025-07-26 07:32:00,100,FRC4,23,28,249,205,1,False,10.760458845955434,106.6815638986815,0.0,10.0,25.6,Partly cloudy
3653,Từ Vòng Xoay Trần Phú đến ĐHSP,2025-07-26 07:32:00,0,FRC4,23,28,249,205,1,False,10.760883668675298,106.6826449653469,0.0,10.0,25.6,Partly cloudy
3654,Từ Ngã Sáu Cộng Hòa đến An Dương Vương,2025-07-26 07:49:00,500,FRC3,21,32,1195,784,1,False,10.765163027177051,106.68176325830919,0.0,10.0,25.6,Partly cloudy
3655,Từ Ngã Sáu Cộng Hòa đến An Dương Vương,2025-07-26 07:49:00,400,FRC3,21,32,1195,784,1,False,10.764283334954333,106.68210132878986,0.0,10.0,25.6,Partly cloudy
3656,Từ Ngã Sáu Cộng Hòa đến An Dương Vương,2025-07-26 07:49:00,300,FRC3,21,32,1195,784,1,False,10.763480856227291,106.68240386571111,0.0,10.0,25.6,Partly cloudy
3657,Từ Ngã Sáu Cộng Hòa đến An Dương Vương,2025-07-26 07:49:00,200,FRC3,21,32,1195,784,1,False,10.762642918836454,106.6827364596283,0.0,10.0,25.6,Partly cloudy
3658,Từ Ngã Sáu Cộng Hòa đến An Dương Vương,2025-07-26 07:49:00,100,FRC3,21,32,1195,784,1,False,10.7619261906941,106.68302613820323,0.0,10.0,25.6,Partly cloudy
3659,Từ Ngã Sáu Cộng Hòa đến An Dương Vương,2025-07-26 07:49:00,0,FRC3,21,32,1195,784,1,False,10.761156760056346,106.68331581677815,0.0,10.0,25.6,Partly cloudy
3660,Từ Cầu Nguyễn Văn Cừ đến An Dương Vương,2025-07-26 07:49:00,700,FRC2,26,34,611,467,1,False,10.755556817425111,106.68578400873503,0.0,10.0,25.6,Partly cloudy
3661,Từ Cầu Nguyễn Văn Cừ đến An Dương Vương,2025-07-26 07:49:00,600,FRC2,26,34,611,467,1,False,10.756358876280022,106.6853232069683,0.0,10.0,25.6,Partly cloudy
3662,Từ Cầu Nguyễn Văn Cừ đến An Dương Vương,2025-07-26 07:49:00,500,FRC2,26,34,611,467,1,False,10.757138847709548,106.684944289696,0.0,10.0,25.6,Partly cloudy
3663,Từ Cầu Nguyễn Văn Cừ đến An Dương Vương,2025-07-26 07:49:00,400,FRC2,26,34,611,467,1,False,10.757963133528543,106.68463303622572,0.0,10.0,25.6,Partly cloudy
3664,Từ Cầu Nguyễn Văn Cừ đến An Dương Vương,2025-07-26 07:49:00,300,FRC2,26,34,611,467,1,False,10.758623446871004,106.68435335919212,0.0,10.0,25.6,Partly cloudy
3665,Từ Cầu Nguyễn Văn Cừ đến An Dương Vương,2025-07-26 07:49:00,200,FRC6,19,26,893,652,1,False,10.759478749919925,106.68406917123804,0.0,10.0,25.6,Partly cloudy
3666,Từ Cầu Nguyễn Văn Cừ đến An Dương Vương,2025-07-26 07:49:00,100,FRC2,26,34,611,467,1,False,10.760311892549737,106.68371280856688,0.0,10.0,25.6,Partly cloudy
3667,Từ Cầu Nguyễn Văn Cừ đến An Dương Vương,2025-07-26 07:49:00,0,FRC2,26,34,611,467,1,False,10.761189348756318,106.68340155509297,0.0,10.0,25.6,Partly cloudy
3668,Từ Vòng Xoay Trần Phú đến ĐHSP,2025-07-26 07:49:00,1000,FRC4,29,29,198,198,1,False,10.757533515349062,106.67414436746735,0.0,10.0,25.6,Partly cloudy
3669,Từ Vòng Xoay Trần Phú đến ĐHSP,2025-07-26 07:49:00,900,FRC4,29,29,198,198,1,False,10.757824186413304,106.67502060044893,0.0,10.0,25.6,Partly cloudy
3670,Từ Vòng Xoay Trần Phú đến ĐHSP,2025-07-26 07:49:00,800,FRC4,29,29,198,198,1,False,10.758126036834728,106.67584372840122,0.0,10.0,25.6,Partly cloudy
3671,Từ Vòng Xoay Trần Phú đến ĐHSP,2025-07-26 07:49:00,700,FRC4,29,29,198,198,1,False,10.758483785091158,106.67667444278729,0.0,10.0,25.6,Partly cloudy
3672,Từ Vòng Xoay Trần Phú đến ĐHSP,2025-07-26 07:49:00,600,FRC4,29,29,198,198,1,False,10.758740916389923,106.67733446243443,0.0,10.0,25.6,Partly cloudy
3673,Từ Vòng Xoay Trần Phú đến ĐHSP,2025-07-26 07:49:00,500,FRC4,22,28,263,207,0.998091,False,10.759121023128003,106.67817276325134,0.0,10.0,25.6,Partly cloudy
3674,Từ Vòng Xoay Trần Phú đến ĐHSP,2025-07-26 07:49:00,400,FRC4,22,28,263,207,0.998091,False,10.759445231432741,106.6790186505005,0.0,10.0,25.6,Partly cloudy
3675,Từ Vòng Xoay Trần Phú đến ĐHSP,2025-07-26 07:49:00,300,FRC4,22,28,263,207,0.998091,False,10.759784345493584,106.67986453775157,0.0,10.0,25.6,Partly cloudy
3676,Từ Vòng Xoay Trần Phú đến ĐHSP,2025-07-26 07:49:00,200,FRC4,22,28,263,207,0.998091,False,10.76013091221701,106.68072559786684,0.0,10.0,25.6,Partly cloudy
3677,Từ Vòng Xoay Trần Phú đến ĐHSP,2025-07-26 07:49:00,100,FRC4,29,29,198,198,1,False,10.760458845955434,106.6815638986815,0.0,10.0,25.6,Partly cloudy
3678,Từ Vòng Xoay Trần Phú đến ĐHSP,2025-07-26 07:49:00,0,FRC4,29,29,198,198,1,False,10.760883668675298,106.6826449653469,0.0,10.0,25.6,Partly cloudy
3679,Từ Ngã Sáu Cộng Hòa đến An Dương Vương,2025-07-26 08:19:00,500,FRC3,20,33,1255,760,1,False,10.765163027177051,106.68176325830919,0.0,10.0,26.3,Partly cloudy
3680,Từ Ngã Sáu Cộng Hòa đến An Dương Vương,2025-07-26 08:19:00,400,FRC3,20,33,1255,760,1,False,10.764283334954333,106.68210132878986,0.0,10.0,26.3,Partly cloudy
3681,Từ Ngã Sáu Cộng Hòa đến An Dương Vương,2025-07-26 08:19:00,300,FRC3,20,33,1255,760,1,False,10.763480856227291,106.68240386571111,0.0,10.0,26.3,Partly cloudy
3682,Từ Ngã Sáu Cộng Hòa đến An Dương Vương,2025-07-26 08:19:00,200,FRC3,20,33,1255,760,1,False,10.762642918836454,106.6827364596283,0.0,10.0,26.3,Partly cloudy
3683,Từ Ngã Sáu Cộng Hòa đến An Dương Vương,2025-07-26 08:19:00,100,FRC3,20,33,1255,760,1,False,10.7619261906941,106.68302613820323,0.0,10.0,26.3,Partly cloudy
3684,Từ Ngã Sáu Cộng Hòa đến An Dương Vương,2025-07-26 08:19:00,0,FRC3,20,33,1255,760,1,False,10.761156760056346,106.68331581677815,0.0,10.0,26.3,Partly cloudy
3685,Từ Cầu Nguyễn Văn Cừ đến An Dương Vương,2025-07-26 08:19:00,700,FRC2,25,34,636,467,1,False,10.755556817425111,106.68578400873503,0.0,10.0,26.3,Partly cloudy
3686,Từ Cầu Nguyễn Văn Cừ đến An Dương Vương,2025-07-26 08:19:00,600,FRC2,25,34,636,467,1,False,10.756358876280022,106.6853232069683,0.0,10.0,26.3,Partly cloudy
3687,Từ Cầu Nguyễn Văn Cừ đến An Dương Vương,2025-07-26 08:19:00,500,FRC2,25,34,636,467,1,False,10.757138847709548,106.684944289696,0.0,10.0,26.3,Partly cloudy
3688,Từ Cầu Nguyễn Văn Cừ đến An Dương Vương,2025-07-26 08:19:00,400,FRC2,25,34,636,467,1,False,10.757963133528543,106.68463303622572,0.0,10.0,26.3,Partly cloudy
3689,Từ Cầu Nguyễn Văn Cừ đến An Dương Vương,2025-07-26 08:19:00,300,FRC2,25,34,636,467,1,False,10.758623446871004,106.68435335919212,0.0,10.0,26.3,Partly cloudy
3690,Từ Cầu Nguyễn Văn Cừ đến An Dương Vương,2025-07-26 08:19:00,200,FRC6,18,26,943,652,1,False,10.759478749919925,106.68406917123804,0.0,10.0,26.3,Partly cloudy
3691,Từ Cầu Nguyễn Văn Cừ đến An Dương Vương,2025-07-26 08:19:00,100,FRC2,25,34,636,467,1,False,10.760311892549737,106.68371280856688,0.0,10.0,26.3,Partly cloudy
3692,Từ Cầu Nguyễn Văn Cừ đến An Dương Vương,2025-07-26 08:19:00,0,FRC2,25,34,636,467,1,False,10.761189348756318,106.68340155509297,0.0,10.0,26.3,Partly cloudy
3693,Từ Vòng Xoay Trần Phú đến ĐHSP,2025-07-26 08:19:00,1000,FRC4,21,28,273,205,1,False,10.757533515349062,106.67414436746735,0.0,10.0,26.3,Partly cloudy
3694,Từ Vòng Xoay Trần Phú đến ĐHSP,2025-07-26 08:19:00,900,FRC4,21,28,273,205,1,False,10.757824186413304,106.67502060044893,0.0,10.0,26.3,Partly cloudy
3695,Từ Vòng Xoay Trần Phú đến ĐHSP,2025-07-26 08:19:00,800,FRC4,21,28,273,205,1,False,10.758126036834728,106.67584372840122,0.0,10.0,26.3,Partly cloudy
3696,Từ Vòng Xoay Trần Phú đến ĐHSP,2025-07-26 08:19:00,700,FRC4,22,28,261,205,1,False,10.758483785091158,106.67667444278729,0.0,10.0,26.3,Partly cloudy
3697,Từ Vòng Xoay Trần Phú đến ĐHSP,2025-07-26 08:19:00,600,FRC4,22,28,261,205,1,False,10.758740916389923,106.67733446243443,0.0,10.0,26.3,Partly cloudy
3698,Từ Vòng Xoay Trần Phú đến ĐHSP,2025-07-26 08:19:00,500,FRC4,19,28,305,207,0.996775,False,10.759121023128003,106.67817276325134,0.0,10.0,26.3,Partly cloudy
3699,Từ Vòng Xoay Trần Phú đến ĐHSP,2025-07-26 08:19:00,400,FRC4,19,28,305,207,0.996775,False,10.759445231432741,106.6790186505005,0.0,10.0,26.3,Partly cloudy
3700,Từ Vòng Xoay Trần Phú đến ĐHSP,2025-07-26 08:19:00,300,FRC4,19,28,305,207,0.996775,False,10.759784345493584,106.67986453775157,0.0,10.0,26.3,Partly cloudy
3701,Từ Vòng Xoay Trần Phú đến ĐHSP,2025-07-26 08:19:00,200,FRC4,19,28,305,207,0.996775,False,10.76013091221701,106.68072559786684,0.0,10.0,26.3,Partly cloudy
3702,Từ Vòng Xoay Trần Phú đến ĐHSP,2025-07-26 08:19:00,100,FRC4,22,28,261,205,1,False,10.760458845955434,106.6815638986815,0.0,10.0,26.3,Partly cloudy
3703,Từ Vòng Xoay Trần Phú đến ĐHSP,2025-07-26 08:19:00,0,FRC4,22,28,261,205,1,False,10.760883668675298,106.6826449653469,0.0,10.0,26.3,Partly cloudy
3704,Từ Ngã Sáu Cộng Hòa đến An Dương Vương,2025-07-26 08:46:00,500,FRC3,23,33,1091,760,1,False,10.765163027177051,106.68176325830919,0.0,10.0,26.3,Partly cloudy
3705,Từ Ngã Sáu Cộng Hòa đến An Dương Vương,2025-07-26 08:46:00,400,FRC3,23,33,1091,760,1,False,10.764283334954333,106.68210132878986,0.0,10.0,26.3,Partly cloudy
3706,Từ Ngã Sáu Cộng Hòa đến An Dương Vương,2025-07-26 08:46:00,300,FRC3,23,33,1091,760,1,False,10.763480856227291,106.68240386571111,0.0,10.0,26.3,Partly cloudy
3707,Từ Ngã Sáu Cộng Hòa đến An Dương Vương,2025-07-26 08:46:00,200,FRC3,23,33,1091,760,1,False,10.762642918836454,106.6827364596283,0.0,10.0,26.3,Partly cloudy
3708,Từ Ngã Sáu Cộng Hòa đến An Dương Vương,2025-07-26 08:46:00,100,FRC3,23,33,1091,760,1,False,10.7619261906941,106.68302613820323,0.0,10.0,26.3,Partly cloudy
3709,Từ Ngã Sáu Cộng Hòa đến An Dương Vương,2025-07-26 08:46:00,0,FRC3,23,33,1091,760,1,False,10.761156760056346,106.68331581677815,0.0,10.0,26.3,Partly cloudy
3710,Từ Cầu Nguyễn Văn Cừ đến An Dương Vương,2025-07-26 08:46:00,700,FRC2,26,34,611,467,1,False,10.755556817425111,106.68578400873503,0.0,10.0,26.3,Partly cloudy
3711,Từ Cầu Nguyễn Văn Cừ đến An Dương Vương,2025-07-26 08:46:00,600,FRC2,26,34,611,467,1,False,10.756358876280022,106.6853232069683,0.0,10.0,26.3,Partly cloudy
3712,Từ Cầu Nguyễn Văn Cừ đến An Dương Vương,2025-07-26 08:46:00,500,FRC2,26,34,611,467,1,False,10.757138847709548,106.684944289696,0.0,10.0,26.3,Partly cloudy
3713,Từ Cầu Nguyễn Văn Cừ đến An Dương Vương,2025-07-26 08:46:00,400,FRC2,26,34,611,467,1,False,10.757963133528543,106.68463303622572,0.0,10.0,26.3,Partly cloudy
3714,Từ Cầu Nguyễn Văn Cừ đến An Dương Vương,2025-07-26 08:46:00,300,FRC2,26,34,611,467,1,False,10.758623446871004,106.68435335919212,0.0,10.0,26.3,Partly cloudy
3715,Từ Cầu Nguyễn Văn Cừ đến An Dương Vương,2025-07-26 08:46:00,200,FRC6,20,26,848,652,1,False,10.759478749919925,106.68406917123804,0.0,10.0,26.3,Partly cloudy
3716,Từ Cầu Nguyễn Văn Cừ đến An Dương Vương,2025-07-26 08:46:00,100,FRC2,26,34,611,467,1,False,10.760311892549737,106.68371280856688,0.0,10.0,26.3,Partly cloudy
3717,Từ Cầu Nguyễn Văn Cừ đến An Dương Vương,2025-07-26 08:46:00,0,FRC2,26,34,611,467,1,False,10.761189348756318,106.68340155509297,0.0,10.0,26.3,Partly cloudy
3718,Từ Vòng Xoay Trần Phú đến ĐHSP,2025-07-26 08:46:00,1000,FRC4,22,28,261,205,1,False,10.757533515349062,106.67414436746735,0.0,10.0,26.3,Partly cloudy
3719,Từ Vòng Xoay Trần Phú đến ĐHSP,2025-07-26 08:46:00,900,FRC4,22,28,261,205,1,False,10.757824186413304,106.67502060044893,0.0,10.0,26.3,Partly cloudy
3720,Từ Vòng Xoay Trần Phú đến ĐHSP,2025-07-26 08:46:00,800,FRC4,22,28,261,205,1,False,10.758126036834728,106.67584372840122,0.0,10.0,26.3,Partly cloudy
3721,Từ Vòng Xoay Trần Phú đến ĐHSP,2025-07-26 08:46:00,700,FRC4,22,28,261,205,1,False,10.758483785091158,106.67667444278729,0.0,10.0,26.3,Partly cloudy
3722,Từ Vòng Xoay Trần Phú đến ĐHSP,2025-07-26 08:46:00,600,FRC4,22,28,261,205,1,False,10.758740916389923,106.67733446243443,0.0,10.0,26.3,Partly cloudy
3723,Từ Vòng Xoay Trần Phú đến ĐHSP,2025-07-26 08:46:00,500,FRC4,20,27,289,214,1,False,10.759121023128003,106.67817276325134,0.0,10.0,26.3,Partly cloudy
3724,Từ Vòng Xoay Trần Phú đến ĐHSP,2025-07-26 08:46:00,400,FRC4,20,27,289,214,1,False,10.759445231432741,106.6790186505005,0.0,10.0,26.3,Partly cloudy
3725,Từ Vòng Xoay Trần Phú đến ĐHSP,2025-07-26 08:46:00,300,FRC4,20,27,289,214,1,False,10.759784345493584,106.67986453775157,0.0,10.0,26.3,Partly cloudy
3726,Từ Vòng Xoay Trần Phú đến ĐHSP,2025-07-26 08:46:00,200,FRC4,20,27,289,214,1,False,10.76013091221701,106.68072559786684,0.0,10.0,26.3,Partly cloudy
3727,Từ Vòng Xoay Trần Phú đến ĐHSP,2025-07-26 08:46:00,100,FRC4,22,28,261,205,1,False,10.760458845955434,106.6815638986815,0.0,10.0,26.3,Partly cloudy
3728,Từ Vòng Xoay Trần Phú đến ĐHSP,2025-07-26 08:46:00,0,FRC4,22,28,261,205,1,False,10.760883668675298,106.6826449653469,0.0,10.0,26.3,Partly cloudy
3729,Từ Ngã Sáu Cộng Hòa đến An Dương Vương,2025-07-26 11:16:00,500,FRC3,19,33,1321,760,1,False,10.765163027177051,106.68176325830919,0.0,10.0,22.3,Moderate rain
3730,Từ Ngã Sáu Cộng Hòa đến An Dương Vương,2025-07-26 11:16:00,400,FRC3,19,33,1321,760,1,False,10.764283334954333,106.68210132878986,0.0,10.0,22.3,Moderate rain
3731,Từ Ngã Sáu Cộng Hòa đến An Dương Vương,2025-07-26 11:16:00,300,FRC3,19,33,1321,760,1,False,10.763480856227291,106.68240386571111,0.0,10.0,22.3,Moderate rain
3732,Từ Ngã Sáu Cộng Hòa đến An Dương Vương,2025-07-26 11:16:00,200,FRC3,19,33,1321,760,1,False,10.762642918836454,106.6827364596283,0.0,10.0,22.3,Moderate rain
3733,Từ Ngã Sáu Cộng Hòa đến An Dương Vương,2025-07-26 11:16:00,100,FRC3,19,33,1321,760,1,False,10.7619261906941,106.68302613820323,0.0,10.0,22.3,Moderate rain
3734,Từ Ngã Sáu Cộng Hòa đến An Dương Vương,2025-07-26 11:16:00,0,FRC3,19,33,1321,760,1,False,10.761156760056346,106.68331581677815,0.0,10.0,22.3,Moderate rain
3735,Từ Cầu Nguyễn Văn Cừ đến An Dương Vương,2025-07-26 11:16:00,700,FRC2,22,34,722,467,1,False,10.755556817425111,106.68578400873503,0.0,10.0,22.3,Moderate rain
3736,Từ Cầu Nguyễn Văn Cừ đến An Dương Vương,2025-07-26 11:16:00,600,FRC2,22,34,722,467,1,False,10.756358876280022,106.6853232069683,0.0,10.0,22.3,Moderate rain
3737,Từ Cầu Nguyễn Văn Cừ đến An Dương Vương,2025-07-26 11:16:00,500,FRC2,22,34,722,467,1,False,10.757138847709548,106.684944289696,0.0,10.0,22.3,Moderate rain
3738,Từ Cầu Nguyễn Văn Cừ đến An Dương Vương,2025-07-26 11:16:00,400,FRC2,22,34,722,467,1,False,10.757963133528543,106.68463303622572,0.0,10.0,22.3,Moderate rain
3739,Từ Cầu Nguyễn Văn Cừ đến An Dương Vương,2025-07-26 11:16:00,300,FRC2,22,34,722,467,1,False,10.758623446871004,106.68435335919212,0.0,10.0,22.3,Moderate rain
3740,Từ Cầu Nguyễn Văn Cừ đến An Dương Vương,2025-07-26 11:16:00,200,FRC6,20,26,848,652,1,False,10.759478749919925,106.68406917123804,0.0,10.0,22.3,Moderate rain
3741,Từ Cầu Nguyễn Văn Cừ đến An Dương Vương,2025-07-26 11:16:00,100,FRC2,22,34,722,467,1,False,10.760311892549737,106.68371280856688,0.0,10.0,22.3,Moderate rain
3742,Từ Cầu Nguyễn Văn Cừ đến An Dương Vương,2025-07-26 11:16:00,0,FRC2,22,34,722,467,1,False,10.761189348756318,106.68340155509297,0.0,10.0,22.3,Moderate rain
3743,Từ Vòng Xoay Trần Phú đến ĐHSP,2025-07-26 11:16:00,1000,FRC4,20,28,287,205,1,False,10.757533515349062,106.67414436746735,0.0,10.0,22.3,Moderate rain
3744,Từ Vòng Xoay Trần Phú đến ĐHSP,2025-07-26 11:16:00,900,FRC4,20,28,287,205,1,False,10.757824186413304,106.67502060044893,0.0,10.0,22.3,Moderate rain
3745,Từ Vòng Xoay Trần Phú đến ĐHSP,2025-07-26 11:16:00,800,FRC4,20,28,287,205,1,False,10.758126036834728,106.67584372840122,0.0,10.0,22.3,Moderate rain
3746,Từ Vòng Xoay Trần Phú đến ĐHSP,2025-07-26 11:16:00,700,FRC4,20,28,287,205,1,False,10.758483785091158,106.67667444278729,0.0,10.0,22.3,Moderate rain
3747,Từ Vòng Xoay Trần Phú đến ĐHSP,2025-07-26 11:16:00,600,FRC4,20,28,287,205,1,False,10.758740916389923,106.67733446243443,0.0,10.0,22.3,Moderate rain
3748,Từ Vòng Xoay Trần Phú đến ĐHSP,2025-07-26 11:16:00,500,FRC4,28,28,207,207,1,False,10.759121023128003,106.67817276325134,0.0,10.0,22.3,Moderate rain
3749,Từ Vòng Xoay Trần Phú đến ĐHSP,2025-07-26 11:16:00,400,FRC4,28,28,207,207,1,False,10.759445231432741,106.6790186505005,0.0,10.0,22.3,Moderate rain
3750,Từ Vòng Xoay Trần Phú đến ĐHSP,2025-07-26 11:16:00,300,FRC4,28,28,207,207,1,False,10.759784345493584,106.67986453775157,0.0,10.0,22.3,Moderate rain
3751,Từ Vòng Xoay Trần Phú đến ĐHSP,2025-07-26 11:16:00,200,FRC4,28,28,207,207,1,False,10.76013091221701,106.68072559786684,0.0,10.0,22.3,Moderate rain
3752,Từ Vòng Xoay Trần Phú đến ĐHSP,2025-07-26 11:16:00,100,FRC4,20,28,287,205,1,False,10.760458845955434,106.6815638986815,0.0,10.0,22.3,Moderate rain
3753,Từ Vòng Xoay Trần Phú đến ĐHSP,2025-07-26 11:16:00,0,FRC4,20,28,287,205,1,False,10.760883668675298,106.6826449653469,0.0,10.0,22.3,Moderate rain
3754,Từ Ngã Sáu Cộng Hòa đến An Dương Vương,2025-07-26 11:39:00,500,FRC3,20,33,1255,760,1,False,10.765163027177051,106.68176325830919,0.0,10.0,22.3,Moderate rain
3755,Từ Ngã Sáu Cộng Hòa đến An Dương Vương,2025-07-26 11:39:00,400,FRC3,20,33,1255,760,1,False,10.764283334954333,106.68210132878986,0.0,10.0,22.3,Moderate rain
3756,Từ Ngã Sáu Cộng Hòa đến An Dương Vương,2025-07-26 11:39:00,300,FRC3,20,33,1255,760,1,False,10.763480856227291,106.68240386571111,0.0,10.0,22.3,Moderate rain
3757,Từ Ngã Sáu Cộng Hòa đến An Dương Vương,2025-07-26 11:39:00,200,FRC3,20,33,1255,760,1,False,10.762642918836454,106.6827364596283,0.0,10.0,22.3,Moderate rain
3758,Từ Ngã Sáu Cộng Hòa đến An Dương Vương,2025-07-26 11:39:00,100,FRC3,20,33,1255,760,1,False,10.7619261906941,106.68302613820323,0.0,10.0,22.3,Moderate rain
3759,Từ Ngã Sáu Cộng Hòa đến An Dương Vương,2025-07-26 11:39:00,0,FRC3,20,33,1255,760,1,False,10.761156760056346,106.68331581677815,0.0,10.0,22.3,Moderate rain
3760,Từ Cầu Nguyễn Văn Cừ đến An Dương Vương,2025-07-26 11:39:00,700,FRC2,22,34,722,467,1,False,10.755556817425111,106.68578400873503,0.0,10.0,22.3,Moderate rain
3761,Từ Cầu Nguyễn Văn Cừ đến An Dương Vương,2025-07-26 11:39:00,600,FRC2,22,34,722,467,1,False,10.756358876280022,106.6853232069683,0.0,10.0,22.3,Moderate rain
3762,Từ Cầu Nguyễn Văn Cừ đến An Dương Vương,2025-07-26 11:39:00,500,FRC2,22,34,722,467,1,False,10.757138847709548,106.684944289696,0.0,10.0,22.3,Moderate rain
3763,Từ Cầu Nguyễn Văn Cừ đến An Dương Vương,2025-07-26 11:39:00,400,FRC2,22,34,722,467,1,False,10.757963133528543,106.68463303622572,0.0,10.0,22.3,Moderate rain
3764,Từ Cầu Nguyễn Văn Cừ đến An Dương Vương,2025-07-26 11:39:00,300,FRC2,22,34,722,467,1,False,10.758623446871004,106.68435335919212,0.0,10.0,22.3,Moderate rain
3765,Từ Cầu Nguyễn Văn Cừ đến An Dương Vương,2025-07-26 11:39:00,200,FRC6,16,26,1061,652,1,False,10.759478749919925,106.68406917123804,0.0,10.0,22.3,Moderate rain
3766,Từ Cầu Nguyễn Văn Cừ đến An Dương Vương,2025-07-26 11:39:00,100,FRC2,22,34,722,467,1,False,10.760311892549737,106.68371280856688,0.0,10.0,22.3,Moderate rain
3767,Từ Cầu Nguyễn Văn Cừ đến An Dương Vương,2025-07-26 11:39:00,0,FRC2,22,34,722,467,1,False,10.761189348756318,106.68340155509297,0.0,10.0,22.3,Moderate rain
3768,Từ Vòng Xoay Trần Phú đến ĐHSP,2025-07-26 11:39:00,1000,FRC4,23,28,249,205,1,False,10.757533515349062,106.67414436746735,0.0,10.0,22.3,Moderate rain
3769,Từ Vòng Xoay Trần Phú đến ĐHSP,2025-07-26 11:39:00,900,FRC4,23,28,249,205,1,False,10.757824186413304,106.67502060044893,0.0,10.0,22.3,Moderate rain
3770,Từ Vòng Xoay Trần Phú đến ĐHSP,2025-07-26 11:39:00,800,FRC4,23,28,249,205,1,False,10.758126036834728,106.67584372840122,0.0,10.0,22.3,Moderate rain
3771,Từ Vòng Xoay Trần Phú đến ĐHSP,2025-07-26 11:39:00,700,FRC4,23,28,249,205,1,False,10.758483785091158,106.67667444278729,0.0,10.0,22.3,Moderate rain
3772,Từ Vòng Xoay Trần Phú đến ĐHSP,2025-07-26 11:39:00,600,FRC4,23,28,249,205,1,False,10.758740916389923,106.67733446243443,0.0,10.0,22.3,Moderate rain
3773,Từ Vòng Xoay Trần Phú đến ĐHSP,2025-07-26 11:39:00,500,FRC4,22,28,263,207,1,False,10.759121023128003,106.67817276325134,0.0,10.0,22.3,Moderate rain
3774,Từ Vòng Xoay Trần Phú đến ĐHSP,2025-07-26 11:39:00,400,FRC4,22,28,263,207,1,False,10.759445231432741,106.6790186505005,0.0,10.0,22.3,Moderate rain
3775,Từ Vòng Xoay Trần Phú đến ĐHSP,2025-07-26 11:39:00,300,FRC4,22,28,263,207,1,False,10.759784345493584,106.67986453775157,0.0,10.0,22.3,Moderate rain
3776,Từ Vòng Xoay Trần Phú đến ĐHSP,2025-07-26 11:39:00,200,FRC4,22,28,263,207,1,False,10.76013091221701,106.68072559786684,0.0,10.0,22.3,Moderate rain
3777,Từ Vòng Xoay Trần Phú đến ĐHSP,2025-07-26 11:39:00,100,FRC4,23,28,249,205,1,False,10.760458845955434,106.6815638986815,0.0,10.0,22.3,Moderate rain
3778,Từ Vòng Xoay Trần Phú đến ĐHSP,2025-07-26 11:39:00,0,FRC4,23,28,249,205,1,False,10.760883668675298,106.6826449653469,0.0,10.0,22.3,Moderate rain
3779,Từ Ngã Sáu Cộng Hòa đến An Dương Vương,2025-07-26 11:50:00,500,FRC3,19,33,1321,760,1,False,10.765163027177051,106.68176325830919,0.0,10.0,22.3,Partly Cloudy
3780,Từ Ngã Sáu Cộng Hòa đến An Dương Vương,2025-07-26 11:50:00,400,FRC3,19,33,1321,760,1,False,10.764283334954333,106.68210132878986,0.0,10.0,22.3,Partly Cloudy
3781,Từ Ngã Sáu Cộng Hòa đến An Dương Vương,2025-07-26 11:50:00,300,FRC3,19,33,1321,760,1,False,10.763480856227291,106.68240386571111,0.0,10.0,22.3,Partly Cloudy
3782,Từ Ngã Sáu Cộng Hòa đến An Dương Vương,2025-07-26 11:50:00,200,FRC3,19,33,1321,760,1,False,10.762642918836454,106.6827364596283,0.0,10.0,14.0,Partly Cloudy
3783,Từ Ngã Sáu Cộng Hòa đến An Dương Vương,2025-07-26 11:50:00,100,FRC3,19,33,1321,760,1,False,10.7619261906941,106.68302613820323,0.0,10.0,22.3,Partly Cloudy
3784,Từ Ngã Sáu Cộng Hòa đến An Dương Vương,2025-07-26 11:50:00,0,FRC3,19,33,1321,760,1,False,10.761156760056346,106.68331581677815,0.0,10.0,22.3,Partly Cloudy
3785,Từ Cầu Nguyễn Văn Cừ đến An Dương Vương,2025-07-26 11:50:00,700,FRC2,22,34,722,467,1,False,10.755556817425111,106.68578400873503,0.0,10.0,22.3,Partly Cloudy
3786,Từ Cầu Nguyễn Văn Cừ đến An Dương Vương,2025-07-26 11:50:00,600,FRC2,22,34,722,467,1,False,10.756358876280022,106.6853232069683,0.0,10.0,22.3,Partly Cloudy
3787,Từ Cầu Nguyễn Văn Cừ đến An Dương Vương,2025-07-26 11:50:00,500,FRC2,22,34,722,467,1,False,10.757138847709548,106.684944289696,0.0,10.0,22.3,Partly Cloudy
3788,Từ Cầu Nguyễn Văn Cừ đến An Dương Vương,2025-07-26 11:50:00,400,FRC2,22,34,722,467,1,False,10.757963133528543,106.68463303622572,0.0,10.0,22.3,Partly Cloudy
3789,Từ Cầu Nguyễn Văn Cừ đến An Dương Vương,2025-07-26 11:50:00,300,FRC2,22,34,722,467,1,False,10.758623446871004,106.68435335919212,0.0,10.0,22.3,Partly Cloudy
3790,Từ Cầu Nguyễn Văn Cừ đến An Dương Vương,2025-07-26 11:50:00,200,FRC6,19,26,893,652,1,False,10.759478749919925,106.68406917123804,0.0,10.0,22.3,Partly Cloudy
3791,Từ Cầu Nguyễn Văn Cừ đến An Dương Vương,2025-07-26 11:50:00,100,FRC2,22,34,722,467,1,False,10.760311892549737,106.68371280856688,0.0,10.0,22.3,Partly Cloudy
3792,Từ Cầu Nguyễn Văn Cừ đến An Dương Vương,2025-07-26 11:50:00,0,FRC2,22,34,722,467,1,False,10.761189348756318,106.68340155509297,0.0,10.0,22.3,Partly Cloudy
3793,Từ Vòng Xoay Trần Phú đến ĐHSP,2025-07-26 11:50:00,1000,FRC4,29,29,198,198,1,False,10.757533515349062,106.67414436746735,0.0,10.0,22.3,Partly Cloudy
3794,Từ Vòng Xoay Trần Phú đến ĐHSP,2025-07-26 11:50:00,900,FRC4,29,29,198,198,1,False,10.757824186413304,106.67502060044893,0.0,10.0,22.3,Partly Cloudy
3795,Từ Vòng Xoay Trần Phú đến ĐHSP,2025-07-26 11:50:00,800,FRC4,29,29,198,198,1,False,10.758126036834728,106.67584372840122,0.0,10.0,22.3,Partly Cloudy
3796,Từ Vòng Xoay Trần Phú đến ĐHSP,2025-07-26 11:50:00,700,FRC4,29,29,198,198,1,False,10.758483785091158,106.67667444278729,0.0,10.0,14.0,Partly Cloudy
3797,Từ Vòng Xoay Trần Phú đến ĐHSP,2025-07-26 11:50:00,600,FRC4,29,29,198,198,1,False,10.758740916389923,106.67733446243443,0.0,10.0,22.3,Partly Cloudy
3798,Từ Vòng Xoay Trần Phú đến ĐHSP,2025-07-26 11:50:00,500,FRC4,20,28,289,207,1,False,10.759121023128003,106.67817276325134,0.0,10.0,22.3,Partly Cloudy
3799,Từ Vòng Xoay Trần Phú đến ĐHSP,2025-07-26 11:50:00,400,FRC4,20,28,289,207,1,False,10.759445231432741,106.6790186505005,0.0,10.0,22.3,Partly Cloudy
3800,Từ Vòng Xoay Trần Phú đến ĐHSP,2025-07-26 11:50:00,300,FRC4,20,28,289,207,1,False,10.759784345493584,106.67986453775157,0.0,10.0,22.3,Partly Cloudy
3801,Từ Vòng Xoay Trần Phú đến ĐHSP,2025-07-26 11:50:00,200,FRC4,20,27,289,214,1,False,10.76013091221701,106.68072559786684,0.0,10.0,22.3,Partly Cloudy
3802,Từ Vòng Xoay Trần Phú đến ĐHSP,2025-07-26 11:50:00,100,FRC4,29,29,198,198,1,False,10.760458845955434,106.6815638986815,0.0,10.0,22.3,Partly Cloudy
3803,Từ Vòng Xoay Trần Phú đến ĐHSP,2025-07-26 11:50:00,0,FRC4,29,29,198,198,1,False,10.760883668675298,106.6826449653469,0.0,10.0,22.3,Partly Cloudy
3804,Từ Ngã Sáu Cộng Hòa đến An Dương Vương,2025-07-26 12:37:00,500,FRC3,20,33,1255,760,1,False,10.765163027177051,106.68176325830919,0.05,10.0,21.6,Patchy rain nearby
3805,Từ Ngã Sáu Cộng Hòa đến An Dương Vương,2025-07-26 12:37:00,400,FRC3,20,33,1255,760,1,False,10.764283334954333,106.68210132878986,0.05,10.0,21.6,Patchy rain nearby
3806,Từ Ngã Sáu Cộng Hòa đến An Dương Vương,2025-07-26 12:37:00,300,FRC3,20,33,1255,760,1,False,10.763480856227291,106.68240386571111,0.05,10.0,21.6,Patchy rain nearby
3807,Từ Ngã Sáu Cộng Hòa đến An Dương Vương,2025-07-26 12:37:00,200,FRC3,20,33,1255,760,1,False,10.762642918836454,106.6827364596283,0.05,10.0,21.6,Patchy rain nearby
3808,Từ Ngã Sáu Cộng Hòa đến An Dương Vương,2025-07-26 12:37:00,100,FRC3,20,33,1255,760,1,False,10.7619261906941,106.68302613820323,0.05,10.0,21.6,Patchy rain nearby
3809,Từ Ngã Sáu Cộng Hòa đến An Dương Vương,2025-07-26 12:37:00,0,FRC3,20,33,1255,760,1,False,10.761156760056346,106.68331581677815,0.05,10.0,21.6,Patchy rain nearby
3810,Từ Cầu Nguyễn Văn Cừ đến An Dương Vương,2025-07-26 12:37:00,700,FRC2,23,34,691,467,1,False,10.755556817425111,106.68578400873503,0.05,10.0,21.6,Patchy rain nearby
3811,Từ Cầu Nguyễn Văn Cừ đến An Dương Vương,2025-07-26 12:37:00,600,FRC2,23,34,691,467,1,False,10.756358876280022,106.6853232069683,0.05,10.0,21.6,Patchy rain nearby
3812,Từ Cầu Nguyễn Văn Cừ đến An Dương Vương,2025-07-26 12:37:00,500,FRC2,23,34,691,467,1,False,10.757138847709548,106.684944289696,0.05,10.0,21.6,Patchy rain nearby
3813,Từ Cầu Nguyễn Văn Cừ đến An Dương Vương,2025-07-26 12:37:00,400,FRC2,23,34,691,467,1,False,10.757963133528543,106.68463303622572,0.05,10.0,21.6,Patchy rain nearby
3814,Từ Cầu Nguyễn Văn Cừ đến An Dương Vương,2025-07-26 12:37:00,300,FRC2,23,34,691,467,1,False,10.758623446871004,106.68435335919212,0.05,10.0,21.6,Patchy rain nearby
3815,Từ Cầu Nguyễn Văn Cừ đến An Dương Vương,2025-07-26 12:37:00,200,FRC6,17,26,998,652,1,False,10.759478749919925,106.68406917123804,0.05,10.0,21.6,Patchy rain nearby
3816,Từ Cầu Nguyễn Văn Cừ đến An Dương Vương,2025-07-26 12:37:00,100,FRC2,23,34,691,467,1,False,10.760311892549737,106.68371280856688,0.05,10.0,21.6,Patchy rain nearby
3817,Từ Cầu Nguyễn Văn Cừ đến An Dương Vương,2025-07-26 12:37:00,0,FRC2,23,34,691,467,1,False,10.761189348756318,106.68340155509297,0.05,10.0,21.6,Patchy rain nearby
3818,Từ Vòng Xoay Trần Phú đến ĐHSP,2025-07-26 12:37:00,1000,FRC4,22,28,261,205,1,False,10.757533515349062,106.67414436746735,0.05,10.0,21.6,Patchy rain nearby
3819,Từ Vòng Xoay Trần Phú đến ĐHSP,2025-07-26 12:38:00,900,FRC4,22,28,261,205,1,False,10.757824186413304,106.67502060044893,0.05,10.0,21.6,Patchy rain nearby
3820,Từ Vòng Xoay Trần Phú đến ĐHSP,2025-07-26 12:38:00,800,FRC4,22,28,261,205,1,False,10.758126036834728,106.67584372840122,0.05,10.0,21.6,Patchy rain nearby
3821,Từ Vòng Xoay Trần Phú đến ĐHSP,2025-07-26 12:38:00,700,FRC4,22,28,261,205,1,False,10.758483785091158,106.67667444278729,0.05,10.0,21.6,Patchy rain nearby
3822,Từ Vòng Xoay Trần Phú đến ĐHSP,2025-07-26 12:38:00,600,FRC4,22,28,261,205,1,False,10.758740916389923,106.67733446243443,0.05,10.0,21.6,Patchy rain nearby
3823,Từ Vòng Xoay Trần Phú đến ĐHSP,2025-07-26 12:38:00,500,FRC4,19,28,305,207,1,False,10.759121023128003,106.67817276325134,0.05,10.0,21.6,Patchy rain nearby
3824,Từ Vòng Xoay Trần Phú đến ĐHSP,2025-07-26 12:38:00,400,FRC4,19,28,305,207,1,False,10.759445231432741,106.6790186505005,0.05,10.0,21.6,Patchy rain nearby
3825,Từ Vòng Xoay Trần Phú đến ĐHSP,2025-07-26 12:38:00,300,FRC4,19,28,305,207,1,False,10.759784345493584,106.67986453775157,0.05,10.0,21.6,Patchy rain nearby
3826,Từ Vòng Xoay Trần Phú đến ĐHSP,2025-07-26 12:38:00,200,FRC4,19,28,305,207,1,False,10.76013091221701,106.68072559786684,0.05,10.0,21.6,Patchy rain nearby
3827,Từ Vòng Xoay Trần Phú đến ĐHSP,2025-07-26 12:38:00,100,FRC4,22,28,261,205,1,False,10.760458845955434,106.6815638986815,0.05,10.0,21.6,Patchy rain nearby
3828,Từ Vòng Xoay Trần Phú đến ĐHSP,2025-07-26 12:38:00,0,FRC4,22,28,261,205,1,False,10.760883668675298,106.6826449653469,0.05,10.0,21.6,Patchy rain nearby
3829,Từ Ngã Sáu Cộng Hòa đến An Dương Vương,2025-07-26 16:14:00,500,FRC3,26,33,965,760,1,False,10.765163027177051,106.68176325830919,0.0,10.0,17.6,Clear
3830,Từ Ngã Sáu Cộng Hòa đến An Dương Vương,2025-07-26 16:14:00,400,FRC3,26,33,965,760,1,False,10.764283334954333,106.68210132878986,0.0,10.0,17.6,Clear
3831,Từ Ngã Sáu Cộng Hòa đến An Dương Vương,2025-07-26 16:14:00,300,FRC3,26,33,965,760,1,False,10.763480856227291,106.68240386571111,0.0,10.0,17.6,Clear
3832,Từ Ngã Sáu Cộng Hòa đến An Dương Vương,2025-07-26 16:14:00,200,FRC3,26,33,965,760,1,False,10.762642918836454,106.6827364596283,0.0,10.0,17.6,Clear
3833,Từ Ngã Sáu Cộng Hòa đến An Dương Vương,2025-07-26 16:14:00,100,FRC3,26,33,965,760,1,False,10.7619261906941,106.68302613820323,0.0,10.0,17.6,Clear
3834,Từ Ngã Sáu Cộng Hòa đến An Dương Vương,2025-07-26 16:14:00,0,FRC3,26,33,965,760,1,False,10.761156760056346,106.68331581677815,0.0,10.0,17.6,Clear
3835,Từ Cầu Nguyễn Văn Cừ đến An Dương Vương,2025-07-26 16:14:00,700,FRC2,35,35,454,454,1,False,10.755556817425111,106.68578400873503,0.0,10.0,17.6,Clear
3836,Từ Cầu Nguyễn Văn Cừ đến An Dương Vương,2025-07-26 16:14:00,600,FRC2,35,35,454,454,1,False,10.756358876280022,106.6853232069683,0.0,10.0,17.6,Clear
3837,Từ Cầu Nguyễn Văn Cừ đến An Dương Vương,2025-07-26 16:14:00,500,FRC2,35,35,454,454,1,False,10.757138847709548,106.684944289696,0.0,10.0,17.6,Clear
3838,Từ Cầu Nguyễn Văn Cừ đến An Dương Vương,2025-07-26 16:14:00,400,FRC2,35,35,454,454,1,False,10.757963133528543,106.68463303622572,0.0,10.0,17.6,Clear
3839,Từ Cầu Nguyễn Văn Cừ đến An Dương Vương,2025-07-26 16:14:00,300,FRC2,35,35,454,454,1,False,10.758623446871004,106.68435335919212,0.0,10.0,17.6,Clear
3840,Từ Cầu Nguyễn Văn Cừ đến An Dương Vương,2025-07-26 16:14:00,200,FRC6,21,26,808,652,1,False,10.759478749919925,106.68406917123804,0.0,10.0,17.6,Clear
3841,Từ Cầu Nguyễn Văn Cừ đến An Dương Vương,2025-07-26 16:14:00,100,FRC2,35,35,454,454,1,False,10.760311892549737,106.68371280856688,0.0,10.0,17.6,Clear
3842,Từ Cầu Nguyễn Văn Cừ đến An Dương Vương,2025-07-26 16:14:00,0,FRC2,35,35,454,454,1,False,10.761189348756318,106.68340155509297,0.0,10.0,17.6,Clear
3843,Từ Vòng Xoay Trần Phú đến ĐHSP,2025-07-26 16:14:00,1000,FRC4,29,29,198,198,1,False,10.757533515349062,106.67414436746735,0.0,10.0,17.6,Clear
3844,Từ Vòng Xoay Trần Phú đến ĐHSP,2025-07-26 16:14:00,900,FRC4,29,29,198,198,1,False,10.757824186413304,106.67502060044893,0.0,10.0,17.6,Clear
3845,Từ Vòng Xoay Trần Phú đến ĐHSP,2025-07-26 16:14:00,800,FRC4,29,29,198,198,1,False,10.758126036834728,106.67584372840122,0.0,10.0,17.6,Clear
3846,Từ Vòng Xoay Trần Phú đến ĐHSP,2025-07-26 16:14:00,700,FRC4,29,29,198,198,1,False,10.758483785091158,106.67667444278729,0.0,10.0,17.6,Clear
3847,Từ Vòng Xoay Trần Phú đến ĐHSP,2025-07-26 16:14:00,600,FRC4,29,29,198,198,1,False,10.758740916389923,106.67733446243443,0.0,10.0,14.0,Partly Cloudy
3848,Từ Vòng Xoay Trần Phú đến ĐHSP,2025-07-26 16:14:00,500,FRC4,23,28,252,207,0.994223,False,10.759121023128003,106.67817276325134,0.0,10.0,17.6,Clear
3849,Từ Vòng Xoay Trần Phú đến ĐHSP,2025-07-26 16:14:00,400,FRC4,23,28,252,207,0.994223,False,10.759445231432741,106.6790186505005,0.0,10.0,14.0,Partly Cloudy
3850,Từ Vòng Xoay Trần Phú đến ĐHSP,2025-07-26 16:14:00,300,FRC4,23,28,252,207,0.994223,False,10.759784345493584,106.67986453775157,0.0,10.0,14.0,Partly Cloudy
3851,Từ Vòng Xoay Trần Phú đến ĐHSP,2025-07-26 16:14:00,200,FRC4,23,28,252,207,0.994223,False,10.76013091221701,106.68072559786684,0.0,10.0,17.6,Clear
3852,Từ Vòng Xoay Trần Phú đến ĐHSP,2025-07-26 16:14:00,100,FRC4,29,29,198,198,1,False,10.760458845955434,106.6815638986815,0.0,10.0,17.6,Clear
3853,Từ Vòng Xoay Trần Phú đến ĐHSP,2025-07-26 16:14:00,0,FRC4,29,29,198,198,1,False,10.760883668675298,106.6826449653469,0.0,10.0,17.6,Clear
3854,Từ Ngã Sáu Cộng Hòa đến An Dương Vương,2025-07-26 16:42:00,500,FRC3,33,33,760,760,1,False,10.765163027177051,106.68176325830919,0.0,10.0,17.6,Clear
3855,Từ Ngã Sáu Cộng Hòa đến An Dương Vương,2025-07-26 16:42:00,400,FRC3,33,33,760,760,1,False,10.764283334954333,106.68210132878986,0.0,10.0,17.6,Clear
3856,Từ Ngã Sáu Cộng Hòa đến An Dương Vương,2025-07-26 16:42:00,300,FRC3,33,33,760,760,1,False,10.763480856227291,106.68240386571111,0.0,10.0,17.6,Clear
3857,Từ Ngã Sáu Cộng Hòa đến An Dương Vương,2025-07-26 16:42:00,200,FRC3,33,33,760,760,1,False,10.762642918836454,106.6827364596283,0.0,10.0,17.6,Clear
3858,Từ Ngã Sáu Cộng Hòa đến An Dương Vương,2025-07-26 16:42:00,100,FRC3,33,33,760,760,1,False,10.7619261906941,106.68302613820323,0.0,10.0,17.6,Clear
3859,Từ Ngã Sáu Cộng Hòa đến An Dương Vương,2025-07-26 16:42:00,0,FRC3,33,33,760,760,1,False,10.761156760056346,106.68331581677815,0.0,10.0,17.6,Clear
3860,Từ Cầu Nguyễn Văn Cừ đến An Dương Vương,2025-07-26 16:42:00,700,FRC2,35,35,454,454,1,False,10.755556817425111,106.68578400873503,0.0,10.0,17.6,Clear
3861,Từ Cầu Nguyễn Văn Cừ đến An Dương Vương,2025-07-26 16:42:00,600,FRC2,35,35,454,454,1,False,10.756358876280022,106.6853232069683,0.0,10.0,17.6,Clear
3862,Từ Cầu Nguyễn Văn Cừ đến An Dương Vương,2025-07-26 16:42:00,500,FRC2,35,35,454,454,1,False,10.757138847709548,106.684944289696,0.0,10.0,17.6,Clear
3863,Từ Cầu Nguyễn Văn Cừ đến An Dương Vương,2025-07-26 16:42:00,400,FRC2,35,35,454,454,1,False,10.757963133528543,106.68463303622572,0.0,10.0,17.6,Clear
3864,Từ Cầu Nguyễn Văn Cừ đến An Dương Vương,2025-07-26 16:42:00,300,FRC2,35,35,454,454,1,False,10.758623446871004,106.68435335919212,0.0,10.0,17.6,Clear
3865,Từ Cầu Nguyễn Văn Cừ đến An Dương Vương,2025-07-26 16:42:00,200,FRC6,27,27,628,628,1,False,10.759478749919925,106.68406917123804,0.0,10.0,17.6,Clear
3866,Từ Cầu Nguyễn Văn Cừ đến An Dương Vương,2025-07-26 16:42:00,100,FRC2,35,35,454,454,1,False,10.760311892549737,106.68371280856688,0.0,10.0,17.6,Clear
3867,Từ Cầu Nguyễn Văn Cừ đến An Dương Vương,2025-07-26 16:42:00,0,FRC2,35,35,454,454,1,False,10.761189348756318,106.68340155509297,0.0,10.0,17.6,Clear
3868,Từ Vòng Xoay Trần Phú đến ĐHSP,2025-07-26 16:42:00,1000,FRC4,29,29,198,198,1,False,10.757533515349062,106.67414436746735,0.0,10.0,17.6,Clear
3869,Từ Vòng Xoay Trần Phú đến ĐHSP,2025-07-26 16:42:00,900,FRC4,29,29,198,198,1,False,10.757824186413304,106.67502060044893,0.0,10.0,17.6,Clear
3870,Từ Vòng Xoay Trần Phú đến ĐHSP,2025-07-26 16:42:00,800,FRC4,29,29,198,198,1,False,10.758126036834728,106.67584372840122,0.0,10.0,17.6,Clear
3871,Từ Vòng Xoay Trần Phú đến ĐHSP,2025-07-26 16:42:00,700,FRC4,29,29,198,198,1,False,10.758483785091158,106.67667444278729,0.0,10.0,17.6,Clear
3872,Từ Vòng Xoay Trần Phú đến ĐHSP,2025-07-26 16:42:00,600,FRC4,29,29,198,198,1,False,10.758740916389923,106.67733446243443,0.0,10.0,17.6,Clear
3873,Từ Vòng Xoay Trần Phú đến ĐHSP,2025-07-26 16:42:00,500,FRC4,28,28,207,207,1,False,10.759121023128003,106.67817276325134,0.0,10.0,17.6,Clear
3874,Từ Vòng Xoay Trần Phú đến ĐHSP,2025-07-26 16:42:00,400,FRC4,28,28,207,207,1,False,10.759445231432741,106.6790186505005,0.0,10.0,17.6,Clear
3875,Từ Vòng Xoay Trần Phú đến ĐHSP,2025-07-26 16:42:00,300,FRC4,28,28,207,207,1,False,10.759784345493584,106.67986453775157,0.0,10.0,17.6,Clear
3876,Từ Vòng Xoay Trần Phú đến ĐHSP,2025-07-26 16:42:00,200,FRC4,28,28,207,207,1,False,10.76013091221701,106.68072559786684,0.0,10.0,17.6,Clear
3877,Từ Vòng Xoay Trần Phú đến ĐHSP,2025-07-26 16:42:00,100,FRC4,29,29,198,198,1,False,10.760458845955434,106.6815638986815,0.0,10.0,17.6,Clear
3878,Từ Vòng Xoay Trần Phú đến ĐHSP,2025-07-26 16:42:00,0,FRC4,29,29,198,198,1,False,10.760883668675298,106.6826449653469,0.0,10.0,17.6,Clear
3879,Từ Ngã Sáu Cộng Hòa đến An Dương Vương,2025-07-26 16:55:00,500,FRC3,33,33,760,760,1,False,10.765163027177051,106.68176325830919,0.0,10.0,17.6,Clear
3880,Từ Ngã Sáu Cộng Hòa đến An Dương Vương,2025-07-26 16:55:00,400,FRC3,33,33,760,760,1,False,10.764283334954333,106.68210132878986,0.0,10.0,17.6,Clear
3881,Từ Ngã Sáu Cộng Hòa đến An Dương Vương,2025-07-26 16:55:00,300,FRC3,33,33,760,760,1,False,10.763480856227291,106.68240386571111,0.0,10.0,17.6,Clear
3882,Từ Ngã Sáu Cộng Hòa đến An Dương Vương,2025-07-26 16:55:00,200,FRC3,33,33,760,760,1,False,10.762642918836454,106.6827364596283,0.0,10.0,14.8,Partly Cloudy
3883,Từ Ngã Sáu Cộng Hòa đến An Dương Vương,2025-07-26 16:55:00,100,FRC3,33,33,760,760,1,False,10.7619261906941,106.68302613820323,0.0,10.0,17.6,Clear
3884,Từ Ngã Sáu Cộng Hòa đến An Dương Vương,2025-07-26 16:55:00,0,FRC3,33,33,760,760,1,False,10.761156760056346,106.68331581677815,0.0,10.0,14.8,Partly Cloudy
3885,Từ Cầu Nguyễn Văn Cừ đến An Dương Vương,2025-07-26 16:55:00,700,FRC2,35,35,454,454,1,False,10.755556817425111,106.68578400873503,0.0,10.0,14.8,Partly Cloudy
3886,Từ Cầu Nguyễn Văn Cừ đến An Dương Vương,2025-07-26 16:55:00,600,FRC2,35,35,454,454,1,False,10.756358876280022,106.6853232069683,0.0,10.0,17.6,Clear
3887,Từ Cầu Nguyễn Văn Cừ đến An Dương Vương,2025-07-26 16:55:00,500,FRC2,35,35,454,454,1,False,10.757138847709548,106.684944289696,0.0,10.0,14.8,Partly Cloudy
3888,Từ Cầu Nguyễn Văn Cừ đến An Dương Vương,2025-07-26 16:55:00,400,FRC2,35,35,454,454,1,False,10.757963133528543,106.68463303622572,0.0,10.0,17.6,Clear
3889,Từ Cầu Nguyễn Văn Cừ đến An Dương Vương,2025-07-26 16:55:00,300,FRC2,35,35,454,454,1,False,10.758623446871004,106.68435335919212,0.0,10.0,14.8,Partly Cloudy
3890,Từ Cầu Nguyễn Văn Cừ đến An Dương Vương,2025-07-26 16:55:00,200,FRC6,27,27,628,628,1,False,10.759478749919925,106.68406917123804,0.0,10.0,17.6,Clear
3891,Từ Cầu Nguyễn Văn Cừ đến An Dương Vương,2025-07-26 16:55:00,100,FRC2,35,35,454,454,1,False,10.760311892549737,106.68371280856688,0.0,10.0,17.6,Clear
3892,Từ Cầu Nguyễn Văn Cừ đến An Dương Vương,2025-07-26 16:55:00,0,FRC2,35,35,454,454,1,False,10.761189348756318,106.68340155509297,0.0,10.0,17.6,Clear
3893,Từ Vòng Xoay Trần Phú đến ĐHSP,2025-07-26 16:55:00,1000,FRC4,29,29,198,198,1,False,10.757533515349062,106.67414436746735,0.0,10.0,17.6,Clear
3894,Từ Vòng Xoay Trần Phú đến ĐHSP,2025-07-26 16:55:00,900,FRC4,29,29,198,198,1,False,10.757824186413304,106.67502060044893,0.0,10.0,17.6,Clear
3895,Từ Vòng Xoay Trần Phú đến ĐHSP,2025-07-26 16:55:00,800,FRC4,29,29,198,198,1,False,10.758126036834728,106.67584372840122,0.0,10.0,17.6,Clear
3896,Từ Vòng Xoay Trần Phú đến ĐHSP,2025-07-26 16:55:00,700,FRC4,29,29,198,198,1,False,10.758483785091158,106.67667444278729,0.0,10.0,17.6,Clear
3897,Từ Vòng Xoay Trần Phú đến ĐHSP,2025-07-26 16:55:00,600,FRC4,29,29,198,198,1,False,10.758740916389923,106.67733446243443,0.0,10.0,17.6,Clear
3898,Từ Vòng Xoay Trần Phú đến ĐHSP,2025-07-26 16:55:00,500,FRC4,28,28,207,207,1,False,10.759121023128003,106.67817276325134,0.0,10.0,17.6,Clear
3899,Từ Vòng Xoay Trần Phú đến ĐHSP,2025-07-26 16:55:00,400,FRC4,28,28,207,207,1,False,10.759445231432741,106.6790186505005,0.0,10.0,17.6,Clear
3900,Từ Vòng Xoay Trần Phú đến ĐHSP,2025-07-26 16:55:00,300,FRC4,28,28,207,207,1,False,10.759784345493584,106.67986453775157,0.0,10.0,17.6,Clear
3901,Từ Vòng Xoay Trần Phú đến ĐHSP,2025-07-26 16:55:00,200,FRC4,28,28,207,207,1,False,10.76013091221701,106.68072559786684,0.0,10.0,14.8,Partly Cloudy
3902,Từ Vòng Xoay Trần Phú đến ĐHSP,2025-07-26 16:55:00,100,FRC4,29,29,198,198,1,False,10.760458845955434,106.6815638986815,0.0,10.0,14.8,Partly Cloudy
3903,Từ Vòng Xoay Trần Phú đến ĐHSP,2025-07-26 16:55:00,0,FRC4,29,29,198,198,1,False,10.760883668675298,106.6826449653469,0.0,10.0,17.6,Clear
3904,Từ Ngã Sáu Cộng Hòa đến An Dương Vương,2025-07-26 17:11:00,500,FRC3,33,33,760,760,1,False,10.765163027177051,106.68176325830919,0.0,10.0,14.8,Partly Cloudy
3905,Từ Ngã Sáu Cộng Hòa đến An Dương Vương,2025-07-26 17:11:00,400,FRC3,33,33,760,760,1,False,10.764283334954333,106.68210132878986,0.0,10.0,14.8,Partly Cloudy
3906,Từ Ngã Sáu Cộng Hòa đến An Dương Vương,2025-07-26 17:12:00,300,FRC3,33,33,760,760,1,False,10.763480856227291,106.68240386571111,0.0,10.0,14.8,Partly Cloudy
3907,Từ Ngã Sáu Cộng Hòa đến An Dương Vương,2025-07-26 17:12:00,200,FRC3,33,33,760,760,1,False,10.762642918836454,106.6827364596283,0.0,10.0,14.8,Partly Cloudy
3908,Từ Ngã Sáu Cộng Hòa đến An Dương Vương,2025-07-26 17:12:00,100,FRC3,33,33,760,760,1,False,10.7619261906941,106.68302613820323,0.0,10.0,14.8,Partly Cloudy
3909,Từ Ngã Sáu Cộng Hòa đến An Dương Vương,2025-07-26 17:12:00,0,FRC3,33,33,760,760,1,False,10.761156760056346,106.68331581677815,0.0,10.0,14.8,Partly Cloudy
3910,Từ Cầu Nguyễn Văn Cừ đến An Dương Vương,2025-07-26 17:12:00,700,FRC2,35,35,454,454,1,False,10.755556817425111,106.68578400873503,0.0,10.0,14.8,Partly Cloudy
3911,Từ Cầu Nguyễn Văn Cừ đến An Dương Vương,2025-07-26 17:12:00,600,FRC2,35,35,454,454,1,False,10.756358876280022,106.6853232069683,0.0,10.0,14.8,Partly Cloudy
3912,Từ Cầu Nguyễn Văn Cừ đến An Dương Vương,2025-07-26 17:12:00,500,FRC2,35,35,454,454,1,False,10.757138847709548,106.684944289696,0.0,10.0,14.8,Partly Cloudy
3913,Từ Cầu Nguyễn Văn Cừ đến An Dương Vương,2025-07-26 17:12:00,400,FRC2,35,35,454,454,1,False,10.757963133528543,106.68463303622572,0.0,10.0,14.8,Partly Cloudy
3914,Từ Cầu Nguyễn Văn Cừ đến An Dương Vương,2025-07-26 17:12:00,300,FRC2,35,35,454,454,1,False,10.758623446871004,106.68435335919212,0.0,10.0,14.8,Partly Cloudy
3915,Từ Cầu Nguyễn Văn Cừ đến An Dương Vương,2025-07-26 17:12:00,200,FRC6,27,27,628,628,1,False,10.759478749919925,106.68406917123804,0.0,10.0,14.8,Partly Cloudy
3916,Từ Cầu Nguyễn Văn Cừ đến An Dương Vương,2025-07-26 17:12:00,100,FRC2,35,35,454,454,1,False,10.760311892549737,106.68371280856688,0.0,10.0,14.8,Partly Cloudy
3917,Từ Cầu Nguyễn Văn Cừ đến An Dương Vương,2025-07-26 17:12:00,0,FRC2,35,35,454,454,1,False,10.761189348756318,106.68340155509297,0.0,10.0,14.8,Partly Cloudy
3918,Từ Vòng Xoay Trần Phú đến ĐHSP,2025-07-26 17:12:00,1000,FRC4,29,29,198,198,1,False,10.757533515349062,106.67414436746735,0.0,10.0,14.8,Partly Cloudy
3919,Từ Vòng Xoay Trần Phú đến ĐHSP,2025-07-26 17:12:00,900,FRC4,29,29,198,198,1,False,10.757824186413304,106.67502060044893,0.0,10.0,14.8,Partly Cloudy
3920,Từ Vòng Xoay Trần Phú đến ĐHSP,2025-07-26 17:12:00,800,FRC4,29,29,198,198,1,False,10.758126036834728,106.67584372840122,0.0,10.0,14.8,Partly Cloudy
3921,Từ Vòng Xoay Trần Phú đến ĐHSP,2025-07-26 17:12:00,700,FRC4,29,29,198,198,1,False,10.758483785091158,106.67667444278729,0.0,10.0,14.8,Partly Cloudy
3922,Từ Vòng Xoay Trần Phú đến ĐHSP,2025-07-26 17:12:00,600,FRC4,29,29,198,198,1,False,10.758740916389923,106.67733446243443,0.0,10.0,14.8,Partly Cloudy
3923,Từ Vòng Xoay Trần Phú đến ĐHSP,2025-07-26 17:12:00,500,FRC4,28,28,207,207,1,False,10.759121023128003,106.67817276325134,0.0,10.0,14.8,Partly Cloudy
3924,Từ Vòng Xoay Trần Phú đến ĐHSP,2025-07-26 17:12:00,400,FRC4,28,28,207,207,1,False,10.759445231432741,106.6790186505005,0.0,10.0,14.8,Partly Cloudy
3925,Từ Vòng Xoay Trần Phú đến ĐHSP,2025-07-26 17:12:00,300,FRC4,28,28,207,207,1,False,10.759784345493584,106.67986453775157,0.0,10.0,14.8,Partly Cloudy
3926,Từ Vòng Xoay Trần Phú đến ĐHSP,2025-07-26 17:12:00,200,FRC4,28,28,207,207,1,False,10.76013091221701,106.68072559786684,0.0,10.0,14.8,Partly Cloudy
3927,Từ Vòng Xoay Trần Phú đến ĐHSP,2025-07-26 17:12:00,100,FRC4,29,29,198,198,1,False,10.760458845955434,106.6815638986815,0.0,10.0,14.8,Partly Cloudy
3928,Từ Vòng Xoay Trần Phú đến ĐHSP,2025-07-26 17:12:00,0,FRC4,29,29,198,198,1,False,10.760883668675298,106.6826449653469,0.0,10.0,14.8,Partly Cloudy
3929,Từ Ngã Sáu Cộng Hòa đến An Dương Vương,2025-07-26 17:34:00,500,FRC3,33,33,760,760,1,False,10.765163027177051,106.68176325830919,0.0,10.0,14.8,Partly Cloudy
3930,Từ Ngã Sáu Cộng Hòa đến An Dương Vương,2025-07-26 17:34:00,400,FRC3,33,33,760,760,1,False,10.764283334954333,106.68210132878986,0.0,10.0,14.8,Partly Cloudy
3931,Từ Ngã Sáu Cộng Hòa đến An Dương Vương,2025-07-26 17:34:00,300,FRC3,33,33,760,760,1,False,10.763480856227291,106.68240386571111,0.0,10.0,14.8,Partly Cloudy
3932,Từ Ngã Sáu Cộng Hòa đến An Dương Vương,2025-07-26 17:34:00,200,FRC3,33,33,760,760,1,False,10.762642918836454,106.6827364596283,0.0,10.0,14.8,Partly Cloudy
3933,Từ Ngã Sáu Cộng Hòa đến An Dương Vương,2025-07-26 17:34:00,100,FRC3,33,33,760,760,1,False,10.7619261906941,106.68302613820323,0.0,10.0,14.8,Partly Cloudy
3934,Từ Ngã Sáu Cộng Hòa đến An Dương Vương,2025-07-26 17:34:00,0,FRC3,33,33,760,760,1,False,10.761156760056346,106.68331581677815,0.0,10.0,14.8,Partly Cloudy
3935,Từ Cầu Nguyễn Văn Cừ đến An Dương Vương,2025-07-26 17:34:00,700,FRC2,35,35,454,454,1,False,10.755556817425111,106.68578400873503,0.0,10.0,14.8,Partly Cloudy
3936,Từ Cầu Nguyễn Văn Cừ đến An Dương Vương,2025-07-26 17:34:00,600,FRC2,35,35,454,454,1,False,10.756358876280022,106.6853232069683,0.0,10.0,14.8,Partly Cloudy
3937,Từ Cầu Nguyễn Văn Cừ đến An Dương Vương,2025-07-26 17:34:00,500,FRC2,35,35,454,454,1,False,10.757138847709548,106.684944289696,0.0,10.0,14.8,Partly Cloudy
3938,Từ Cầu Nguyễn Văn Cừ đến An Dương Vương,2025-07-26 17:34:00,400,FRC2,35,35,454,454,1,False,10.757963133528543,106.68463303622572,0.0,10.0,14.8,Partly Cloudy
3939,Từ Cầu Nguyễn Văn Cừ đến An Dương Vương,2025-07-26 17:34:00,300,FRC2,35,35,454,454,1,False,10.758623446871004,106.68435335919212,0.0,10.0,14.8,Partly Cloudy
3940,Từ Cầu Nguyễn Văn Cừ đến An Dương Vương,2025-07-26 17:34:00,200,FRC6,27,27,628,628,1,False,10.759478749919925,106.68406917123804,0.0,10.0,14.8,Partly Cloudy
3941,Từ Cầu Nguyễn Văn Cừ đến An Dương Vương,2025-07-26 17:34:00,100,FRC2,35,35,454,454,1,False,10.760311892549737,106.68371280856688,0.0,10.0,14.8,Partly Cloudy
3942,Từ Cầu Nguyễn Văn Cừ đến An Dương Vương,2025-07-26 17:34:00,0,FRC2,35,35,454,454,1,False,10.761189348756318,106.68340155509297,0.0,10.0,14.8,Partly Cloudy
3943,Từ Vòng Xoay Trần Phú đến ĐHSP,2025-07-26 17:34:00,1000,FRC4,29,29,198,198,1,False,10.757533515349062,106.67414436746735,0.0,10.0,14.8,Partly Cloudy
3944,Từ Vòng Xoay Trần Phú đến ĐHSP,2025-07-26 17:34:00,900,FRC4,29,29,198,198,1,False,10.757824186413304,106.67502060044893,0.0,10.0,14.8,Partly Cloudy
3945,Từ Vòng Xoay Trần Phú đến ĐHSP,2025-07-26 17:34:00,800,FRC4,29,29,198,198,1,False,10.758126036834728,106.67584372840122,0.0,10.0,14.8,Partly Cloudy
3946,Từ Vòng Xoay Trần Phú đến ĐHSP,2025-07-26 17:34:00,700,FRC4,29,29,198,198,1,False,10.758483785091158,106.67667444278729,0.0,10.0,14.8,Partly Cloudy
3947,Từ Vòng Xoay Trần Phú đến ĐHSP,2025-07-26 17:34:00,600,FRC4,29,29,198,198,1,False,10.758740916389923,106.67733446243443,0.0,10.0,14.8,Partly Cloudy
3948,Từ Vòng Xoay Trần Phú đến ĐHSP,2025-07-26 17:34:00,500,FRC4,28,28,207,207,1,False,10.759121023128003,106.67817276325134,0.0,10.0,14.8,Partly Cloudy
3949,Từ Vòng Xoay Trần Phú đến ĐHSP,2025-07-26 17:34:00,400,FRC4,28,28,207,207,1,False,10.759445231432741,106.6790186505005,0.0,10.0,14.8,Partly Cloudy
3950,Từ Vòng Xoay Trần Phú đến ĐHSP,2025-07-26 17:34:00,300,FRC4,28,28,207,207,1,False,10.759784345493584,106.67986453775157,0.0,10.0,14.8,Partly Cloudy
3951,Từ Vòng Xoay Trần Phú đến ĐHSP,2025-07-26 17:34:00,200,FRC4,28,28,207,207,1,False,10.76013091221701,106.68072559786684,0.0,10.0,14.8,Partly Cloudy
3952,Từ Vòng Xoay Trần Phú đến ĐHSP,2025-07-26 17:34:00,100,FRC4,29,29,198,198,1,False,10.760458845955434,106.6815638986815,0.0,10.0,14.8,Partly Cloudy
3953,Từ Vòng Xoay Trần Phú đến ĐHSP,2025-07-26 17:34:00,0,FRC4,29,29,198,198,1,False,10.760883668675298,106.6826449653469,0.0,10.0,14.8,Partly Cloudy
3954,Từ Ngã Sáu Cộng Hòa đến An Dương Vương,2025-07-26 17:50:00,500,FRC3,33,33,760,760,1,False,10.765163027177051,106.68176325830919,0.0,10.0,14.8,Partly Cloudy
3955,Từ Ngã Sáu Cộng Hòa đến An Dương Vương,2025-07-26 17:50:00,400,FRC3,33,33,760,760,1,False,10.764283334954333,106.68210132878986,0.0,10.0,14.8,Partly Cloudy
3956,Từ Ngã Sáu Cộng Hòa đến An Dương Vương,2025-07-26 17:50:00,300,FRC3,33,33,760,760,1,False,10.763480856227291,106.68240386571111,0.0,10.0,14.8,Partly Cloudy
3957,Từ Ngã Sáu Cộng Hòa đến An Dương Vương,2025-07-26 17:50:00,200,FRC3,33,33,760,760,1,False,10.762642918836454,106.6827364596283,0.0,10.0,14.8,Partly Cloudy
3958,Từ Ngã Sáu Cộng Hòa đến An Dương Vương,2025-07-26 17:50:00,100,FRC3,33,33,760,760,1,False,10.7619261906941,106.68302613820323,0.0,10.0,14.8,Partly Cloudy
3959,Từ Ngã Sáu Cộng Hòa đến An Dương Vương,2025-07-26 17:50:00,0,FRC3,33,33,760,760,1,False,10.761156760056346,106.68331581677815,0.0,10.0,14.8,Partly Cloudy
3960,Từ Cầu Nguyễn Văn Cừ đến An Dương Vương,2025-07-26 17:50:00,700,FRC2,30,34,530,467,0.998499,False,10.755556817425111,106.68578400873503,0.0,10.0,14.8,Partly Cloudy
3961,Từ Cầu Nguyễn Văn Cừ đến An Dương Vương,2025-07-26 17:50:00,600,FRC2,30,34,530,467,0.998499,False,10.756358876280022,106.6853232069683,0.0,10.0,14.8,Partly Cloudy
3962,Từ Cầu Nguyễn Văn Cừ đến An Dương Vương,2025-07-26 17:50:00,500,FRC2,30,34,530,467,0.998499,False,10.757138847709548,106.684944289696,0.0,10.0,14.8,Partly Cloudy
3963,Từ Cầu Nguyễn Văn Cừ đến An Dương Vương,2025-07-26 17:50:00,400,FRC2,30,34,530,467,0.998499,False,10.757963133528543,106.68463303622572,0.0,10.0,14.8,Partly Cloudy
3964,Từ Cầu Nguyễn Văn Cừ đến An Dương Vương,2025-07-26 17:50:00,300,FRC2,30,34,530,467,0.998499,False,10.758623446871004,106.68435335919212,0.0,10.0,14.8,Partly Cloudy
3965,Từ Cầu Nguyễn Văn Cừ đến An Dương Vương,2025-07-26 17:50:00,200,FRC6,27,27,628,628,1,False,10.759478749919925,106.68406917123804,0.0,10.0,14.8,Partly Cloudy
3966,Từ Cầu Nguyễn Văn Cừ đến An Dương Vương,2025-07-26 17:50:00,100,FRC2,30,34,530,467,0.998499,False,10.760311892549737,106.68371280856688,0.0,10.0,14.8,Partly Cloudy
3967,Từ Cầu Nguyễn Văn Cừ đến An Dương Vương,2025-07-26 17:50:00,0,FRC2,30,34,530,467,0.998499,False,10.761189348756318,106.68340155509297,0.0,10.0,14.8,Partly Cloudy
3968,Từ Vòng Xoay Trần Phú đến ĐHSP,2025-07-26 17:50:00,1000,FRC4,29,29,198,198,1,False,10.757533515349062,106.67414436746735,0.0,10.0,14.8,Partly Cloudy
3969,Từ Vòng Xoay Trần Phú đến ĐHSP,2025-07-26 17:50:00,900,FRC4,29,29,198,198,1,False,10.757824186413304,106.67502060044893,0.0,10.0,14.8,Partly Cloudy
3970,Từ Vòng Xoay Trần Phú đến ĐHSP,2025-07-26 17:50:00,800,FRC4,29,29,198,198,1,False,10.758126036834728,106.67584372840122,0.0,10.0,14.8,Partly Cloudy
3971,Từ Vòng Xoay Trần Phú đến ĐHSP,2025-07-26 17:50:00,700,FRC4,29,29,198,198,1,False,10.758483785091158,106.67667444278729,0.0,10.0,14.8,Partly Cloudy
3972,Từ Vòng Xoay Trần Phú đến ĐHSP,2025-07-26 17:50:00,600,FRC4,29,29,198,198,1,False,10.758740916389923,106.67733446243443,0.0,10.0,14.8,Partly Cloudy
3973,Từ Vòng Xoay Trần Phú đến ĐHSP,2025-07-26 17:50:00,500,FRC4,28,28,207,207,1,False,10.759121023128003,106.67817276325134,0.0,10.0,14.8,Partly Cloudy
3974,Từ Vòng Xoay Trần Phú đến ĐHSP,2025-07-26 17:50:00,400,FRC4,28,28,207,207,1,False,10.759445231432741,106.6790186505005,0.0,10.0,14.8,Partly Cloudy
3975,Từ Vòng Xoay Trần Phú đến ĐHSP,2025-07-26 17:50:00,300,FRC4,28,28,207,207,1,False,10.759784345493584,106.67986453775157,0.0,10.0,14.8,Partly Cloudy
3976,Từ Vòng Xoay Trần Phú đến ĐHSP,2025-07-26 17:50:00,200,FRC4,28,28,207,207,1,False,10.76013091221701,106.68072559786684,0.0,10.0,14.8,Partly Cloudy
3977,Từ Vòng Xoay Trần Phú đến ĐHSP,2025-07-26 17:50:00,100,FRC4,29,29,198,198,1,False,10.760458845955434,106.6815638986815,0.0,10.0,14.8,Partly Cloudy
3978,Từ Vòng Xoay Trần Phú đến ĐHSP,2025-07-26 17:50:00,0,FRC4,29,29,198,198,1,False,10.760883668675298,106.6826449653469,0.0,10.0,14.8,Partly Cloudy
3979,Từ Ngã Sáu Cộng Hòa đến An Dương Vương,2025-07-27 06:23:00,500,FRC3,24,33,1046,760,1,False,10.765163027177051,106.68176325830919,0.0,10.0,21.6,Light rain
3980,Từ Ngã Sáu Cộng Hòa đến An Dương Vương,2025-07-27 06:23:00,400,FRC3,24,33,1046,760,1,False,10.764283334954333,106.68210132878986,0.0,10.0,21.6,Light rain
3981,Từ Ngã Sáu Cộng Hòa đến An Dương Vương,2025-07-27 06:23:00,300,FRC3,24,33,1046,760,1,False,10.763480856227291,106.68240386571111,0.0,10.0,21.6,Light rain
3982,Từ Ngã Sáu Cộng Hòa đến An Dương Vương,2025-07-27 06:23:00,200,FRC3,24,33,1046,760,1,False,10.762642918836454,106.6827364596283,0.0,10.0,21.6,Light rain
3983,Từ Ngã Sáu Cộng Hòa đến An Dương Vương,2025-07-27 06:23:00,100,FRC3,24,33,1046,760,1,False,10.7619261906941,106.68302613820323,0.0,10.0,21.6,Light rain
3984,Từ Ngã Sáu Cộng Hòa đến An Dương Vương,2025-07-27 06:23:00,0,FRC3,24,33,1046,760,1,False,10.761156760056346,106.68331581677815,0.0,10.0,21.6,Light rain
3985,Từ Cầu Nguyễn Văn Cừ đến An Dương Vương,2025-07-27 06:23:00,700,FRC2,26,34,611,467,1,False,10.755556817425111,106.68578400873503,0.0,10.0,21.6,Light rain
3986,Từ Cầu Nguyễn Văn Cừ đến An Dương Vương,2025-07-27 06:23:00,600,FRC2,26,34,611,467,1,False,10.756358876280022,106.6853232069683,0.0,10.0,21.6,Light rain
3987,Từ Cầu Nguyễn Văn Cừ đến An Dương Vương,2025-07-27 06:23:00,500,FRC2,26,34,611,467,1,False,10.757138847709548,106.684944289696,0.0,10.0,21.6,Light rain
3988,Từ Cầu Nguyễn Văn Cừ đến An Dương Vương,2025-07-27 06:23:00,400,FRC2,26,34,611,467,1,False,10.757963133528543,106.68463303622572,0.0,10.0,21.6,Light rain
3989,Từ Cầu Nguyễn Văn Cừ đến An Dương Vương,2025-07-27 06:23:00,300,FRC2,26,34,611,467,1,False,10.758623446871004,106.68435335919212,0.0,10.0,21.6,Light rain
3990,Từ Cầu Nguyễn Văn Cừ đến An Dương Vương,2025-07-27 06:23:00,200,FRC6,22,26,771,652,1,False,10.759478749919925,106.68406917123804,0.0,10.0,21.6,Light rain
3991,Từ Cầu Nguyễn Văn Cừ đến An Dương Vương,2025-07-27 06:23:00,100,FRC2,26,34,611,467,1,False,10.760311892549737,106.68371280856688,0.0,10.0,21.6,Light rain
3992,Từ Cầu Nguyễn Văn Cừ đến An Dương Vương,2025-07-27 06:23:00,0,FRC2,26,34,611,467,1,False,10.761189348756318,106.68340155509297,0.0,10.0,21.6,Light rain
3993,Từ Vòng Xoay Trần Phú đến ĐHSP,2025-07-27 06:23:00,1000,FRC4,22,28,261,205,1,False,10.757533515349062,106.67414436746735,0.0,10.0,21.6,Light rain
3994,Từ Vòng Xoay Trần Phú đến ĐHSP,2025-07-27 06:23:00,900,FRC4,22,28,261,205,1,False,10.757824186413304,106.67502060044893,0.0,10.0,21.6,Light rain
3995,Từ Vòng Xoay Trần Phú đến ĐHSP,2025-07-27 06:23:00,800,FRC4,22,28,261,205,1,False,10.758126036834728,106.67584372840122,0.0,10.0,21.6,Light rain
3996,Từ Vòng Xoay Trần Phú đến ĐHSP,2025-07-27 06:23:00,700,FRC4,22,28,261,205,1,False,10.758483785091158,106.67667444278729,0.0,10.0,21.6,Light rain
3997,Từ Vòng Xoay Trần Phú đến ĐHSP,2025-07-27 06:23:00,600,FRC4,22,28,261,205,1,False,10.758740916389923,106.67733446243443,0.0,10.0,21.6,Light rain
3998,Từ Vòng Xoay Trần Phú đến ĐHSP,2025-07-27 06:23:00,500,FRC4,18,28,322,207,1,False,10.759121023128003,106.67817276325134,0.0,10.0,21.6,Light rain
3999,Từ Vòng Xoay Trần Phú đến ĐHSP,2025-07-27 06:23:00,400,FRC4,18,28,322,207,1,False,10.759445231432741,106.6790186505005,0.0,10.0,21.6,Light rain
4000,Từ Vòng Xoay Trần Phú đến ĐHSP,2025-07-27 06:23:00,300,FRC4,18,28,322,207,1,False,10.759784345493584,106.67986453775157,0.0,10.0,21.6,Light rain
4001,Từ Vòng Xoay Trần Phú đến ĐHSP,2025-07-27 06:23:00,200,FRC4,18,28,322,207,1,False,10.76013091221701,106.68072559786684,0.0,10.0,21.6,Light rain
4002,Từ Vòng Xoay Trần Phú đến ĐHSP,2025-07-27 06:23:00,100,FRC4,22,28,261,205,1,False,10.760458845955434,106.6815638986815,0.0,10.0,21.6,Light rain
4003,Từ Vòng Xoay Trần Phú đến ĐHSP,2025-07-27 06:23:00,0,FRC4,22,28,261,205,1,False,10.760883668675298,106.6826449653469,0.0,10.0,21.6,Light rain
4004,Từ Ngã Sáu Cộng Hòa đến An Dương Vương,2025-07-27 06:51:00,500,FRC3,25,33,1004,760,1,False,10.765163027177051,106.68176325830919,0.0,10.0,21.6,Light rain
4005,Từ Ngã Sáu Cộng Hòa đến An Dương Vương,2025-07-27 06:51:00,400,FRC3,25,33,1004,760,1,False,10.764283334954333,106.68210132878986,0.0,10.0,21.6,Light rain
4006,Từ Ngã Sáu Cộng Hòa đến An Dương Vương,2025-07-27 06:51:00,300,FRC3,25,33,1004,760,1,False,10.763480856227291,106.68240386571111,0.0,10.0,21.6,Light rain
4007,Từ Ngã Sáu Cộng Hòa đến An Dương Vương,2025-07-27 06:51:00,200,FRC3,25,33,1004,760,1,False,10.762642918836454,106.6827364596283,0.0,10.0,21.6,Light rain
4008,Từ Ngã Sáu Cộng Hòa đến An Dương Vương,2025-07-27 06:51:00,100,FRC3,25,33,1004,760,1,False,10.7619261906941,106.68302613820323,0.0,10.0,21.6,Light rain
4009,Từ Ngã Sáu Cộng Hòa đến An Dương Vương,2025-07-27 06:51:00,0,FRC3,25,33,1004,760,1,False,10.761156760056346,106.68331581677815,0.0,10.0,21.6,Light rain
4010,Từ Cầu Nguyễn Văn Cừ đến An Dương Vương,2025-07-27 06:51:00,700,FRC2,26,34,611,467,1,False,10.755556817425111,106.68578400873503,0.0,10.0,21.6,Light rain
4011,Từ Cầu Nguyễn Văn Cừ đến An Dương Vương,2025-07-27 06:51:00,600,FRC2,26,34,611,467,1,False,10.756358876280022,106.6853232069683,0.0,10.0,21.6,Light rain
4012,Từ Cầu Nguyễn Văn Cừ đến An Dương Vương,2025-07-27 06:51:00,500,FRC2,26,34,611,467,1,False,10.757138847709548,106.684944289696,0.0,10.0,21.6,Light rain
4013,Từ Cầu Nguyễn Văn Cừ đến An Dương Vương,2025-07-27 06:51:00,400,FRC2,26,34,611,467,1,False,10.757963133528543,106.68463303622572,0.0,10.0,21.6,Light rain
4014,Từ Cầu Nguyễn Văn Cừ đến An Dương Vương,2025-07-27 06:51:00,300,FRC2,26,34,611,467,1,False,10.758623446871004,106.68435335919212,0.0,10.0,21.6,Light rain
4015,Từ Cầu Nguyễn Văn Cừ đến An Dương Vương,2025-07-27 06:51:00,200,FRC6,20,26,848,652,1,False,10.759478749919925,106.68406917123804,0.0,10.0,21.6,Light rain
4016,Từ Cầu Nguyễn Văn Cừ đến An Dương Vương,2025-07-27 06:51:00,100,FRC2,26,34,611,467,1,False,10.760311892549737,106.68371280856688,0.0,10.0,21.6,Light rain
4017,Từ Cầu Nguyễn Văn Cừ đến An Dương Vương,2025-07-27 06:51:00,0,FRC2,26,34,611,467,1,False,10.761189348756318,106.68340155509297,0.0,10.0,21.6,Light rain
4018,Từ Vòng Xoay Trần Phú đến ĐHSP,2025-07-27 06:51:00,1000,FRC4,21,29,273,198,1,False,10.757533515349062,106.67414436746735,0.0,10.0,21.6,Light rain
4019,Từ Vòng Xoay Trần Phú đến ĐHSP,2025-07-27 06:51:00,900,FRC4,21,29,273,198,1,False,10.757824186413304,106.67502060044893,0.0,10.0,21.6,Light rain
4020,Từ Vòng Xoay Trần Phú đến ĐHSP,2025-07-27 06:51:00,800,FRC4,21,29,273,198,1,False,10.758126036834728,106.67584372840122,0.0,10.0,21.6,Light rain
4021,Từ Vòng Xoay Trần Phú đến ĐHSP,2025-07-27 06:51:00,700,FRC4,21,29,273,198,1,False,10.758483785091158,106.67667444278729,0.0,10.0,21.6,Light rain
4022,Từ Vòng Xoay Trần Phú đến ĐHSP,2025-07-27 06:51:00,600,FRC4,21,29,273,198,1,False,10.758740916389923,106.67733446243443,0.0,10.0,21.6,Light rain
4023,Từ Vòng Xoay Trần Phú đến ĐHSP,2025-07-27 06:51:00,500,FRC4,21,28,276,207,1,False,10.759121023128003,106.67817276325134,0.0,10.0,21.6,Light rain
4024,Từ Vòng Xoay Trần Phú đến ĐHSP,2025-07-27 06:51:00,400,FRC4,21,27,276,214,1,False,10.759445231432741,106.6790186505005,0.0,10.0,21.6,Light rain
4025,Từ Vòng Xoay Trần Phú đến ĐHSP,2025-07-27 06:51:00,300,FRC4,21,27,276,214,1,False,10.759784345493584,106.67986453775157,0.0,10.0,21.6,Light rain
4026,Từ Vòng Xoay Trần Phú đến ĐHSP,2025-07-27 06:51:00,200,FRC4,21,27,276,214,1,False,10.76013091221701,106.68072559786684,0.0,10.0,21.6,Light rain
4027,Từ Vòng Xoay Trần Phú đến ĐHSP,2025-07-27 06:51:00,100,FRC4,22,29,261,198,1,False,10.760458845955434,106.6815638986815,0.0,10.0,21.6,Light rain
4028,Từ Vòng Xoay Trần Phú đến ĐHSP,2025-07-27 06:51:00,0,FRC4,22,29,261,198,1,False,10.760883668675298,106.6826449653469,0.0,10.0,21.6,Light rain
4029,Từ Ngã Sáu Cộng Hòa đến An Dương Vương,2025-07-27 07:15:00,500,FRC3,23,33,1091,760,1,False,10.765163027177051,106.68176325830919,0.0,10.0,23.0,Light rain
4030,Từ Ngã Sáu Cộng Hòa đến An Dương Vương,2025-07-27 07:15:00,400,FRC3,23,33,1091,760,1,False,10.764283334954333,106.68210132878986,0.0,10.0,23.0,Light rain
4031,Từ Ngã Sáu Cộng Hòa đến An Dương Vương,2025-07-27 07:15:00,300,FRC3,23,33,1091,760,1,False,10.763480856227291,106.68240386571111,0.0,10.0,23.0,Light rain
4032,Từ Ngã Sáu Cộng Hòa đến An Dương Vương,2025-07-27 07:15:00,200,FRC3,23,33,1091,760,1,False,10.762642918836454,106.6827364596283,0.0,10.0,23.0,Light rain
4033,Từ Ngã Sáu Cộng Hòa đến An Dương Vương,2025-07-27 07:15:00,100,FRC3,23,33,1091,760,1,False,10.7619261906941,106.68302613820323,0.0,10.0,23.0,Light rain
4034,Từ Ngã Sáu Cộng Hòa đến An Dương Vương,2025-07-27 07:15:00,0,FRC3,23,33,1091,760,1,False,10.761156760056346,106.68331581677815,0.0,10.0,23.0,Light rain
4035,Từ Cầu Nguyễn Văn Cừ đến An Dương Vương,2025-07-27 07:15:00,700,FRC2,27,34,589,467,1,False,10.755556817425111,106.68578400873503,0.0,10.0,23.0,Light rain
4036,Từ Cầu Nguyễn Văn Cừ đến An Dương Vương,2025-07-27 07:15:00,600,FRC2,27,34,589,467,1,False,10.756358876280022,106.6853232069683,0.0,10.0,23.0,Light rain
4037,Từ Cầu Nguyễn Văn Cừ đến An Dương Vương,2025-07-27 07:15:00,500,FRC2,27,34,589,467,1,False,10.757138847709548,106.684944289696,0.0,10.0,23.0,Light rain
4038,Từ Cầu Nguyễn Văn Cừ đến An Dương Vương,2025-07-27 07:15:00,400,FRC2,27,34,589,467,1,False,10.757963133528543,106.68463303622572,0.0,10.0,23.0,Light rain
4039,Từ Cầu Nguyễn Văn Cừ đến An Dương Vương,2025-07-27 07:15:00,300,FRC2,27,34,589,467,1,False,10.758623446871004,106.68435335919212,0.0,10.0,23.0,Light rain
4040,Từ Cầu Nguyễn Văn Cừ đến An Dương Vương,2025-07-27 07:15:00,200,FRC6,20,26,848,652,1,False,10.759478749919925,106.68406917123804,0.0,10.0,23.0,Light rain
4041,Từ Cầu Nguyễn Văn Cừ đến An Dương Vương,2025-07-27 07:15:00,100,FRC2,27,34,589,467,1,False,10.760311892549737,106.68371280856688,0.0,10.0,23.0,Light rain
4042,Từ Cầu Nguyễn Văn Cừ đến An Dương Vương,2025-07-27 07:15:00,0,FRC2,27,34,589,467,1,False,10.761189348756318,106.68340155509297,0.0,10.0,23.0,Light rain
4043,Từ Vòng Xoay Trần Phú đến ĐHSP,2025-07-27 07:15:00,1000,FRC4,21,28,273,205,1,False,10.757533515349062,106.67414436746735,0.0,10.0,23.0,Light rain
4044,Từ Vòng Xoay Trần Phú đến ĐHSP,2025-07-27 07:15:00,900,FRC4,21,28,273,205,1,False,10.757824186413304,106.67502060044893,0.0,10.0,23.0,Light rain
4045,Từ Vòng Xoay Trần Phú đến ĐHSP,2025-07-27 07:15:00,800,FRC4,21,28,273,205,1,False,10.758126036834728,106.67584372840122,0.0,10.0,23.0,Light rain
4046,Từ Vòng Xoay Trần Phú đến ĐHSP,2025-07-27 07:15:00,700,FRC4,21,28,273,205,1,False,10.758483785091158,106.67667444278729,0.0,10.0,23.0,Light rain
4047,Từ Vòng Xoay Trần Phú đến ĐHSP,2025-07-27 07:15:00,600,FRC4,21,28,273,205,1,False,10.758740916389923,106.67733446243443,0.0,10.0,23.0,Light rain
4048,Từ Vòng Xoay Trần Phú đến ĐHSP,2025-07-27 07:15:00,500,FRC4,23,28,252,207,0.998091,False,10.759121023128003,106.67817276325134,0.0,10.0,23.0,Light rain
4049,Từ Vòng Xoay Trần Phú đến ĐHSP,2025-07-27 07:15:00,400,FRC4,23,28,252,207,0.998091,False,10.759445231432741,106.6790186505005,0.0,10.0,23.0,Light rain
4050,Từ Vòng Xoay Trần Phú đến ĐHSP,2025-07-27 07:15:00,300,FRC4,23,27,252,214,0.998091,False,10.759784345493584,106.67986453775157,0.0,10.0,23.0,Light rain
4051,Từ Vòng Xoay Trần Phú đến ĐHSP,2025-07-27 07:15:00,200,FRC4,23,27,252,214,0.998091,False,10.76013091221701,106.68072559786684,0.0,10.0,23.0,Light rain
4052,Từ Vòng Xoay Trần Phú đến ĐHSP,2025-07-27 07:15:00,100,FRC4,21,27,273,212,1,False,10.760458845955434,106.6815638986815,0.0,10.0,23.0,Light rain
4053,Từ Vòng Xoay Trần Phú đến ĐHSP,2025-07-27 07:15:00,0,FRC4,21,27,273,212,1,False,10.760883668675298,106.6826449653469,0.0,10.0,23.0,Light rain
4054,Từ Ngã Sáu Cộng Hòa đến An Dương Vương,2025-07-27 07:38:00,500,FRC3,25,32,1004,784,1,False,10.765163027177051,106.68176325830919,0.0,10.0,23.0,Light rain
4055,Từ Ngã Sáu Cộng Hòa đến An Dương Vương,2025-07-27 07:38:00,400,FRC3,25,32,1004,784,1,False,10.764283334954333,106.68210132878986,0.0,10.0,23.0,Light rain
4056,Từ Ngã Sáu Cộng Hòa đến An Dương Vương,2025-07-27 07:38:00,300,FRC3,25,32,1004,784,1,False,10.763480856227291,106.68240386571111,0.0,10.0,23.0,Light rain
4057,Từ Ngã Sáu Cộng Hòa đến An Dương Vương,2025-07-27 07:38:00,200,FRC3,25,32,1004,784,1,False,10.762642918836454,106.6827364596283,0.0,10.0,23.0,Light rain
4058,Từ Ngã Sáu Cộng Hòa đến An Dương Vương,2025-07-27 07:38:00,100,FRC3,25,32,1004,784,1,False,10.7619261906941,106.68302613820323,0.0,10.0,23.0,Light rain
4059,Từ Ngã Sáu Cộng Hòa đến An Dương Vương,2025-07-27 07:38:00,0,FRC3,25,32,1004,784,1,False,10.761156760056346,106.68331581677815,0.0,10.0,23.0,Light rain
4060,Từ Cầu Nguyễn Văn Cừ đến An Dương Vương,2025-07-27 07:38:00,700,FRC2,27,34,589,467,1,False,10.755556817425111,106.68578400873503,0.0,10.0,23.0,Light rain
4061,Từ Cầu Nguyễn Văn Cừ đến An Dương Vương,2025-07-27 07:38:00,600,FRC2,27,34,589,467,1,False,10.756358876280022,106.6853232069683,0.0,10.0,23.0,Light rain
4062,Từ Cầu Nguyễn Văn Cừ đến An Dương Vương,2025-07-27 07:38:00,500,FRC2,27,34,589,467,1,False,10.757138847709548,106.684944289696,0.0,10.0,23.0,Light rain
4063,Từ Cầu Nguyễn Văn Cừ đến An Dương Vương,2025-07-27 07:38:00,400,FRC2,27,34,589,467,1,False,10.757963133528543,106.68463303622572,0.0,10.0,23.0,Light rain
4064,Từ Cầu Nguyễn Văn Cừ đến An Dương Vương,2025-07-27 07:38:00,300,FRC2,27,34,589,467,1,False,10.758623446871004,106.68435335919212,0.0,10.0,23.0,Light rain
4065,Từ Cầu Nguyễn Văn Cừ đến An Dương Vương,2025-07-27 07:38:00,200,FRC6,21,25,808,679,1,False,10.759478749919925,106.68406917123804,0.0,10.0,23.0,Light rain
4066,Từ Cầu Nguyễn Văn Cừ đến An Dương Vương,2025-07-27 07:38:00,100,FRC2,27,34,589,467,1,False,10.760311892549737,106.68371280856688,0.0,10.0,23.0,Light rain
4067,Từ Cầu Nguyễn Văn Cừ đến An Dương Vương,2025-07-27 07:38:00,0,FRC2,27,34,589,467,1,False,10.761189348756318,106.68340155509297,0.0,10.0,23.0,Light rain
4068,Từ Vòng Xoay Trần Phú đến ĐHSP,2025-07-27 07:38:00,1000,FRC4,24,29,239,198,1,False,10.757533515349062,106.67414436746735,0.0,10.0,23.0,Light rain
4069,Từ Vòng Xoay Trần Phú đến ĐHSP,2025-07-27 07:38:00,900,FRC4,24,29,239,198,1,False,10.757824186413304,106.67502060044893,0.0,10.0,23.0,Light rain
4070,Từ Vòng Xoay Trần Phú đến ĐHSP,2025-07-27 07:38:00,800,FRC4,24,29,239,198,1,False,10.758126036834728,106.67584372840122,0.0,10.0,23.0,Light rain
4071,Từ Vòng Xoay Trần Phú đến ĐHSP,2025-07-27 07:38:00,700,FRC4,24,29,239,198,1,False,10.758483785091158,106.67667444278729,0.0,10.0,23.0,Light rain
4072,Từ Vòng Xoay Trần Phú đến ĐHSP,2025-07-27 07:38:00,600,FRC4,24,29,239,198,1,False,10.758740916389923,106.67733446243443,0.0,10.0,23.0,Light rain
4073,Từ Vòng Xoay Trần Phú đến ĐHSP,2025-07-27 07:38:00,500,FRC4,20,28,289,207,1,False,10.759121023128003,106.67817276325134,0.0,10.0,23.0,Light rain
4074,Từ Vòng Xoay Trần Phú đến ĐHSP,2025-07-27 07:38:00,400,FRC4,20,28,289,207,1,False,10.759445231432741,106.6790186505005,0.0,10.0,23.0,Light rain
4075,Từ Vòng Xoay Trần Phú đến ĐHSP,2025-07-27 07:38:00,300,FRC4,20,28,289,207,1,False,10.759784345493584,106.67986453775157,0.0,10.0,23.0,Light rain
4076,Từ Vòng Xoay Trần Phú đến ĐHSP,2025-07-27 07:38:00,200,FRC4,20,28,289,207,1,False,10.76013091221701,106.68072559786684,0.0,10.0,23.0,Light rain
4077,Từ Vòng Xoay Trần Phú đến ĐHSP,2025-07-27 07:38:00,100,FRC4,24,29,239,198,1,False,10.760458845955434,106.6815638986815,0.0,10.0,23.0,Light rain
4078,Từ Vòng Xoay Trần Phú đến ĐHSP,2025-07-27 07:38:00,0,FRC4,24,29,239,198,1,False,10.760883668675298,106.6826449653469,0.0,10.0,23.0,Light rain
4079,Từ Ngã Sáu Cộng Hòa đến An Dương Vương,2025-07-27 07:50:00,500,FRC3,24,32,1046,784,1,False,10.765163027177051,106.68176325830919,0.0,10.0,23.0,Overcast
4080,Từ Ngã Sáu Cộng Hòa đến An Dương Vương,2025-07-27 07:50:00,400,FRC3,24,32,1046,784,1,False,10.764283334954333,106.68210132878986,0.0,10.0,23.0,Overcast
4081,Từ Ngã Sáu Cộng Hòa đến An Dương Vương,2025-07-27 07:50:00,300,FRC3,24,32,1046,784,1,False,10.763480856227291,106.68240386571111,0.0,10.0,23.0,Overcast
4082,Từ Ngã Sáu Cộng Hòa đến An Dương Vương,2025-07-27 07:50:00,200,FRC3,24,32,1046,784,1,False,10.762642918836454,106.6827364596283,0.0,10.0,23.0,Overcast
4083,Từ Ngã Sáu Cộng Hòa đến An Dương Vương,2025-07-27 07:50:00,100,FRC3,24,32,1046,784,1,False,10.7619261906941,106.68302613820323,0.0,10.0,23.0,Overcast
4084,Từ Ngã Sáu Cộng Hòa đến An Dương Vương,2025-07-27 07:50:00,0,FRC3,24,32,1046,784,1,False,10.761156760056346,106.68331581677815,0.0,10.0,23.0,Overcast
4085,Từ Cầu Nguyễn Văn Cừ đến An Dương Vương,2025-07-27 07:50:00,700,FRC2,27,34,589,467,1,False,10.755556817425111,106.68578400873503,0.0,10.0,23.0,Overcast
4086,Từ Cầu Nguyễn Văn Cừ đến An Dương Vương,2025-07-27 07:50:00,600,FRC2,27,34,589,467,1,False,10.756358876280022,106.6853232069683,0.0,10.0,23.0,Overcast
4087,Từ Cầu Nguyễn Văn Cừ đến An Dương Vương,2025-07-27 07:50:00,500,FRC2,27,34,589,467,1,False,10.757138847709548,106.684944289696,0.0,10.0,23.0,Overcast
4088,Từ Cầu Nguyễn Văn Cừ đến An Dương Vương,2025-07-27 07:50:00,400,FRC2,27,34,589,467,1,False,10.757963133528543,106.68463303622572,0.0,10.0,23.0,Overcast
4089,Từ Cầu Nguyễn Văn Cừ đến An Dương Vương,2025-07-27 07:50:00,300,FRC2,27,34,589,467,1,False,10.758623446871004,106.68435335919212,0.0,10.0,23.0,Overcast
4090,Từ Cầu Nguyễn Văn Cừ đến An Dương Vương,2025-07-27 07:50:00,200,FRC6,22,27,771,628,1,False,10.759478749919925,106.68406917123804,0.0,10.0,23.0,Overcast
4091,Từ Cầu Nguyễn Văn Cừ đến An Dương Vương,2025-07-27 07:50:00,100,FRC2,27,34,589,467,1,False,10.760311892549737,106.68371280856688,0.0,10.0,23.0,Overcast
4092,Từ Cầu Nguyễn Văn Cừ đến An Dương Vương,2025-07-27 07:50:00,0,FRC2,27,34,589,467,1,False,10.761189348756318,106.68340155509297,0.0,10.0,23.0,Overcast
4093,Từ Vòng Xoay Trần Phú đến ĐHSP,2025-07-27 07:50:00,1000,FRC4,22,28,261,205,1,False,10.757533515349062,106.67414436746735,0.0,10.0,23.0,Overcast
4094,Từ Vòng Xoay Trần Phú đến ĐHSP,2025-07-27 07:50:00,900,FRC4,22,28,261,205,1,False,10.757824186413304,106.67502060044893,0.0,10.0,23.0,Overcast
4095,Từ Vòng Xoay Trần Phú đến ĐHSP,2025-07-27 07:50:00,800,FRC4,22,28,261,205,1,False,10.758126036834728,106.67584372840122,0.0,10.0,23.0,Overcast
4096,Từ Vòng Xoay Trần Phú đến ĐHSP,2025-07-27 07:50:00,700,FRC4,22,28,261,205,1,False,10.758483785091158,106.67667444278729,0.0,10.0,23.0,Overcast
4097,Từ Vòng Xoay Trần Phú đến ĐHSP,2025-07-27 07:50:00,600,FRC4,22,28,261,205,1,False,10.758740916389923,106.67733446243443,0.0,10.0,23.0,Overcast
4098,Từ Vòng Xoay Trần Phú đến ĐHSP,2025-07-27 07:50:00,500,FRC4,22,27,263,214,1,False,10.759121023128003,106.67817276325134,0.0,10.0,23.0,Overcast
4099,Từ Vòng Xoay Trần Phú đến ĐHSP,2025-07-27 07:50:00,400,FRC4,22,27,263,214,1,False,10.759445231432741,106.6790186505005,0.0,10.0,23.0,Overcast
4100,Từ Vòng Xoay Trần Phú đến ĐHSP,2025-07-27 07:50:00,300,FRC4,22,27,263,214,1,False,10.759784345493584,106.67986453775157,0.0,10.0,23.0,Overcast
4101,Từ Vòng Xoay Trần Phú đến ĐHSP,2025-07-27 07:50:00,200,FRC4,22,27,263,214,1,False,10.76013091221701,106.68072559786684,0.0,10.0,23.0,Overcast
4102,Từ Vòng Xoay Trần Phú đến ĐHSP,2025-07-27 07:50:00,100,FRC4,22,28,261,205,1,False,10.760458845955434,106.6815638986815,0.0,10.0,23.0,Overcast
4103,Từ Vòng Xoay Trần Phú đến ĐHSP,2025-07-27 07:50:00,0,FRC4,22,28,261,205,1,False,10.760883668675298,106.6826449653469,0.0,10.0,23.0,Overcast
4104,Từ Ngã Sáu Cộng Hòa đến An Dương Vương,2025-07-27 08:19:00,500,FRC3,23,33,1091,760,1,False,10.765163027177051,106.68176325830919,0.0,7.0,24.8,Light rain
4105,Từ Ngã Sáu Cộng Hòa đến An Dương Vương,2025-07-27 08:19:00,400,FRC3,23,33,1091,760,1,False,10.764283334954333,106.68210132878986,0.0,7.0,24.8,Light rain
4106,Từ Ngã Sáu Cộng Hòa đến An Dương Vương,2025-07-27 08:19:00,300,FRC3,23,33,1091,760,1,False,10.763480856227291,106.68240386571111,0.0,7.0,24.8,Light rain
4107,Từ Ngã Sáu Cộng Hòa đến An Dương Vương,2025-07-27 08:19:00,200,FRC3,23,33,1091,760,1,False,10.762642918836454,106.6827364596283,0.0,7.0,24.8,Light rain
4108,Từ Ngã Sáu Cộng Hòa đến An Dương Vương,2025-07-27 08:19:00,100,FRC3,23,33,1091,760,1,False,10.7619261906941,106.68302613820323,0.0,7.0,24.8,Light rain
4109,Từ Ngã Sáu Cộng Hòa đến An Dương Vương,2025-07-27 08:19:00,0,FRC3,23,33,1091,760,1,False,10.761156760056346,106.68331581677815,0.0,7.0,24.8,Light rain
4110,Từ Cầu Nguyễn Văn Cừ đến An Dương Vương,2025-07-27 08:19:00,700,FRC2,28,35,568,454,1,False,10.755556817425111,106.68578400873503,0.0,7.0,24.8,Light rain
4111,Từ Cầu Nguyễn Văn Cừ đến An Dương Vương,2025-07-27 08:19:00,600,FRC2,28,35,568,454,1,False,10.756358876280022,106.6853232069683,0.0,7.0,24.8,Light rain
4112,Từ Cầu Nguyễn Văn Cừ đến An Dương Vương,2025-07-27 08:19:00,500,FRC2,28,35,568,454,1,False,10.757138847709548,106.684944289696,0.0,7.0,24.8,Light rain
4113,Từ Cầu Nguyễn Văn Cừ đến An Dương Vương,2025-07-27 08:19:00,400,FRC2,28,35,568,454,1,False,10.757963133528543,106.68463303622572,0.0,7.0,24.8,Light rain
4114,Từ Cầu Nguyễn Văn Cừ đến An Dương Vương,2025-07-27 08:19:00,300,FRC2,28,35,568,454,1,False,10.758623446871004,106.68435335919212,0.0,7.0,24.8,Light rain
4115,Từ Cầu Nguyễn Văn Cừ đến An Dương Vương,2025-07-27 08:19:00,200,FRC6,19,26,893,652,1,False,10.759478749919925,106.68406917123804,0.0,7.0,24.8,Light rain
4116,Từ Cầu Nguyễn Văn Cừ đến An Dương Vương,2025-07-27 08:19:00,100,FRC2,28,35,568,454,1,False,10.760311892549737,106.68371280856688,0.0,7.0,24.8,Light rain
4117,Từ Cầu Nguyễn Văn Cừ đến An Dương Vương,2025-07-27 08:19:00,0,FRC2,28,35,568,454,1,False,10.761189348756318,106.68340155509297,0.0,7.0,24.8,Light rain
4118,Từ Vòng Xoay Trần Phú đến ĐHSP,2025-07-27 08:19:00,1000,FRC4,20,28,287,205,1,False,10.757533515349062,106.67414436746735,0.0,7.0,24.8,Light rain
4119,Từ Vòng Xoay Trần Phú đến ĐHSP,2025-07-27 08:19:00,900,FRC4,20,28,287,205,1,False,10.757824186413304,106.67502060044893,0.0,7.0,24.8,Light rain
4120,Từ Vòng Xoay Trần Phú đến ĐHSP,2025-07-27 08:19:00,800,FRC4,20,28,287,205,1,False,10.758126036834728,106.67584372840122,0.0,7.0,24.8,Light rain
4121,Từ Vòng Xoay Trần Phú đến ĐHSP,2025-07-27 08:19:00,700,FRC4,20,28,287,205,1,False,10.758483785091158,106.67667444278729,0.0,7.0,24.8,Light rain
4122,Từ Vòng Xoay Trần Phú đến ĐHSP,2025-07-27 08:19:00,600,FRC4,20,28,287,205,1,False,10.758740916389923,106.67733446243443,0.0,7.0,24.8,Light rain
4123,Từ Vòng Xoay Trần Phú đến ĐHSP,2025-07-27 08:19:00,500,FRC4,20,28,289,207,1,False,10.759121023128003,106.67817276325134,0.0,7.0,24.8,Light rain
4124,Từ Vòng Xoay Trần Phú đến ĐHSP,2025-07-27 08:19:00,400,FRC4,20,28,289,207,1,False,10.759445231432741,106.6790186505005,0.0,7.0,24.8,Light rain
4125,Từ Vòng Xoay Trần Phú đến ĐHSP,2025-07-27 08:19:00,300,FRC4,20,28,289,207,1,False,10.759784345493584,106.67986453775157,0.0,7.0,24.8,Light rain
4126,Từ Vòng Xoay Trần Phú đến ĐHSP,2025-07-27 08:19:00,200,FRC4,20,28,289,207,1,False,10.76013091221701,106.68072559786684,0.0,7.0,24.8,Light rain
4127,Từ Vòng Xoay Trần Phú đến ĐHSP,2025-07-27 08:19:00,100,FRC4,20,28,287,205,1,False,10.760458845955434,106.6815638986815,0.0,7.0,24.8,Light rain
4128,Từ Vòng Xoay Trần Phú đến ĐHSP,2025-07-27 08:19:00,0,FRC4,20,28,287,205,1,False,10.760883668675298,106.6826449653469,0.0,7.0,24.8,Light rain
4129,Từ Ngã Sáu Cộng Hòa đến An Dương Vương,2025-07-27 08:46:00,500,FRC3,26,33,965,760,1,False,10.765163027177051,106.68176325830919,0.0,10.0,24.8,Partly cloudy
4130,Từ Ngã Sáu Cộng Hòa đến An Dương Vương,2025-07-27 08:46:00,400,FRC3,26,33,965,760,1,False,10.764283334954333,106.68210132878986,0.0,10.0,24.8,Partly cloudy
4131,Từ Ngã Sáu Cộng Hòa đến An Dương Vương,2025-07-27 08:46:00,300,FRC3,26,33,965,760,1,False,10.763480856227291,106.68240386571111,0.0,10.0,24.8,Partly cloudy
4132,Từ Ngã Sáu Cộng Hòa đến An Dương Vương,2025-07-27 08:46:00,200,FRC3,26,33,965,760,1,False,10.762642918836454,106.6827364596283,0.0,10.0,24.8,Partly cloudy
4133,Từ Ngã Sáu Cộng Hòa đến An Dương Vương,2025-07-27 08:46:00,100,FRC3,26,33,965,760,1,False,10.7619261906941,106.68302613820323,0.0,10.0,24.8,Partly cloudy
4134,Từ Ngã Sáu Cộng Hòa đến An Dương Vương,2025-07-27 08:46:00,0,FRC3,26,33,965,760,1,False,10.761156760056346,106.68331581677815,0.0,10.0,24.8,Partly cloudy
4135,Từ Cầu Nguyễn Văn Cừ đến An Dương Vương,2025-07-27 08:46:00,700,FRC2,26,34,611,467,1,False,10.755556817425111,106.68578400873503,0.0,10.0,24.8,Partly cloudy
4136,Từ Cầu Nguyễn Văn Cừ đến An Dương Vương,2025-07-27 08:46:00,600,FRC2,26,34,611,467,1,False,10.756358876280022,106.6853232069683,0.0,10.0,24.8,Partly cloudy
4137,Từ Cầu Nguyễn Văn Cừ đến An Dương Vương,2025-07-27 08:46:00,500,FRC2,26,34,611,467,1,False,10.757138847709548,106.684944289696,0.0,10.0,24.8,Partly cloudy
4138,Từ Cầu Nguyễn Văn Cừ đến An Dương Vương,2025-07-27 08:46:00,400,FRC2,26,34,611,467,1,False,10.757963133528543,106.68463303622572,0.0,10.0,24.8,Partly cloudy
4139,Từ Cầu Nguyễn Văn Cừ đến An Dương Vương,2025-07-27 08:46:00,300,FRC2,26,34,611,467,1,False,10.758623446871004,106.68435335919212,0.0,10.0,24.8,Partly cloudy
4140,Từ Cầu Nguyễn Văn Cừ đến An Dương Vương,2025-07-27 08:46:00,200,FRC6,21,26,808,652,1,False,10.759478749919925,106.68406917123804,0.0,10.0,24.8,Partly cloudy
4141,Từ Cầu Nguyễn Văn Cừ đến An Dương Vương,2025-07-27 08:46:00,100,FRC2,26,34,611,467,1,False,10.760311892549737,106.68371280856688,0.0,10.0,24.8,Partly cloudy
4142,Từ Cầu Nguyễn Văn Cừ đến An Dương Vương,2025-07-27 08:46:00,0,FRC2,26,34,611,467,1,False,10.761189348756318,106.68340155509297,0.0,10.0,24.8,Partly cloudy
4143,Từ Vòng Xoay Trần Phú đến ĐHSP,2025-07-27 08:46:00,1000,FRC4,20,28,287,205,1,False,10.757533515349062,106.67414436746735,0.0,10.0,24.8,Partly cloudy
4144,Từ Vòng Xoay Trần Phú đến ĐHSP,2025-07-27 08:46:00,900,FRC4,20,28,287,205,1,False,10.757824186413304,106.67502060044893,0.0,10.0,24.8,Partly cloudy
4145,Từ Vòng Xoay Trần Phú đến ĐHSP,2025-07-27 08:46:00,800,FRC4,20,28,287,205,1,False,10.758126036834728,106.67584372840122,0.0,10.0,24.8,Partly cloudy
4146,Từ Vòng Xoay Trần Phú đến ĐHSP,2025-07-27 08:46:00,700,FRC4,20,28,287,205,1,False,10.758483785091158,106.67667444278729,0.0,10.0,24.8,Partly cloudy
4147,Từ Vòng Xoay Trần Phú đến ĐHSP,2025-07-27 08:46:00,600,FRC4,20,28,287,205,1,False,10.758740916389923,106.67733446243443,0.0,10.0,24.8,Partly cloudy
4148,Từ Vòng Xoay Trần Phú đến ĐHSP,2025-07-27 08:46:00,500,FRC4,21,28,276,207,1,False,10.759121023128003,106.67817276325134,0.0,10.0,24.8,Partly cloudy
4149,Từ Vòng Xoay Trần Phú đến ĐHSP,2025-07-27 08:46:00,400,FRC4,21,27,276,214,1,False,10.759445231432741,106.6790186505005,0.0,10.0,24.8,Partly cloudy
4150,Từ Vòng Xoay Trần Phú đến ĐHSP,2025-07-27 08:46:00,300,FRC4,21,27,276,214,1,False,10.759784345493584,106.67986453775157,0.0,10.0,24.8,Partly cloudy
4151,Từ Vòng Xoay Trần Phú đến ĐHSP,2025-07-27 08:46:00,200,FRC4,21,27,276,214,1,False,10.76013091221701,106.68072559786684,0.0,10.0,24.8,Partly cloudy
4152,Từ Vòng Xoay Trần Phú đến ĐHSP,2025-07-27 08:46:00,100,FRC4,20,28,287,205,1,False,10.760458845955434,106.6815638986815,0.0,10.0,24.8,Partly cloudy
4153,Từ Vòng Xoay Trần Phú đến ĐHSP,2025-07-27 08:46:00,0,FRC4,20,28,287,205,1,False,10.760883668675298,106.6826449653469,0.0,10.0,24.8,Partly cloudy
4154,Từ Ngã Sáu Cộng Hòa đến An Dương Vương,2025-07-27 11:16:00,500,FRC3,21,33,1195,760,1,False,10.765163027177051,106.68176325830919,0.0,10.0,22.0,Partly Cloudy
4155,Từ Ngã Sáu Cộng Hòa đến An Dương Vương,2025-07-27 11:16:00,400,FRC3,21,33,1195,760,1,False,10.764283334954333,106.68210132878986,0.0,10.0,22.0,Partly Cloudy
4156,Từ Ngã Sáu Cộng Hòa đến An Dương Vương,2025-07-27 11:16:00,300,FRC3,21,33,1195,760,1,False,10.763480856227291,106.68240386571111,0.0,10.0,22.0,Partly Cloudy
4157,Từ Ngã Sáu Cộng Hòa đến An Dương Vương,2025-07-27 11:16:00,200,FRC3,21,33,1195,760,1,False,10.762642918836454,106.6827364596283,0.0,10.0,22.0,Partly Cloudy
4158,Từ Ngã Sáu Cộng Hòa đến An Dương Vương,2025-07-27 11:16:00,100,FRC3,21,33,1195,760,1,False,10.7619261906941,106.68302613820323,0.0,10.0,22.0,Partly Cloudy
4159,Từ Ngã Sáu Cộng Hòa đến An Dương Vương,2025-07-27 11:16:00,0,FRC3,21,33,1195,760,1,False,10.761156760056346,106.68331581677815,0.0,10.0,22.0,Partly Cloudy
4160,Từ Cầu Nguyễn Văn Cừ đến An Dương Vương,2025-07-27 11:16:00,700,FRC2,23,34,691,467,1,False,10.755556817425111,106.68578400873503,0.0,10.0,22.0,Partly Cloudy
4161,Từ Cầu Nguyễn Văn Cừ đến An Dương Vương,2025-07-27 11:16:00,600,FRC2,23,34,691,467,1,False,10.756358876280022,106.6853232069683,0.0,10.0,22.0,Partly Cloudy
4162,Từ Cầu Nguyễn Văn Cừ đến An Dương Vương,2025-07-27 11:16:00,500,FRC2,23,34,691,467,1,False,10.757138847709548,106.684944289696,0.0,10.0,22.0,Partly Cloudy
4163,Từ Cầu Nguyễn Văn Cừ đến An Dương Vương,2025-07-27 11:16:00,400,FRC2,23,34,691,467,1,False,10.757963133528543,106.68463303622572,0.0,10.0,22.0,Partly Cloudy
4164,Từ Cầu Nguyễn Văn Cừ đến An Dương Vương,2025-07-27 11:16:00,300,FRC2,23,34,691,467,1,False,10.758623446871004,106.68435335919212,0.0,10.0,22.0,Partly Cloudy
4165,Từ Cầu Nguyễn Văn Cừ đến An Dương Vương,2025-07-27 11:16:00,200,FRC6,17,26,998,652,1,False,10.759478749919925,106.68406917123804,0.0,10.0,22.0,Partly Cloudy
4166,Từ Cầu Nguyễn Văn Cừ đến An Dương Vương,2025-07-27 11:16:00,100,FRC2,23,34,691,467,1,False,10.760311892549737,106.68371280856688,0.0,10.0,22.0,Partly Cloudy
4167,Từ Cầu Nguyễn Văn Cừ đến An Dương Vương,2025-07-27 11:16:00,0,FRC2,23,34,691,467,1,False,10.761189348756318,106.68340155509297,0.0,10.0,22.0,Partly Cloudy
4168,Từ Vòng Xoay Trần Phú đến ĐHSP,2025-07-27 11:16:00,1000,FRC4,20,28,287,205,1,False,10.757533515349062,106.67414436746735,0.0,10.0,22.0,Partly Cloudy
4169,Từ Vòng Xoay Trần Phú đến ĐHSP,2025-07-27 11:16:00,900,FRC4,20,28,287,205,1,False,10.757824186413304,106.67502060044893,0.0,10.0,22.0,Partly Cloudy
4170,Từ Vòng Xoay Trần Phú đến ĐHSP,2025-07-27 11:16:00,800,FRC4,20,28,287,205,1,False,10.758126036834728,106.67584372840122,0.0,10.0,22.0,Partly Cloudy
4171,Từ Vòng Xoay Trần Phú đến ĐHSP,2025-07-27 11:16:00,700,FRC4,20,28,287,205,1,False,10.758483785091158,106.67667444278729,0.0,10.0,22.0,Partly Cloudy
4172,Từ Vòng Xoay Trần Phú đến ĐHSP,2025-07-27 11:16:00,600,FRC4,20,28,287,205,1,False,10.758740916389923,106.67733446243443,0.0,10.0,22.0,Partly Cloudy
4173,Từ Vòng Xoay Trần Phú đến ĐHSP,2025-07-27 11:16:00,500,FRC4,21,27,276,214,1,False,10.759121023128003,106.67817276325134,0.0,10.0,22.0,Partly Cloudy
4174,Từ Vòng Xoay Trần Phú đến ĐHSP,2025-07-27 11:16:00,400,FRC4,21,27,276,214,1,False,10.759445231432741,106.6790186505005,0.0,10.0,22.0,Partly Cloudy
4175,Từ Vòng Xoay Trần Phú đến ĐHSP,2025-07-27 11:16:00,300,FRC4,21,27,276,214,1,False,10.759784345493584,106.67986453775157,0.0,10.0,22.0,Partly Cloudy
4176,Từ Vòng Xoay Trần Phú đến ĐHSP,2025-07-27 11:16:00,200,FRC4,21,27,276,214,1,False,10.76013091221701,106.68072559786684,0.0,10.0,22.0,Partly Cloudy
4177,Từ Vòng Xoay Trần Phú đến ĐHSP,2025-07-27 11:16:00,100,FRC4,20,28,287,205,1,False,10.760458845955434,106.6815638986815,0.0,10.0,22.0,Partly Cloudy
4178,Từ Vòng Xoay Trần Phú đến ĐHSP,2025-07-27 11:16:00,0,FRC4,20,28,287,205,1,False,10.760883668675298,106.6826449653469,0.0,10.0,22.0,Partly Cloudy
4179,Từ Ngã Sáu Cộng Hòa đến An Dương Vương,2025-07-27 11:38:00,500,FRC3,20,33,1255,760,1,False,10.765163027177051,106.68176325830919,0.0,10.0,22.0,Partly Cloudy
4180,Từ Ngã Sáu Cộng Hòa đến An Dương Vương,2025-07-27 11:38:00,400,FRC3,20,33,1255,760,1,False,10.764283334954333,106.68210132878986,0.0,10.0,22.0,Partly Cloudy
4181,Từ Ngã Sáu Cộng Hòa đến An Dương Vương,2025-07-27 11:38:00,300,FRC3,20,33,1255,760,1,False,10.763480856227291,106.68240386571111,0.0,10.0,22.0,Partly Cloudy
4182,Từ Ngã Sáu Cộng Hòa đến An Dương Vương,2025-07-27 11:38:00,200,FRC3,20,33,1255,760,1,False,10.762642918836454,106.6827364596283,0.0,10.0,22.0,Partly Cloudy
4183,Từ Ngã Sáu Cộng Hòa đến An Dương Vương,2025-07-27 11:38:00,100,FRC3,20,33,1255,760,1,False,10.7619261906941,106.68302613820323,0.0,10.0,22.0,Partly Cloudy
4184,Từ Ngã Sáu Cộng Hòa đến An Dương Vương,2025-07-27 11:38:00,0,FRC3,20,33,1255,760,1,False,10.761156760056346,106.68331581677815,0.0,10.0,22.0,Partly Cloudy
4185,Từ Cầu Nguyễn Văn Cừ đến An Dương Vương,2025-07-27 11:38:00,700,FRC2,23,34,691,467,1,False,10.755556817425111,106.68578400873503,0.0,10.0,22.0,Partly Cloudy
4186,Từ Cầu Nguyễn Văn Cừ đến An Dương Vương,2025-07-27 11:38:00,600,FRC2,23,34,691,467,1,False,10.756358876280022,106.6853232069683,0.0,10.0,22.0,Partly Cloudy
4187,Từ Cầu Nguyễn Văn Cừ đến An Dương Vương,2025-07-27 11:38:00,500,FRC2,23,34,691,467,1,False,10.757138847709548,106.684944289696,0.0,10.0,22.0,Partly Cloudy
4188,Từ Cầu Nguyễn Văn Cừ đến An Dương Vương,2025-07-27 11:38:00,400,FRC2,23,34,691,467,1,False,10.757963133528543,106.68463303622572,0.0,10.0,22.0,Partly Cloudy
4189,Từ Cầu Nguyễn Văn Cừ đến An Dương Vương,2025-07-27 11:38:00,300,FRC2,23,34,691,467,1,False,10.758623446871004,106.68435335919212,0.0,10.0,22.0,Partly Cloudy
4190,Từ Cầu Nguyễn Văn Cừ đến An Dương Vương,2025-07-27 11:38:00,200,FRC6,18,26,943,652,1,False,10.759478749919925,106.68406917123804,0.0,10.0,22.0,Partly Cloudy
4191,Từ Cầu Nguyễn Văn Cừ đến An Dương Vương,2025-07-27 11:38:00,100,FRC2,23,34,691,467,1,False,10.760311892549737,106.68371280856688,0.0,10.0,22.0,Partly Cloudy
4192,Từ Cầu Nguyễn Văn Cừ đến An Dương Vương,2025-07-27 11:38:00,0,FRC2,23,34,691,467,1,False,10.761189348756318,106.68340155509297,0.0,10.0,22.0,Partly Cloudy
4193,Từ Vòng Xoay Trần Phú đến ĐHSP,2025-07-27 11:38:00,1000,FRC4,17,29,338,198,1,False,10.757533515349062,106.67414436746735,0.0,10.0,22.0,Partly Cloudy
4194,Từ Vòng Xoay Trần Phú đến ĐHSP,2025-07-27 11:38:00,900,FRC4,17,29,338,198,1,False,10.757824186413304,106.67502060044893,0.0,10.0,22.0,Partly Cloudy
4195,Từ Vòng Xoay Trần Phú đến ĐHSP,2025-07-27 11:38:00,800,FRC4,17,29,338,198,1,False,10.758126036834728,106.67584372840122,0.0,10.0,22.0,Partly Cloudy
4196,Từ Vòng Xoay Trần Phú đến ĐHSP,2025-07-27 11:38:00,700,FRC4,17,29,338,198,1,False,10.758483785091158,106.67667444278729,0.0,10.0,22.0,Partly Cloudy
4197,Từ Vòng Xoay Trần Phú đến ĐHSP,2025-07-27 11:38:00,600,FRC4,17,29,338,198,1,False,10.758740916389923,106.67733446243443,0.0,10.0,22.0,Partly Cloudy
4198,Từ Vòng Xoay Trần Phú đến ĐHSP,2025-07-27 11:38:00,500,FRC4,20,27,289,214,1,False,10.759121023128003,106.67817276325134,0.0,10.0,22.0,Partly Cloudy
4199,Từ Vòng Xoay Trần Phú đến ĐHSP,2025-07-27 11:38:00,400,FRC4,20,27,289,214,1,False,10.759445231432741,106.6790186505005,0.0,10.0,22.0,Partly Cloudy
4200,Từ Vòng Xoay Trần Phú đến ĐHSP,2025-07-27 11:38:00,300,FRC4,20,27,289,214,1,False,10.759784345493584,106.67986453775157,0.0,10.0,22.0,Partly Cloudy
4201,Từ Vòng Xoay Trần Phú đến ĐHSP,2025-07-27 11:38:00,200,FRC4,20,27,289,214,1,False,10.76013091221701,106.68072559786684,0.0,10.0,22.0,Partly Cloudy
4202,Từ Vòng Xoay Trần Phú đến ĐHSP,2025-07-27 11:38:00,100,FRC4,17,29,338,198,1,False,10.760458845955434,106.6815638986815,0.0,10.0,22.0,Partly Cloudy
4203,Từ Vòng Xoay Trần Phú đến ĐHSP,2025-07-27 11:38:00,0,FRC4,17,29,338,198,1,False,10.760883668675298,106.6826449653469,0.0,10.0,22.0,Partly Cloudy
4204,Từ Ngã Sáu Cộng Hòa đến An Dương Vương,2025-07-27 11:50:00,500,FRC3,21,33,1195,760,1,False,10.765163027177051,106.68176325830919,0.0,10.0,22.0,Partly Cloudy
4205,Từ Ngã Sáu Cộng Hòa đến An Dương Vương,2025-07-27 11:50:00,400,FRC3,21,33,1195,760,1,False,10.764283334954333,106.68210132878986,0.0,10.0,22.0,Partly Cloudy
4206,Từ Ngã Sáu Cộng Hòa đến An Dương Vương,2025-07-27 11:50:00,300,FRC3,21,33,1195,760,1,False,10.763480856227291,106.68240386571111,0.0,10.0,22.0,Partly Cloudy
4207,Từ Ngã Sáu Cộng Hòa đến An Dương Vương,2025-07-27 11:50:00,200,FRC3,21,33,1195,760,1,False,10.762642918836454,106.6827364596283,0.0,10.0,22.0,Partly Cloudy
4208,Từ Ngã Sáu Cộng Hòa đến An Dương Vương,2025-07-27 11:50:00,100,FRC3,21,33,1195,760,1,False,10.7619261906941,106.68302613820323,0.0,10.0,22.0,Partly Cloudy
4209,Từ Ngã Sáu Cộng Hòa đến An Dương Vương,2025-07-27 11:50:00,0,FRC3,21,33,1195,760,1,False,10.761156760056346,106.68331581677815,0.0,10.0,22.0,Partly Cloudy
4210,Từ Cầu Nguyễn Văn Cừ đến An Dương Vương,2025-07-27 11:50:00,700,FRC2,24,35,662,454,1,False,10.755556817425111,106.68578400873503,0.0,10.0,22.0,Partly Cloudy
4211,Từ Cầu Nguyễn Văn Cừ đến An Dương Vương,2025-07-27 11:50:00,600,FRC2,24,35,662,454,1,False,10.756358876280022,106.6853232069683,0.0,10.0,22.0,Partly Cloudy
4212,Từ Cầu Nguyễn Văn Cừ đến An Dương Vương,2025-07-27 11:50:00,500,FRC2,24,35,662,454,1,False,10.757138847709548,106.684944289696,0.0,10.0,22.0,Partly Cloudy
4213,Từ Cầu Nguyễn Văn Cừ đến An Dương Vương,2025-07-27 11:50:00,400,FRC2,24,35,662,454,1,False,10.757963133528543,106.68463303622572,0.0,10.0,22.0,Partly Cloudy
4214,Từ Cầu Nguyễn Văn Cừ đến An Dương Vương,2025-07-27 11:50:00,300,FRC2,24,35,662,454,1,False,10.758623446871004,106.68435335919212,0.0,10.0,22.0,Partly Cloudy
4215,Từ Cầu Nguyễn Văn Cừ đến An Dương Vương,2025-07-27 11:50:00,200,FRC6,17,27,998,628,1,False,10.759478749919925,106.68406917123804,0.0,10.0,22.0,Partly Cloudy
4216,Từ Cầu Nguyễn Văn Cừ đến An Dương Vương,2025-07-27 11:50:00,100,FRC2,24,35,662,454,1,False,10.760311892549737,106.68371280856688,0.0,10.0,22.0,Partly Cloudy
4217,Từ Cầu Nguyễn Văn Cừ đến An Dương Vương,2025-07-27 11:50:00,0,FRC2,24,35,662,454,1,False,10.761189348756318,106.68340155509297,0.0,10.0,22.0,Partly Cloudy
4218,Từ Vòng Xoay Trần Phú đến ĐHSP,2025-07-27 11:50:00,1000,FRC4,22,28,261,205,1,False,10.757533515349062,106.67414436746735,0.0,10.0,22.0,Partly Cloudy
4219,Từ Vòng Xoay Trần Phú đến ĐHSP,2025-07-27 11:50:00,900,FRC4,22,28,261,205,1,False,10.757824186413304,106.67502060044893,0.0,10.0,22.0,Partly Cloudy
4220,Từ Vòng Xoay Trần Phú đến ĐHSP,2025-07-27 11:50:00,800,FRC4,22,28,261,205,1,False,10.758126036834728,106.67584372840122,0.0,10.0,22.0,Partly Cloudy
4221,Từ Vòng Xoay Trần Phú đến ĐHSP,2025-07-27 11:50:00,700,FRC4,22,28,261,205,1,False,10.758483785091158,106.67667444278729,0.0,10.0,22.0,Partly Cloudy
4222,Từ Vòng Xoay Trần Phú đến ĐHSP,2025-07-27 11:50:00,600,FRC4,22,28,261,205,1,False,10.758740916389923,106.67733446243443,0.0,10.0,22.0,Partly Cloudy
4223,Từ Vòng Xoay Trần Phú đến ĐHSP,2025-07-27 11:50:00,500,FRC4,20,28,289,207,1,False,10.759121023128003,106.67817276325134,0.0,10.0,22.0,Partly Cloudy
4224,Từ Vòng Xoay Trần Phú đến ĐHSP,2025-07-27 11:50:00,400,FRC4,20,28,289,207,1,False,10.759445231432741,106.6790186505005,0.0,10.0,22.0,Partly Cloudy
4225,Từ Vòng Xoay Trần Phú đến ĐHSP,2025-07-27 11:50:00,300,FRC4,20,28,289,207,1,False,10.759784345493584,106.67986453775157,0.0,10.0,22.0,Partly Cloudy
4226,Từ Vòng Xoay Trần Phú đến ĐHSP,2025-07-27 11:50:00,200,FRC4,20,28,289,207,1,False,10.76013091221701,106.68072559786684,0.0,10.0,22.0,Partly Cloudy
4227,Từ Vòng Xoay Trần Phú đến ĐHSP,2025-07-27 11:50:00,100,FRC4,22,28,261,205,1,False,10.760458845955434,106.6815638986815,0.0,10.0,22.0,Partly Cloudy
4228,Từ Vòng Xoay Trần Phú đến ĐHSP,2025-07-27 11:50:00,0,FRC4,22,28,261,205,1,False,10.760883668675298,106.6826449653469,0.0,10.0,22.0,Partly Cloudy
4229,Từ Ngã Sáu Cộng Hòa đến An Dương Vương,2025-07-27 12:38:00,500,FRC3,22,33,1141,760,1,False,10.765163027177051,106.68176325830919,0.0,10.0,21.6,Partly Cloudy
4230,Từ Ngã Sáu Cộng Hòa đến An Dương Vương,2025-07-27 12:38:00,400,FRC3,22,33,1141,760,1,False,10.764283334954333,106.68210132878986,0.0,10.0,21.6,Partly Cloudy
4231,Từ Ngã Sáu Cộng Hòa đến An Dương Vương,2025-07-27 12:38:00,300,FRC3,22,33,1141,760,1,False,10.763480856227291,106.68240386571111,0.0,10.0,21.6,Partly Cloudy
4232,Từ Ngã Sáu Cộng Hòa đến An Dương Vương,2025-07-27 12:38:00,200,FRC3,22,33,1141,760,1,False,10.762642918836454,106.6827364596283,0.0,10.0,21.6,Partly Cloudy
4233,Từ Ngã Sáu Cộng Hòa đến An Dương Vương,2025-07-27 12:38:00,100,FRC3,22,33,1141,760,1,False,10.7619261906941,106.68302613820323,0.0,10.0,21.6,Partly Cloudy
4234,Từ Ngã Sáu Cộng Hòa đến An Dương Vương,2025-07-27 12:38:00,0,FRC3,22,33,1141,760,1,False,10.761156760056346,106.68331581677815,0.0,10.0,21.6,Partly Cloudy
4235,Từ Cầu Nguyễn Văn Cừ đến An Dương Vương,2025-07-27 12:38:00,700,FRC2,23,35,691,454,1,False,10.755556817425111,106.68578400873503,0.0,10.0,21.6,Partly Cloudy
4236,Từ Cầu Nguyễn Văn Cừ đến An Dương Vương,2025-07-27 12:38:00,600,FRC2,23,35,691,454,1,False,10.756358876280022,106.6853232069683,0.0,10.0,21.6,Partly Cloudy
4237,Từ Cầu Nguyễn Văn Cừ đến An Dương Vương,2025-07-27 12:38:00,500,FRC2,23,35,691,454,1,False,10.757138847709548,106.684944289696,0.0,10.0,21.6,Partly Cloudy
4238,Từ Cầu Nguyễn Văn Cừ đến An Dương Vương,2025-07-27 12:38:00,400,FRC2,23,35,691,454,1,False,10.757963133528543,106.68463303622572,0.0,10.0,21.6,Partly Cloudy
4239,Từ Cầu Nguyễn Văn Cừ đến An Dương Vương,2025-07-27 12:38:00,300,FRC2,23,35,691,454,1,False,10.758623446871004,106.68435335919212,0.0,10.0,21.6,Partly Cloudy
4240,Từ Cầu Nguyễn Văn Cừ đến An Dương Vương,2025-07-27 12:38:00,200,FRC6,17,26,998,652,1,False,10.759478749919925,106.68406917123804,0.0,10.0,21.6,Partly Cloudy
4241,Từ Cầu Nguyễn Văn Cừ đến An Dương Vương,2025-07-27 12:38:00,100,FRC2,23,35,691,454,1,False,10.760311892549737,106.68371280856688,0.0,10.0,21.6,Partly Cloudy
4242,Từ Cầu Nguyễn Văn Cừ đến An Dương Vương,2025-07-27 12:38:00,0,FRC2,23,35,691,454,1,False,10.761189348756318,106.68340155509297,0.0,10.0,21.6,Partly Cloudy
4243,Từ Vòng Xoay Trần Phú đến ĐHSP,2025-07-27 12:38:00,1000,FRC4,23,27,249,212,1,False,10.757533515349062,106.67414436746735,0.0,10.0,21.6,Partly Cloudy
4244,Từ Vòng Xoay Trần Phú đến ĐHSP,2025-07-27 12:38:00,900,FRC4,23,27,249,212,1,False,10.757824186413304,106.67502060044893,0.0,10.0,21.6,Partly Cloudy
4245,Từ Vòng Xoay Trần Phú đến ĐHSP,2025-07-27 12:38:00,800,FRC4,23,27,249,212,1,False,10.758126036834728,106.67584372840122,0.0,10.0,21.6,Partly Cloudy
4246,Từ Vòng Xoay Trần Phú đến ĐHSP,2025-07-27 12:38:00,700,FRC4,23,27,249,212,1,False,10.758483785091158,106.67667444278729,0.0,10.0,21.6,Partly Cloudy
4247,Từ Vòng Xoay Trần Phú đến ĐHSP,2025-07-27 12:38:00,600,FRC4,23,27,249,212,1,False,10.758740916389923,106.67733446243443,0.0,10.0,21.6,Partly Cloudy
4248,Từ Vòng Xoay Trần Phú đến ĐHSP,2025-07-27 12:38:00,500,FRC4,21,27,276,214,1,False,10.759121023128003,106.67817276325134,0.0,10.0,21.6,Partly Cloudy
4249,Từ Vòng Xoay Trần Phú đến ĐHSP,2025-07-27 12:38:00,400,FRC4,21,27,276,214,1,False,10.759445231432741,106.6790186505005,0.0,10.0,21.6,Partly Cloudy
4250,Từ Vòng Xoay Trần Phú đến ĐHSP,2025-07-27 12:38:00,300,FRC4,21,27,276,214,1,False,10.759784345493584,106.67986453775157,0.0,10.0,21.6,Partly Cloudy
4251,Từ Vòng Xoay Trần Phú đến ĐHSP,2025-07-27 12:38:00,200,FRC4,21,27,276,214,1,False,10.76013091221701,106.68072559786684,0.0,10.0,21.6,Partly Cloudy
4252,Từ Vòng Xoay Trần Phú đến ĐHSP,2025-07-27 12:38:00,100,FRC4,23,27,249,212,1,False,10.760458845955434,106.6815638986815,0.0,10.0,21.6,Partly Cloudy
4253,Từ Vòng Xoay Trần Phú đến ĐHSP,2025-07-27 12:38:00,0,FRC4,23,27,249,212,1,False,10.760883668675298,106.6826449653469,0.0,10.0,21.6,Partly Cloudy
4254,Từ Ngã Sáu Cộng Hòa đến An Dương Vương,2025-07-27 13:19:00,500,FRC3,21,32,1195,784,1,False,10.765163027177051,106.68176325830919,0.0,10.0,20.5,Partly Cloudy
4255,Từ Ngã Sáu Cộng Hòa đến An Dương Vương,2025-07-27 13:19:00,400,FRC3,21,32,1195,784,1,False,10.764283334954333,106.68210132878986,0.0,10.0,20.5,Partly Cloudy
4256,Từ Ngã Sáu Cộng Hòa đến An Dương Vương,2025-07-27 13:19:00,300,FRC3,21,32,1195,784,1,False,10.763480856227291,106.68240386571111,0.0,10.0,20.5,Partly Cloudy
4257,Từ Ngã Sáu Cộng Hòa đến An Dương Vương,2025-07-27 13:19:00,200,FRC3,21,32,1195,784,1,False,10.762642918836454,106.6827364596283,0.0,10.0,20.5,Partly Cloudy
4258,Từ Ngã Sáu Cộng Hòa đến An Dương Vương,2025-07-27 13:19:00,100,FRC3,21,32,1195,784,1,False,10.7619261906941,106.68302613820323,0.0,10.0,20.5,Partly Cloudy
4259,Từ Ngã Sáu Cộng Hòa đến An Dương Vương,2025-07-27 13:19:00,0,FRC3,21,32,1195,784,1,False,10.761156760056346,106.68331581677815,0.0,10.0,20.5,Partly Cloudy
4260,Từ Cầu Nguyễn Văn Cừ đến An Dương Vương,2025-07-27 13:19:00,700,FRC2,25,35,636,454,1,False,10.755556817425111,106.68578400873503,0.0,10.0,20.5,Partly Cloudy
4261,Từ Cầu Nguyễn Văn Cừ đến An Dương Vương,2025-07-27 13:19:00,600,FRC2,25,35,636,454,1,False,10.756358876280022,106.6853232069683,0.0,10.0,20.5,Partly Cloudy
4262,Từ Cầu Nguyễn Văn Cừ đến An Dương Vương,2025-07-27 13:19:00,500,FRC2,25,35,636,454,1,False,10.757138847709548,106.684944289696,0.0,10.0,20.5,Partly Cloudy
4263,Từ Cầu Nguyễn Văn Cừ đến An Dương Vương,2025-07-27 13:19:00,400,FRC2,25,35,636,454,1,False,10.757963133528543,106.68463303622572,0.0,10.0,20.5,Partly Cloudy
4264,Từ Cầu Nguyễn Văn Cừ đến An Dương Vương,2025-07-27 13:19:00,300,FRC2,25,35,636,454,1,False,10.758623446871004,106.68435335919212,0.0,10.0,20.5,Partly Cloudy
4265,Từ Cầu Nguyễn Văn Cừ đến An Dương Vương,2025-07-27 13:19:00,200,FRC6,18,26,943,652,1,False,10.759478749919925,106.68406917123804,0.0,10.0,20.5,Partly Cloudy
4266,Từ Cầu Nguyễn Văn Cừ đến An Dương Vương,2025-07-27 13:19:00,100,FRC2,25,35,636,454,1,False,10.760311892549737,106.68371280856688,0.0,10.0,20.5,Partly Cloudy
4267,Từ Cầu Nguyễn Văn Cừ đến An Dương Vương,2025-07-27 13:19:00,0,FRC2,25,35,636,454,1,False,10.761189348756318,106.68340155509297,0.0,10.0,20.5,Partly Cloudy
4268,Từ Vòng Xoay Trần Phú đến ĐHSP,2025-07-27 13:19:00,1000,FRC4,29,29,198,198,1,False,10.757533515349062,106.67414436746735,0.0,10.0,20.5,Partly Cloudy
4269,Từ Vòng Xoay Trần Phú đến ĐHSP,2025-07-27 13:19:00,900,FRC4,29,29,198,198,1,False,10.757824186413304,106.67502060044893,0.0,10.0,20.5,Partly Cloudy
4270,Từ Vòng Xoay Trần Phú đến ĐHSP,2025-07-27 13:19:00,800,FRC4,29,29,198,198,1,False,10.758126036834728,106.67584372840122,0.0,10.0,20.5,Partly Cloudy
4271,Từ Vòng Xoay Trần Phú đến ĐHSP,2025-07-27 13:19:00,700,FRC4,29,29,198,198,1,False,10.758483785091158,106.67667444278729,0.0,10.0,20.5,Partly Cloudy
4272,Từ Vòng Xoay Trần Phú đến ĐHSP,2025-07-27 13:19:00,600,FRC4,29,29,198,198,1,False,10.758740916389923,106.67733446243443,0.0,10.0,20.5,Partly Cloudy
4273,Từ Vòng Xoay Trần Phú đến ĐHSP,2025-07-27 13:19:00,500,FRC4,23,28,252,207,1,False,10.759121023128003,106.67817276325134,0.0,10.0,20.5,Partly Cloudy
4274,Từ Vòng Xoay Trần Phú đến ĐHSP,2025-07-27 13:19:00,400,FRC4,23,28,252,207,1,False,10.759445231432741,106.6790186505005,0.0,10.0,20.5,Partly Cloudy
4275,Từ Vòng Xoay Trần Phú đến ĐHSP,2025-07-27 13:19:00,300,FRC4,23,28,252,207,1,False,10.759784345493584,106.67986453775157,0.0,10.0,20.5,Partly Cloudy
4276,Từ Vòng Xoay Trần Phú đến ĐHSP,2025-07-27 13:19:00,200,FRC4,23,28,252,207,1,False,10.76013091221701,106.68072559786684,0.0,10.0,20.5,Partly Cloudy
4277,Từ Vòng Xoay Trần Phú đến ĐHSP,2025-07-27 13:19:00,100,FRC4,29,29,198,198,1,False,10.760458845955434,106.6815638986815,0.0,10.0,20.5,Partly Cloudy
4278,Từ Vòng Xoay Trần Phú đến ĐHSP,2025-07-27 13:19:00,0,FRC4,29,29,198,198,1,False,10.760883668675298,106.6826449653469,0.0,10.0,20.5,Partly Cloudy
4279,Từ Ngã Sáu Cộng Hòa đến An Dương Vương,2025-07-27 16:14:00,500,FRC3,33,33,760,760,1,False,10.765163027177051,106.68176325830919,0.0,10.0,13.0,Partly Cloudy
4280,Từ Ngã Sáu Cộng Hòa đến An Dương Vương,2025-07-27 16:14:00,400,FRC3,33,33,760,760,1,False,10.764283334954333,106.68210132878986,0.0,10.0,13.0,Partly Cloudy
4281,Từ Ngã Sáu Cộng Hòa đến An Dương Vương,2025-07-27 16:14:00,300,FRC3,33,33,760,760,1,False,10.763480856227291,106.68240386571111,0.0,10.0,13.0,Partly Cloudy
4282,Từ Ngã Sáu Cộng Hòa đến An Dương Vương,2025-07-27 16:14:00,200,FRC3,33,33,760,760,1,False,10.762642918836454,106.6827364596283,0.0,10.0,13.0,Partly Cloudy
4283,Từ Ngã Sáu Cộng Hòa đến An Dương Vương,2025-07-27 16:14:00,100,FRC3,33,33,760,760,1,False,10.7619261906941,106.68302613820323,0.0,10.0,13.0,Partly Cloudy
4284,Từ Ngã Sáu Cộng Hòa đến An Dương Vương,2025-07-27 16:14:00,0,FRC3,33,33,760,760,1,False,10.761156760056346,106.68331581677815,0.0,10.0,13.0,Partly Cloudy
4285,Từ Cầu Nguyễn Văn Cừ đến An Dương Vương,2025-07-27 16:14:00,700,FRC2,35,35,454,454,1,False,10.755556817425111,106.68578400873503,0.0,10.0,13.0,Partly Cloudy
4286,Từ Cầu Nguyễn Văn Cừ đến An Dương Vương,2025-07-27 16:14:00,600,FRC2,35,35,454,454,1,False,10.756358876280022,106.6853232069683,0.0,10.0,13.0,Partly Cloudy
4287,Từ Cầu Nguyễn Văn Cừ đến An Dương Vương,2025-07-27 16:14:00,500,FRC2,35,35,454,454,1,False,10.757138847709548,106.684944289696,0.0,10.0,13.0,Partly Cloudy
4288,Từ Cầu Nguyễn Văn Cừ đến An Dương Vương,2025-07-27 16:14:00,400,FRC2,35,35,454,454,1,False,10.757963133528543,106.68463303622572,0.0,10.0,13.0,Partly Cloudy
4289,Từ Cầu Nguyễn Văn Cừ đến An Dương Vương,2025-07-27 16:14:00,300,FRC2,35,35,454,454,1,False,10.758623446871004,106.68435335919212,0.0,10.0,13.0,Partly Cloudy
4290,Từ Cầu Nguyễn Văn Cừ đến An Dương Vương,2025-07-27 16:14:00,200,FRC6,27,27,628,628,1,False,10.759478749919925,106.68406917123804,0.0,10.0,13.0,Partly Cloudy
4291,Từ Cầu Nguyễn Văn Cừ đến An Dương Vương,2025-07-27 16:14:00,100,FRC2,35,35,454,454,1,False,10.760311892549737,106.68371280856688,0.0,10.0,13.0,Partly Cloudy
4292,Từ Cầu Nguyễn Văn Cừ đến An Dương Vương,2025-07-27 16:14:00,0,FRC2,35,35,454,454,1,False,10.761189348756318,106.68340155509297,0.0,10.0,13.0,Partly Cloudy
4293,Từ Vòng Xoay Trần Phú đến ĐHSP,2025-07-27 16:14:00,1000,FRC4,29,29,198,198,1,False,10.757533515349062,106.67414436746735,0.0,10.0,13.0,Partly Cloudy
4294,Từ Vòng Xoay Trần Phú đến ĐHSP,2025-07-27 16:14:00,900,FRC4,29,29,198,198,1,False,10.757824186413304,106.67502060044893,0.0,10.0,13.0,Partly Cloudy
4295,Từ Vòng Xoay Trần Phú đến ĐHSP,2025-07-27 16:14:00,800,FRC4,29,29,198,198,1,False,10.758126036834728,106.67584372840122,0.0,10.0,13.0,Partly Cloudy
4296,Từ Vòng Xoay Trần Phú đến ĐHSP,2025-07-27 16:14:00,700,FRC4,29,29,198,198,1,False,10.758483785091158,106.67667444278729,0.0,10.0,13.0,Partly Cloudy
4297,Từ Vòng Xoay Trần Phú đến ĐHSP,2025-07-27 16:14:00,600,FRC4,29,29,198,198,1,False,10.758740916389923,106.67733446243443,0.0,10.0,13.0,Partly Cloudy
4298,Từ Vòng Xoay Trần Phú đến ĐHSP,2025-07-27 16:14:00,500,FRC4,28,28,207,207,1,False,10.759121023128003,106.67817276325134,0.0,10.0,13.0,Partly Cloudy
4299,Từ Vòng Xoay Trần Phú đến ĐHSP,2025-07-27 16:14:00,400,FRC4,28,28,207,207,1,False,10.759445231432741,106.6790186505005,0.0,10.0,13.0,Partly Cloudy
4300,Từ Vòng Xoay Trần Phú đến ĐHSP,2025-07-27 16:14:00,300,FRC4,28,28,207,207,1,False,10.759784345493584,106.67986453775157,0.0,10.0,13.0,Partly Cloudy
4301,Từ Vòng Xoay Trần Phú đến ĐHSP,2025-07-27 16:14:00,200,FRC4,28,28,207,207,1,False,10.76013091221701,106.68072559786684,0.0,10.0,13.0,Partly Cloudy
4302,Từ Vòng Xoay Trần Phú đến ĐHSP,2025-07-27 16:14:00,100,FRC4,29,29,198,198,1,False,10.760458845955434,106.6815638986815,0.0,10.0,13.0,Partly Cloudy
4303,Từ Vòng Xoay Trần Phú đến ĐHSP,2025-07-27 16:14:00,0,FRC4,29,29,198,198,1,False,10.760883668675298,106.6826449653469,0.0,10.0,13.0,Partly Cloudy
4304,Từ Ngã Sáu Cộng Hòa đến An Dương Vương,2025-07-27 16:41:00,500,FRC3,33,33,760,760,1,False,10.765163027177051,106.68176325830919,0.0,10.0,13.7,Partly Cloudy
4305,Từ Ngã Sáu Cộng Hòa đến An Dương Vương,2025-07-27 16:41:00,400,FRC3,33,33,760,760,1,False,10.764283334954333,106.68210132878986,0.0,10.0,13.7,Partly Cloudy
4306,Từ Ngã Sáu Cộng Hòa đến An Dương Vương,2025-07-27 16:41:00,300,FRC3,33,33,760,760,1,False,10.763480856227291,106.68240386571111,0.0,10.0,13.7,Partly Cloudy
4307,Từ Ngã Sáu Cộng Hòa đến An Dương Vương,2025-07-27 16:41:00,200,FRC3,33,33,760,760,1,False,10.762642918836454,106.6827364596283,0.0,10.0,13.7,Partly Cloudy
4308,Từ Ngã Sáu Cộng Hòa đến An Dương Vương,2025-07-27 16:41:00,100,FRC3,33,33,760,760,1,False,10.7619261906941,106.68302613820323,0.0,10.0,13.7,Partly Cloudy
4309,Từ Ngã Sáu Cộng Hòa đến An Dương Vương,2025-07-27 16:41:00,0,FRC3,33,33,760,760,1,False,10.761156760056346,106.68331581677815,0.0,10.0,13.7,Partly Cloudy
4310,Từ Cầu Nguyễn Văn Cừ đến An Dương Vương,2025-07-27 16:41:00,700,FRC2,29,34,548,467,1,False,10.755556817425111,106.68578400873503,0.0,10.0,13.7,Partly Cloudy
4311,Từ Cầu Nguyễn Văn Cừ đến An Dương Vương,2025-07-27 16:41:00,600,FRC2,29,34,548,467,1,False,10.756358876280022,106.6853232069683,0.0,10.0,13.7,Partly Cloudy
4312,Từ Cầu Nguyễn Văn Cừ đến An Dương Vương,2025-07-27 16:41:00,500,FRC2,29,34,548,467,1,False,10.757138847709548,106.684944289696,0.0,10.0,13.7,Partly Cloudy
4313,Từ Cầu Nguyễn Văn Cừ đến An Dương Vương,2025-07-27 16:41:00,400,FRC2,29,34,548,467,1,False,10.757963133528543,106.68463303622572,0.0,10.0,13.7,Partly Cloudy
4314,Từ Cầu Nguyễn Văn Cừ đến An Dương Vương,2025-07-27 16:41:00,300,FRC2,29,34,548,467,1,False,10.758623446871004,106.68435335919212,0.0,10.0,13.7,Partly Cloudy
4315,Từ Cầu Nguyễn Văn Cừ đến An Dương Vương,2025-07-27 16:41:00,200,FRC6,27,27,628,628,1,False,10.759478749919925,106.68406917123804,0.0,10.0,13.7,Partly Cloudy
4316,Từ Cầu Nguyễn Văn Cừ đến An Dương Vương,2025-07-27 16:41:00,100,FRC2,29,34,548,467,1,False,10.760311892549737,106.68371280856688,0.0,10.0,13.7,Partly Cloudy
4317,Từ Cầu Nguyễn Văn Cừ đến An Dương Vương,2025-07-27 16:41:00,0,FRC2,29,34,548,467,1,False,10.761189348756318,106.68340155509297,0.0,10.0,13.7,Partly Cloudy
4318,Từ Vòng Xoay Trần Phú đến ĐHSP,2025-07-27 16:41:00,1000,FRC4,29,29,198,198,1,False,10.757533515349062,106.67414436746735,0.0,10.0,13.7,Partly Cloudy
4319,Từ Vòng Xoay Trần Phú đến ĐHSP,2025-07-27 16:41:00,900,FRC4,29,29,198,198,1,False,10.757824186413304,106.67502060044893,0.0,10.0,13.7,Partly Cloudy
4320,Từ Vòng Xoay Trần Phú đến ĐHSP,2025-07-27 16:41:00,800,FRC4,29,29,198,198,1,False,10.758126036834728,106.67584372840122,0.0,10.0,13.7,Partly Cloudy
4321,Từ Vòng Xoay Trần Phú đến ĐHSP,2025-07-27 16:41:00,700,FRC4,29,29,198,198,1,False,10.758483785091158,106.67667444278729,0.0,10.0,13.7,Partly Cloudy
4322,Từ Vòng Xoay Trần Phú đến ĐHSP,2025-07-27 16:41:00,600,FRC4,29,29,198,198,1,False,10.758740916389923,106.67733446243443,0.0,10.0,13.7,Partly Cloudy
4323,Từ Vòng Xoay Trần Phú đến ĐHSP,2025-07-27 16:41:00,500,FRC4,28,28,207,207,1,False,10.759121023128003,106.67817276325134,0.0,10.0,13.7,Partly Cloudy
4324,Từ Vòng Xoay Trần Phú đến ĐHSP,2025-07-27 16:41:00,400,FRC4,28,28,207,207,1,False,10.759445231432741,106.6790186505005,0.0,10.0,13.7,Partly Cloudy
4325,Từ Vòng Xoay Trần Phú đến ĐHSP,2025-07-27 16:41:00,300,FRC4,28,28,207,207,1,False,10.759784345493584,106.67986453775157,0.0,10.0,13.7,Partly Cloudy
4326,Từ Vòng Xoay Trần Phú đến ĐHSP,2025-07-27 16:41:00,200,FRC4,28,28,207,207,1,False,10.76013091221701,106.68072559786684,0.0,10.0,13.7,Partly Cloudy
4327,Từ Vòng Xoay Trần Phú đến ĐHSP,2025-07-27 16:41:00,100,FRC4,29,29,198,198,1,False,10.760458845955434,106.6815638986815,0.0,10.0,13.7,Partly Cloudy
4328,Từ Vòng Xoay Trần Phú đến ĐHSP,2025-07-27 16:41:00,0,FRC4,29,29,198,198,1,False,10.760883668675298,106.6826449653469,0.0,10.0,13.7,Partly Cloudy
4329,Từ Ngã Sáu Cộng Hòa đến An Dương Vương,2025-07-27 16:55:00,500,FRC3,33,33,760,760,1,False,10.765163027177051,106.68176325830919,0.0,10.0,13.7,Partly Cloudy
4330,Từ Ngã Sáu Cộng Hòa đến An Dương Vương,2025-07-27 16:55:00,400,FRC3,33,33,760,760,1,False,10.764283334954333,106.68210132878986,0.0,10.0,13.7,Partly Cloudy
4331,Từ Ngã Sáu Cộng Hòa đến An Dương Vương,2025-07-27 16:55:00,300,FRC3,33,33,760,760,1,False,10.763480856227291,106.68240386571111,0.0,10.0,13.7,Partly Cloudy
4332,Từ Ngã Sáu Cộng Hòa đến An Dương Vương,2025-07-27 16:55:00,200,FRC3,33,33,760,760,1,False,10.762642918836454,106.6827364596283,0.0,10.0,13.7,Partly Cloudy
4333,Từ Ngã Sáu Cộng Hòa đến An Dương Vương,2025-07-27 16:55:00,100,FRC3,33,33,760,760,1,False,10.7619261906941,106.68302613820323,0.0,10.0,13.7,Partly Cloudy
4334,Từ Ngã Sáu Cộng Hòa đến An Dương Vương,2025-07-27 16:55:00,0,FRC3,33,33,760,760,1,False,10.761156760056346,106.68331581677815,0.0,10.0,12.2,Partly Cloudy
4335,Từ Cầu Nguyễn Văn Cừ đến An Dương Vương,2025-07-27 16:55:00,700,FRC2,35,35,454,454,1,False,10.755556817425111,106.68578400873503,0.0,10.0,13.7,Partly Cloudy
4336,Từ Cầu Nguyễn Văn Cừ đến An Dương Vương,2025-07-27 16:55:00,600,FRC2,35,35,454,454,1,False,10.756358876280022,106.6853232069683,0.0,10.0,12.2,Partly Cloudy
4337,Từ Cầu Nguyễn Văn Cừ đến An Dương Vương,2025-07-27 16:55:00,500,FRC2,35,35,454,454,1,False,10.757138847709548,106.684944289696,0.0,10.0,12.2,Partly Cloudy
4338,Từ Cầu Nguyễn Văn Cừ đến An Dương Vương,2025-07-27 16:55:00,400,FRC2,35,35,454,454,1,False,10.757963133528543,106.68463303622572,0.0,10.0,12.2,Partly Cloudy
4339,Từ Cầu Nguyễn Văn Cừ đến An Dương Vương,2025-07-27 16:55:00,300,FRC2,35,35,454,454,1,False,10.758623446871004,106.68435335919212,0.0,10.0,13.7,Partly Cloudy
4340,Từ Cầu Nguyễn Văn Cừ đến An Dương Vương,2025-07-27 16:55:00,200,FRC6,27,27,628,628,1,False,10.759478749919925,106.68406917123804,0.0,10.0,12.2,Partly Cloudy
4341,Từ Cầu Nguyễn Văn Cừ đến An Dương Vương,2025-07-27 16:55:00,100,FRC2,35,35,454,454,1,False,10.760311892549737,106.68371280856688,0.0,10.0,12.2,Partly Cloudy
4342,Từ Cầu Nguyễn Văn Cừ đến An Dương Vương,2025-07-27 16:55:00,0,FRC2,35,35,454,454,1,False,10.761189348756318,106.68340155509297,0.0,10.0,13.7,Partly Cloudy
4343,Từ Vòng Xoay Trần Phú đến ĐHSP,2025-07-27 16:55:00,1000,FRC4,29,29,198,198,1,False,10.757533515349062,106.67414436746735,0.0,10.0,12.2,Partly Cloudy
4344,Từ Vòng Xoay Trần Phú đến ĐHSP,2025-07-27 16:55:00,900,FRC4,29,29,198,198,1,False,10.757824186413304,106.67502060044893,0.0,10.0,12.2,Partly Cloudy
4345,Từ Vòng Xoay Trần Phú đến ĐHSP,2025-07-27 16:55:00,800,FRC4,29,29,198,198,1,False,10.758126036834728,106.67584372840122,0.0,10.0,12.2,Partly Cloudy
4346,Từ Vòng Xoay Trần Phú đến ĐHSP,2025-07-27 16:55:00,700,FRC4,29,29,198,198,1,False,10.758483785091158,106.67667444278729,0.0,10.0,12.2,Partly Cloudy
4347,Từ Vòng Xoay Trần Phú đến ĐHSP,2025-07-27 16:55:00,600,FRC4,29,29,198,198,1,False,10.758740916389923,106.67733446243443,0.0,10.0,12.2,Partly Cloudy
4348,Từ Vòng Xoay Trần Phú đến ĐHSP,2025-07-27 16:55:00,500,FRC4,28,28,207,207,1,False,10.759121023128003,106.67817276325134,0.0,10.0,12.2,Partly Cloudy
4349,Từ Vòng Xoay Trần Phú đến ĐHSP,2025-07-27 16:55:00,400,FRC4,28,28,207,207,1,False,10.759445231432741,106.6790186505005,0.0,10.0,13.7,Partly Cloudy
4350,Từ Vòng Xoay Trần Phú đến ĐHSP,2025-07-27 16:55:00,300,FRC4,28,28,207,207,1,False,10.759784345493584,106.67986453775157,0.0,10.0,13.7,Partly Cloudy
4351,Từ Vòng Xoay Trần Phú đến ĐHSP,2025-07-27 16:55:00,200,FRC4,28,28,207,207,1,False,10.76013091221701,106.68072559786684,0.0,10.0,13.7,Partly Cloudy
4352,Từ Vòng Xoay Trần Phú đến ĐHSP,2025-07-27 16:55:00,100,FRC4,29,29,198,198,1,False,10.760458845955434,106.6815638986815,0.0,10.0,12.2,Partly Cloudy
4353,Từ Vòng Xoay Trần Phú đến ĐHSP,2025-07-27 16:55:00,0,FRC4,29,29,198,198,1,False,10.760883668675298,106.6826449653469,0.0,10.0,13.7,Partly Cloudy
4354,Từ Ngã Sáu Cộng Hòa đến An Dương Vương,2025-07-27 17:10:00,500,FRC3,33,33,760,760,1,False,10.765163027177051,106.68176325830919,0.0,10.0,12.2,Partly Cloudy
4355,Từ Ngã Sáu Cộng Hòa đến An Dương Vương,2025-07-27 17:11:00,400,FRC3,33,33,760,760,1,False,10.764283334954333,106.68210132878986,0.0,10.0,12.2,Partly Cloudy
4356,Từ Ngã Sáu Cộng Hòa đến An Dương Vương,2025-07-27 17:11:00,300,FRC3,33,33,760,760,1,False,10.763480856227291,106.68240386571111,0.0,10.0,12.2,Partly Cloudy
4357,Từ Ngã Sáu Cộng Hòa đến An Dương Vương,2025-07-27 17:11:00,200,FRC3,33,33,760,760,1,False,10.762642918836454,106.6827364596283,0.0,10.0,12.2,Partly Cloudy
4358,Từ Ngã Sáu Cộng Hòa đến An Dương Vương,2025-07-27 17:11:00,100,FRC3,33,33,760,760,1,False,10.7619261906941,106.68302613820323,0.0,10.0,12.2,Partly Cloudy
4359,Từ Ngã Sáu Cộng Hòa đến An Dương Vương,2025-07-27 17:11:00,0,FRC3,33,33,760,760,1,False,10.761156760056346,106.68331581677815,0.0,10.0,12.2,Partly Cloudy
4360,Từ Cầu Nguyễn Văn Cừ đến An Dương Vương,2025-07-27 17:11:00,700,FRC2,35,35,454,454,1,False,10.755556817425111,106.68578400873503,0.0,10.0,12.2,Partly Cloudy
4361,Từ Cầu Nguyễn Văn Cừ đến An Dương Vương,2025-07-27 17:11:00,600,FRC2,35,35,454,454,1,False,10.756358876280022,106.6853232069683,0.0,10.0,12.2,Partly Cloudy
4362,Từ Cầu Nguyễn Văn Cừ đến An Dương Vương,2025-07-27 17:11:00,500,FRC2,35,35,454,454,1,False,10.757138847709548,106.684944289696,0.0,10.0,12.2,Partly Cloudy
4363,Từ Cầu Nguyễn Văn Cừ đến An Dương Vương,2025-07-27 17:11:00,400,FRC2,35,35,454,454,1,False,10.757963133528543,106.68463303622572,0.0,10.0,12.2,Partly Cloudy
4364,Từ Cầu Nguyễn Văn Cừ đến An Dương Vương,2025-07-27 17:11:00,300,FRC2,35,35,454,454,1,False,10.758623446871004,106.68435335919212,0.0,10.0,12.2,Partly Cloudy
4365,Từ Cầu Nguyễn Văn Cừ đến An Dương Vương,2025-07-27 17:11:00,200,FRC6,27,27,628,628,1,False,10.759478749919925,106.68406917123804,0.0,10.0,12.2,Partly Cloudy
4366,Từ Cầu Nguyễn Văn Cừ đến An Dương Vương,2025-07-27 17:11:00,100,FRC2,35,35,454,454,1,False,10.760311892549737,106.68371280856688,0.0,10.0,12.2,Partly Cloudy
4367,Từ Cầu Nguyễn Văn Cừ đến An Dương Vương,2025-07-27 17:11:00,0,FRC2,35,35,454,454,1,False,10.761189348756318,106.68340155509297,0.0,10.0,12.2,Partly Cloudy
4368,Từ Vòng Xoay Trần Phú đến ĐHSP,2025-07-27 17:11:00,1000,FRC4,29,29,198,198,1,False,10.757533515349062,106.67414436746735,0.0,10.0,12.2,Partly Cloudy
4369,Từ Vòng Xoay Trần Phú đến ĐHSP,2025-07-27 17:11:00,900,FRC4,29,29,198,198,1,False,10.757824186413304,106.67502060044893,0.0,10.0,12.2,Partly Cloudy
4370,Từ Vòng Xoay Trần Phú đến ĐHSP,2025-07-27 17:11:00,800,FRC4,29,29,198,198,1,False,10.758126036834728,106.67584372840122,0.0,10.0,12.2,Partly Cloudy
4371,Từ Vòng Xoay Trần Phú đến ĐHSP,2025-07-27 17:11:00,700,FRC4,29,29,198,198,1,False,10.758483785091158,106.67667444278729,0.0,10.0,12.2,Partly Cloudy
4372,Từ Vòng Xoay Trần Phú đến ĐHSP,2025-07-27 17:11:00,600,FRC4,29,29,198,198,1,False,10.758740916389923,106.67733446243443,0.0,10.0,12.2,Partly Cloudy
4373,Từ Vòng Xoay Trần Phú đến ĐHSP,2025-07-27 17:11:00,500,FRC4,28,28,207,207,1,False,10.759121023128003,106.67817276325134,0.0,10.0,12.2,Partly Cloudy
4374,Từ Vòng Xoay Trần Phú đến ĐHSP,2025-07-27 17:11:00,400,FRC4,28,28,207,207,1,False,10.759445231432741,106.6790186505005,0.0,10.0,12.2,Partly Cloudy
4375,Từ Vòng Xoay Trần Phú đến ĐHSP,2025-07-27 17:11:00,300,FRC4,28,28,207,207,1,False,10.759784345493584,106.67986453775157,0.0,10.0,12.2,Partly Cloudy
4376,Từ Vòng Xoay Trần Phú đến ĐHSP,2025-07-27 17:11:00,200,FRC4,28,28,207,207,1,False,10.76013091221701,106.68072559786684,0.0,10.0,12.2,Partly Cloudy
4377,Từ Vòng Xoay Trần Phú đến ĐHSP,2025-07-27 17:11:00,100,FRC4,29,29,198,198,1,False,10.760458845955434,106.6815638986815,0.0,10.0,12.2,Partly Cloudy
4378,Từ Vòng Xoay Trần Phú đến ĐHSP,2025-07-27 17:11:00,0,FRC4,29,29,198,198,1,False,10.760883668675298,106.6826449653469,0.0,10.0,12.2,Partly Cloudy
4379,Từ Ngã Sáu Cộng Hòa đến An Dương Vương,2025-07-27 17:33:00,500,FRC3,33,33,760,760,1,False,10.765163027177051,106.68176325830919,0.0,10.0,12.2,Partly Cloudy
4380,Từ Ngã Sáu Cộng Hòa đến An Dương Vương,2025-07-27 17:33:00,400,FRC3,33,33,760,760,1,False,10.764283334954333,106.68210132878986,0.0,10.0,12.2,Partly Cloudy
4381,Từ Ngã Sáu Cộng Hòa đến An Dương Vương,2025-07-27 17:33:00,300,FRC3,33,33,760,760,1,False,10.763480856227291,106.68240386571111,0.0,10.0,12.2,Partly Cloudy
4382,Từ Ngã Sáu Cộng Hòa đến An Dương Vương,2025-07-27 17:33:00,200,FRC3,33,33,760,760,1,False,10.762642918836454,106.6827364596283,0.0,10.0,12.2,Partly Cloudy
4383,Từ Ngã Sáu Cộng Hòa đến An Dương Vương,2025-07-27 17:33:00,100,FRC3,33,33,760,760,1,False,10.7619261906941,106.68302613820323,0.0,10.0,12.2,Partly Cloudy
4384,Từ Ngã Sáu Cộng Hòa đến An Dương Vương,2025-07-27 17:33:00,0,FRC3,33,33,760,760,1,False,10.761156760056346,106.68331581677815,0.0,10.0,12.2,Partly Cloudy
4385,Từ Cầu Nguyễn Văn Cừ đến An Dương Vương,2025-07-27 17:33:00,700,FRC2,29,34,548,467,0.998499,False,10.755556817425111,106.68578400873503,0.0,10.0,12.2,Partly Cloudy
4386,Từ Cầu Nguyễn Văn Cừ đến An Dương Vương,2025-07-27 17:33:00,600,FRC2,29,34,548,467,0.998499,False,10.756358876280022,106.6853232069683,0.0,10.0,12.2,Partly Cloudy
4387,Từ Cầu Nguyễn Văn Cừ đến An Dương Vương,2025-07-27 17:33:00,500,FRC2,29,34,548,467,0.998499,False,10.757138847709548,106.684944289696,0.0,10.0,12.2,Partly Cloudy
4388,Từ Cầu Nguyễn Văn Cừ đến An Dương Vương,2025-07-27 17:33:00,400,FRC2,29,34,548,467,0.998499,False,10.757963133528543,106.68463303622572,0.0,10.0,12.2,Partly Cloudy
4389,Từ Cầu Nguyễn Văn Cừ đến An Dương Vương,2025-07-27 17:33:00,300,FRC2,29,34,548,467,0.998499,False,10.758623446871004,106.68435335919212,0.0,10.0,12.2,Partly Cloudy
4390,Từ Cầu Nguyễn Văn Cừ đến An Dương Vương,2025-07-27 17:33:00,200,FRC6,27,27,628,628,1,False,10.759478749919925,106.68406917123804,0.0,10.0,12.2,Partly Cloudy
4391,Từ Cầu Nguyễn Văn Cừ đến An Dương Vương,2025-07-27 17:33:00,100,FRC2,29,34,548,467,0.998499,False,10.760311892549737,106.68371280856688,0.0,10.0,12.2,Partly Cloudy
4392,Từ Cầu Nguyễn Văn Cừ đến An Dương Vương,2025-07-27 17:33:00,0,FRC2,29,34,548,467,0.998499,False,10.761189348756318,106.68340155509297,0.0,10.0,12.2,Partly Cloudy
4393,Từ Vòng Xoay Trần Phú đến ĐHSP,2025-07-27 17:33:00,1000,FRC4,29,29,198,198,1,False,10.757533515349062,106.67414436746735,0.0,10.0,12.2,Partly Cloudy
4394,Từ Vòng Xoay Trần Phú đến ĐHSP,2025-07-27 17:33:00,900,FRC4,29,29,198,198,1,False,10.757824186413304,106.67502060044893,0.0,10.0,12.2,Partly Cloudy
4395,Từ Vòng Xoay Trần Phú đến ĐHSP,2025-07-27 17:33:00,800,FRC4,29,29,198,198,1,False,10.758126036834728,106.67584372840122,0.0,10.0,12.2,Partly Cloudy
4396,Từ Vòng Xoay Trần Phú đến ĐHSP,2025-07-27 17:33:00,700,FRC4,29,29,198,198,1,False,10.758483785091158,106.67667444278729,0.0,10.0,12.2,Partly Cloudy
4397,Từ Vòng Xoay Trần Phú đến ĐHSP,2025-07-27 17:33:00,600,FRC4,29,29,198,198,1,False,10.758740916389923,106.67733446243443,0.0,10.0,12.2,Partly Cloudy
4398,Từ Vòng Xoay Trần Phú đến ĐHSP,2025-07-27 17:33:00,500,FRC4,28,28,207,207,1,False,10.759121023128003,106.67817276325134,0.0,10.0,12.2,Partly Cloudy
4399,Từ Vòng Xoay Trần Phú đến ĐHSP,2025-07-27 17:33:00,400,FRC4,28,28,207,207,1,False,10.759445231432741,106.6790186505005,0.0,10.0,12.2,Partly Cloudy
4400,Từ Vòng Xoay Trần Phú đến ĐHSP,2025-07-27 17:33:00,300,FRC4,28,28,207,207,1,False,10.759784345493584,106.67986453775157,0.0,10.0,12.2,Partly Cloudy
4401,Từ Vòng Xoay Trần Phú đến ĐHSP,2025-07-27 17:33:00,200,FRC4,28,28,207,207,1,False,10.76013091221701,106.68072559786684,0.0,10.0,12.2,Partly Cloudy
4402,Từ Vòng Xoay Trần Phú đến ĐHSP,2025-07-27 17:33:00,100,FRC4,29,29,198,198,1,False,10.760458845955434,106.6815638986815,0.0,10.0,12.2,Partly Cloudy
4403,Từ Vòng Xoay Trần Phú đến ĐHSP,2025-07-27 17:33:00,0,FRC4,29,29,198,198,1,False,10.760883668675298,106.6826449653469,0.0,10.0,12.2,Partly Cloudy
4404,Từ Ngã Sáu Cộng Hòa đến An Dương Vương,2025-07-27 17:51:00,500,FRC3,33,33,760,760,1,False,10.765163027177051,106.68176325830919,0.0,10.0,12.2,Partly Cloudy
4405,Từ Ngã Sáu Cộng Hòa đến An Dương Vương,2025-07-27 17:51:00,400,FRC3,33,33,760,760,1,False,10.764283334954333,106.68210132878986,0.0,10.0,12.2,Partly Cloudy
4406,Từ Ngã Sáu Cộng Hòa đến An Dương Vương,2025-07-27 17:51:00,300,FRC3,33,33,760,760,1,False,10.763480856227291,106.68240386571111,0.0,10.0,12.2,Partly Cloudy
4407,Từ Ngã Sáu Cộng Hòa đến An Dương Vương,2025-07-27 17:51:00,200,FRC3,33,33,760,760,1,False,10.762642918836454,106.6827364596283,0.0,10.0,12.2,Partly Cloudy
4408,Từ Ngã Sáu Cộng Hòa đến An Dương Vương,2025-07-27 17:51:00,100,FRC3,33,33,760,760,1,False,10.7619261906941,106.68302613820323,0.0,10.0,12.2,Partly Cloudy
4409,Từ Ngã Sáu Cộng Hòa đến An Dương Vương,2025-07-27 17:51:00,0,FRC3,33,33,760,760,1,False,10.761156760056346,106.68331581677815,0.0,10.0,12.2,Partly Cloudy
4410,Từ Cầu Nguyễn Văn Cừ đến An Dương Vương,2025-07-27 17:51:00,700,FRC2,35,35,454,454,1,False,10.755556817425111,106.68578400873503,0.0,10.0,12.2,Partly Cloudy
4411,Từ Cầu Nguyễn Văn Cừ đến An Dương Vương,2025-07-27 17:51:00,600,FRC2,35,35,454,454,1,False,10.756358876280022,106.6853232069683,0.0,10.0,12.2,Partly Cloudy
4412,Từ Cầu Nguyễn Văn Cừ đến An Dương Vương,2025-07-27 17:51:00,500,FRC2,35,35,454,454,1,False,10.757138847709548,106.684944289696,0.0,10.0,12.2,Partly Cloudy
4413,Từ Cầu Nguyễn Văn Cừ đến An Dương Vương,2025-07-27 17:51:00,400,FRC2,35,35,454,454,1,False,10.757963133528543,106.68463303622572,0.0,10.0,12.2,Partly Cloudy
4414,Từ Cầu Nguyễn Văn Cừ đến An Dương Vương,2025-07-27 17:51:00,300,FRC2,35,35,454,454,1,False,10.758623446871004,106.68435335919212,0.0,10.0,12.2,Partly Cloudy
4415,Từ Cầu Nguyễn Văn Cừ đến An Dương Vương,2025-07-27 17:51:00,200,FRC6,27,27,628,628,1,False,10.759478749919925,106.68406917123804,0.0,10.0,12.2,Partly Cloudy
4416,Từ Cầu Nguyễn Văn Cừ đến An Dương Vương,2025-07-27 17:51:00,100,FRC2,35,35,454,454,1,False,10.760311892549737,106.68371280856688,0.0,10.0,12.2,Partly Cloudy
4417,Từ Cầu Nguyễn Văn Cừ đến An Dương Vương,2025-07-27 17:51:00,0,FRC2,35,35,454,454,1,False,10.761189348756318,106.68340155509297,0.0,10.0,12.2,Partly Cloudy
4418,Từ Vòng Xoay Trần Phú đến ĐHSP,2025-07-27 17:51:00,1000,FRC4,29,29,198,198,1,False,10.757533515349062,106.67414436746735,0.0,10.0,12.2,Partly Cloudy
4419,Từ Vòng Xoay Trần Phú đến ĐHSP,2025-07-27 17:51:00,900,FRC4,29,29,198,198,1,False,10.757824186413304,106.67502060044893,0.0,10.0,12.2,Partly Cloudy
4420,Từ Vòng Xoay Trần Phú đến ĐHSP,2025-07-27 17:51:00,800,FRC4,29,29,198,198,1,False,10.758126036834728,106.67584372840122,0.0,10.0,12.2,Partly Cloudy
4421,Từ Vòng Xoay Trần Phú đến ĐHSP,2025-07-27 17:51:00,700,FRC4,29,29,198,198,1,False,10.758483785091158,106.67667444278729,0.0,10.0,12.2,Partly Cloudy
4422,Từ Vòng Xoay Trần Phú đến ĐHSP,2025-07-27 17:51:00,600,FRC4,29,29,198,198,1,False,10.758740916389923,106.67733446243443,0.0,10.0,12.2,Partly Cloudy
4423,Từ Vòng Xoay Trần Phú đến ĐHSP,2025-07-27 17:51:00,500,FRC4,28,28,207,207,1,False,10.759121023128003,106.67817276325134,0.0,10.0,12.2,Partly Cloudy
4424,Từ Vòng Xoay Trần Phú đến ĐHSP,2025-07-27 17:51:00,400,FRC4,28,28,207,207,1,False,10.759445231432741,106.6790186505005,0.0,10.0,12.2,Partly Cloudy
4425,Từ Vòng Xoay Trần Phú đến ĐHSP,2025-07-27 17:51:00,300,FRC4,28,28,207,207,1,False,10.759784345493584,106.67986453775157,0.0,10.0,12.2,Partly Cloudy
4426,Từ Vòng Xoay Trần Phú đến ĐHSP,2025-07-27 17:51:00,200,FRC4,28,28,207,207,1,False,10.76013091221701,106.68072559786684,0.0,10.0,12.2,Partly Cloudy
4427,Từ Vòng Xoay Trần Phú đến ĐHSP,2025-07-27 17:51:00,100,FRC4,29,29,198,198,1,False,10.760458845955434,106.6815638986815,0.0,10.0,12.2,Partly Cloudy
4428,Từ Vòng Xoay Trần Phú đến ĐHSP,2025-07-27 17:51:00,0,FRC4,29,29,198,198,1,False,10.760883668675298,106.6826449653469,0.0,10.0,12.2,Partly Cloudy
4429,Từ Ngã Sáu Cộng Hòa đến An Dương Vương,2025-07-28 06:26:00,500,FRC3,24,33,1046,760,1,False,10.765163027177051,106.68176325830919,0.0,10.0,19.4,Partly cloudy
4430,Từ Ngã Sáu Cộng Hòa đến An Dương Vương,2025-07-28 06:26:00,400,FRC3,24,33,1046,760,1,False,10.764283334954333,106.68210132878986,0.0,10.0,19.4,Partly cloudy
4431,Từ Ngã Sáu Cộng Hòa đến An Dương Vương,2025-07-28 06:26:00,300,FRC3,24,33,1046,760,1,False,10.763480856227291,106.68240386571111,0.0,10.0,19.4,Partly cloudy
4432,Từ Ngã Sáu Cộng Hòa đến An Dương Vương,2025-07-28 06:26:00,200,FRC3,24,33,1046,760,1,False,10.762642918836454,106.6827364596283,0.0,10.0,19.4,Partly cloudy
4433,Từ Ngã Sáu Cộng Hòa đến An Dương Vương,2025-07-28 06:26:00,100,FRC3,24,33,1046,760,1,False,10.7619261906941,106.68302613820323,0.0,10.0,19.4,Partly cloudy
4434,Từ Ngã Sáu Cộng Hòa đến An Dương Vương,2025-07-28 06:26:00,0,FRC3,24,33,1046,760,1,False,10.761156760056346,106.68331581677815,0.0,10.0,19.4,Partly cloudy
4435,Từ Cầu Nguyễn Văn Cừ đến An Dương Vương,2025-07-28 06:26:00,700,FRC2,28,35,568,454,1,False,10.755556817425111,106.68578400873503,0.0,10.0,19.4,Partly cloudy
4436,Từ Cầu Nguyễn Văn Cừ đến An Dương Vương,2025-07-28 06:26:00,600,FRC2,28,35,568,454,1,False,10.756358876280022,106.6853232069683,0.0,10.0,19.4,Partly cloudy
4437,Từ Cầu Nguyễn Văn Cừ đến An Dương Vương,2025-07-28 06:26:00,500,FRC2,28,35,568,454,1,False,10.757138847709548,106.684944289696,0.0,10.0,19.4,Partly cloudy
4438,Từ Cầu Nguyễn Văn Cừ đến An Dương Vương,2025-07-28 06:26:00,400,FRC2,28,35,568,454,1,False,10.757963133528543,106.68463303622572,0.0,10.0,19.4,Partly cloudy
4439,Từ Cầu Nguyễn Văn Cừ đến An Dương Vương,2025-07-28 06:26:00,300,FRC2,28,35,568,454,1,False,10.758623446871004,106.68435335919212,0.0,10.0,19.4,Partly cloudy
4440,Từ Cầu Nguyễn Văn Cừ đến An Dương Vương,2025-07-28 06:26:00,200,FRC6,18,27,943,628,1,False,10.759478749919925,106.68406917123804,0.0,10.0,19.4,Partly cloudy
4441,Từ Cầu Nguyễn Văn Cừ đến An Dương Vương,2025-07-28 06:26:00,100,FRC2,28,35,568,454,1,False,10.760311892549737,106.68371280856688,0.0,10.0,19.4,Partly cloudy
4442,Từ Cầu Nguyễn Văn Cừ đến An Dương Vương,2025-07-28 06:26:00,0,FRC2,28,35,568,454,1,False,10.761189348756318,106.68340155509297,0.0,10.0,19.4,Partly cloudy
4443,Từ Vòng Xoay Trần Phú đến ĐHSP,2025-07-28 06:26:00,1000,FRC4,21,29,273,198,1,False,10.757533515349062,106.67414436746735,0.0,10.0,19.4,Partly cloudy
4444,Từ Vòng Xoay Trần Phú đến ĐHSP,2025-07-28 06:26:00,900,FRC4,21,29,273,198,1,False,10.757824186413304,106.67502060044893,0.0,10.0,19.4,Partly cloudy
4445,Từ Vòng Xoay Trần Phú đến ĐHSP,2025-07-28 06:26:00,800,FRC4,21,29,273,198,1,False,10.758126036834728,106.67584372840122,0.0,10.0,19.4,Partly cloudy
4446,Từ Vòng Xoay Trần Phú đến ĐHSP,2025-07-28 06:26:00,700,FRC4,21,29,273,198,1,False,10.758483785091158,106.67667444278729,0.0,10.0,19.4,Partly cloudy
4447,Từ Vòng Xoay Trần Phú đến ĐHSP,2025-07-28 06:26:00,600,FRC4,21,29,273,198,1,False,10.758740916389923,106.67733446243443,0.0,10.0,19.4,Partly cloudy
4448,Từ Vòng Xoay Trần Phú đến ĐHSP,2025-07-28 06:26:00,500,FRC4,19,29,305,199,1,False,10.759121023128003,106.67817276325134,0.0,10.0,19.4,Partly cloudy
4449,Từ Vòng Xoay Trần Phú đến ĐHSP,2025-07-28 06:26:00,400,FRC4,19,29,305,199,1,False,10.759445231432741,106.6790186505005,0.0,10.0,19.4,Partly cloudy
4450,Từ Vòng Xoay Trần Phú đến ĐHSP,2025-07-28 06:26:00,300,FRC4,19,29,305,199,1,False,10.759784345493584,106.67986453775157,0.0,10.0,19.4,Partly cloudy
4451,Từ Vòng Xoay Trần Phú đến ĐHSP,2025-07-28 06:26:00,200,FRC4,19,29,305,199,1,False,10.76013091221701,106.68072559786684,0.0,10.0,19.4,Partly cloudy
4452,Từ Vòng Xoay Trần Phú đến ĐHSP,2025-07-28 06:26:00,100,FRC4,21,29,273,198,1,False,10.760458845955434,106.6815638986815,0.0,10.0,19.4,Partly cloudy
4453,Từ Vòng Xoay Trần Phú đến ĐHSP,2025-07-28 06:26:00,0,FRC4,21,29,273,198,1,False,10.760883668675298,106.6826449653469,0.0,10.0,19.4,Partly cloudy
4454,Từ Ngã Sáu Cộng Hòa đến An Dương Vương,2025-07-28 06:57:00,500,FRC3,22,33,1141,760,1,False,10.765163027177051,106.68176325830919,0.0,10.0,19.4,Partly cloudy
4455,Từ Ngã Sáu Cộng Hòa đến An Dương Vương,2025-07-28 06:57:00,400,FRC3,22,33,1141,760,1,False,10.764283334954333,106.68210132878986,0.0,10.0,21.2,Partly cloudy
4456,Từ Ngã Sáu Cộng Hòa đến An Dương Vương,2025-07-28 06:57:00,300,FRC3,22,33,1141,760,1,False,10.763480856227291,106.68240386571111,0.0,10.0,19.4,Partly cloudy
4457,Từ Ngã Sáu Cộng Hòa đến An Dương Vương,2025-07-28 06:57:00,200,FRC3,22,33,1141,760,1,False,10.762642918836454,106.6827364596283,0.0,10.0,21.2,Partly cloudy
4458,Từ Ngã Sáu Cộng Hòa đến An Dương Vương,2025-07-28 06:57:00,100,FRC3,22,33,1141,760,1,False,10.7619261906941,106.68302613820323,0.0,10.0,19.4,Partly cloudy
4459,Từ Ngã Sáu Cộng Hòa đến An Dương Vương,2025-07-28 06:57:00,0,FRC3,22,33,1141,760,1,False,10.761156760056346,106.68331581677815,0.0,10.0,21.2,Partly cloudy
4460,Từ Cầu Nguyễn Văn Cừ đến An Dương Vương,2025-07-28 06:57:00,700,FRC2,27,34,589,467,1,False,10.755556817425111,106.68578400873503,0.0,10.0,19.4,Partly cloudy
4461,Từ Cầu Nguyễn Văn Cừ đến An Dương Vương,2025-07-28 06:57:00,600,FRC2,27,34,589,467,1,False,10.756358876280022,106.6853232069683,0.0,10.0,21.2,Partly cloudy
4462,Từ Cầu Nguyễn Văn Cừ đến An Dương Vương,2025-07-28 06:57:00,500,FRC2,27,34,589,467,1,False,10.757138847709548,106.684944289696,0.0,10.0,21.2,Partly cloudy
4463,Từ Cầu Nguyễn Văn Cừ đến An Dương Vương,2025-07-28 06:57:00,400,FRC2,27,34,589,467,1,False,10.757963133528543,106.68463303622572,0.0,10.0,19.4,Partly cloudy
4464,Từ Cầu Nguyễn Văn Cừ đến An Dương Vương,2025-07-28 06:57:00,300,FRC2,27,34,589,467,1,False,10.758623446871004,106.68435335919212,0.0,10.0,19.4,Partly cloudy
4465,Từ Cầu Nguyễn Văn Cừ đến An Dương Vương,2025-07-28 06:57:00,200,FRC6,17,26,998,652,1,False,10.759478749919925,106.68406917123804,0.0,10.0,19.4,Partly cloudy
4466,Từ Cầu Nguyễn Văn Cừ đến An Dương Vương,2025-07-28 06:57:00,100,FRC2,27,34,589,467,1,False,10.760311892549737,106.68371280856688,0.0,10.0,21.2,Partly cloudy
4467,Từ Cầu Nguyễn Văn Cừ đến An Dương Vương,2025-07-28 06:57:00,0,FRC2,27,34,589,467,1,False,10.761189348756318,106.68340155509297,0.0,10.0,19.4,Partly cloudy
4468,Từ Vòng Xoay Trần Phú đến ĐHSP,2025-07-28 06:57:00,1000,FRC4,20,28,287,205,1,False,10.757533515349062,106.67414436746735,0.0,10.0,19.4,Partly cloudy
4469,Từ Vòng Xoay Trần Phú đến ĐHSP,2025-07-28 06:57:00,900,FRC4,20,28,287,205,1,False,10.757824186413304,106.67502060044893,0.0,10.0,19.4,Partly cloudy
4470,Từ Vòng Xoay Trần Phú đến ĐHSP,2025-07-28 06:57:00,800,FRC4,20,28,287,205,1,False,10.758126036834728,106.67584372840122,0.0,10.0,21.2,Partly cloudy
4471,Từ Vòng Xoay Trần Phú đến ĐHSP,2025-07-28 06:57:00,700,FRC4,20,28,287,205,1,False,10.758483785091158,106.67667444278729,0.0,10.0,19.4,Partly cloudy
4472,Từ Vòng Xoay Trần Phú đến ĐHSP,2025-07-28 06:57:00,600,FRC4,20,28,287,205,1,False,10.758740916389923,106.67733446243443,0.0,10.0,21.2,Partly cloudy
4473,Từ Vòng Xoay Trần Phú đến ĐHSP,2025-07-28 06:57:00,500,FRC4,18,28,322,207,0.998085,False,10.759121023128003,106.67817276325134,0.0,10.0,19.4,Partly cloudy
4474,Từ Vòng Xoay Trần Phú đến ĐHSP,2025-07-28 06:57:00,400,FRC4,18,28,322,207,0.998085,False,10.759445231432741,106.6790186505005,0.0,10.0,21.2,Partly cloudy
4475,Từ Vòng Xoay Trần Phú đến ĐHSP,2025-07-28 06:57:00,300,FRC4,18,28,322,207,0.998085,False,10.759784345493584,106.67986453775157,0.0,10.0,21.2,Partly cloudy
4476,Từ Vòng Xoay Trần Phú đến ĐHSP,2025-07-28 06:57:00,200,FRC4,18,28,322,207,0.998085,False,10.76013091221701,106.68072559786684,0.0,10.0,19.4,Partly cloudy
4477,Từ Vòng Xoay Trần Phú đến ĐHSP,2025-07-28 06:57:00,100,FRC4,20,28,287,205,1,False,10.760458845955434,106.6815638986815,0.0,10.0,21.2,Partly cloudy
4478,Từ Vòng Xoay Trần Phú đến ĐHSP,2025-07-28 06:57:00,0,FRC4,20,28,287,205,1,False,10.760883668675298,106.6826449653469,0.0,10.0,21.2,Partly cloudy
4479,Từ Ngã Sáu Cộng Hòa đến An Dương Vương,2025-07-28 07:25:00,500,FRC3,21,33,1195,760,1,False,10.765163027177051,106.68176325830919,0.0,10.0,21.2,Partly cloudy
4480,Từ Ngã Sáu Cộng Hòa đến An Dương Vương,2025-07-28 07:25:00,400,FRC3,21,33,1195,760,1,False,10.764283334954333,106.68210132878986,0.0,10.0,21.2,Partly cloudy
4481,Từ Ngã Sáu Cộng Hòa đến An Dương Vương,2025-07-28 07:25:00,300,FRC3,21,33,1195,760,1,False,10.763480856227291,106.68240386571111,0.0,10.0,21.2,Partly cloudy
4482,Từ Ngã Sáu Cộng Hòa đến An Dương Vương,2025-07-28 07:25:00,200,FRC3,21,33,1195,760,1,False,10.762642918836454,106.6827364596283,0.0,10.0,21.2,Partly cloudy
4483,Từ Ngã Sáu Cộng Hòa đến An Dương Vương,2025-07-28 07:25:00,100,FRC3,21,33,1195,760,1,False,10.7619261906941,106.68302613820323,0.0,10.0,21.2,Partly cloudy
4484,Từ Ngã Sáu Cộng Hòa đến An Dương Vương,2025-07-28 07:25:00,0,FRC3,21,33,1195,760,1,False,10.761156760056346,106.68331581677815,0.0,10.0,21.2,Partly cloudy
4485,Từ Cầu Nguyễn Văn Cừ đến An Dương Vương,2025-07-28 07:25:00,700,FRC2,25,35,636,454,1,False,10.755556817425111,106.68578400873503,0.0,10.0,21.2,Partly cloudy
4486,Từ Cầu Nguyễn Văn Cừ đến An Dương Vương,2025-07-28 07:25:00,600,FRC2,25,35,636,454,1,False,10.756358876280022,106.6853232069683,0.0,10.0,21.2,Partly cloudy
4487,Từ Cầu Nguyễn Văn Cừ đến An Dương Vương,2025-07-28 07:25:00,500,FRC2,25,35,636,454,1,False,10.757138847709548,106.684944289696,0.0,10.0,21.2,Partly cloudy
4488,Từ Cầu Nguyễn Văn Cừ đến An Dương Vương,2025-07-28 07:25:00,400,FRC2,25,35,636,454,1,False,10.757963133528543,106.68463303622572,0.0,10.0,21.2,Partly cloudy
4489,Từ Cầu Nguyễn Văn Cừ đến An Dương Vương,2025-07-28 07:25:00,300,FRC2,25,35,636,454,1,False,10.758623446871004,106.68435335919212,0.0,10.0,21.2,Partly cloudy
4490,Từ Cầu Nguyễn Văn Cừ đến An Dương Vương,2025-07-28 07:25:00,200,FRC6,19,26,893,652,1,False,10.759478749919925,106.68406917123804,0.0,10.0,21.2,Partly cloudy
4491,Từ Cầu Nguyễn Văn Cừ đến An Dương Vương,2025-07-28 07:25:00,100,FRC2,25,34,636,467,1,False,10.760311892549737,106.68371280856688,0.0,10.0,21.2,Partly cloudy
4492,Từ Cầu Nguyễn Văn Cừ đến An Dương Vương,2025-07-28 07:25:00,0,FRC2,25,34,636,467,1,False,10.761189348756318,106.68340155509297,0.0,10.0,21.2,Partly cloudy
4493,Từ Vòng Xoay Trần Phú đến ĐHSP,2025-07-28 07:25:00,1000,FRC4,22,28,261,205,1,False,10.757533515349062,106.67414436746735,0.0,10.0,21.2,Partly cloudy
4494,Từ Vòng Xoay Trần Phú đến ĐHSP,2025-07-28 07:25:00,900,FRC4,22,28,261,205,1,False,10.757824186413304,106.67502060044893,0.0,10.0,21.2,Partly cloudy
4495,Từ Vòng Xoay Trần Phú đến ĐHSP,2025-07-28 07:25:00,800,FRC4,22,28,261,205,1,False,10.758126036834728,106.67584372840122,0.0,10.0,21.2,Partly cloudy
4496,Từ Vòng Xoay Trần Phú đến ĐHSP,2025-07-28 07:25:00,700,FRC4,22,28,261,205,1,False,10.758483785091158,106.67667444278729,0.0,10.0,21.2,Partly cloudy
4497,Từ Vòng Xoay Trần Phú đến ĐHSP,2025-07-28 07:25:00,600,FRC4,22,28,261,205,1,False,10.758740916389923,106.67733446243443,0.0,10.0,21.2,Partly cloudy
4498,Từ Vòng Xoay Trần Phú đến ĐHSP,2025-07-28 07:25:00,500,FRC4,14,28,414,207,1,False,10.759121023128003,106.67817276325134,0.0,10.0,21.2,Partly cloudy
4499,Từ Vòng Xoay Trần Phú đến ĐHSP,2025-07-28 07:25:00,400,FRC4,14,28,414,207,1,False,10.759445231432741,106.6790186505005,0.0,10.0,21.2,Partly cloudy
4500,Từ Vòng Xoay Trần Phú đến ĐHSP,2025-07-28 07:25:00,300,FRC4,14,28,414,207,1,False,10.759784345493584,106.67986453775157,0.0,10.0,21.2,Partly cloudy
4501,Từ Vòng Xoay Trần Phú đến ĐHSP,2025-07-28 07:25:00,200,FRC4,14,28,414,207,1,False,10.76013091221701,106.68072559786684,0.0,10.0,21.2,Partly cloudy
4502,Từ Vòng Xoay Trần Phú đến ĐHSP,2025-07-28 07:25:00,100,FRC4,22,28,261,205,1,False,10.760458845955434,106.6815638986815,0.0,10.0,21.2,Partly cloudy
4503,Từ Vòng Xoay Trần Phú đến ĐHSP,2025-07-28 07:25:00,0,FRC4,22,28,261,205,1,False,10.760883668675298,106.6826449653469,0.0,10.0,21.2,Partly cloudy
4504,Từ Ngã Sáu Cộng Hòa đến An Dương Vương,2025-07-28 07:45:00,500,FRC3,22,33,1141,760,1,False,10.765163027177051,106.68176325830919,0.0,10.0,21.2,Partly cloudy
4505,Từ Ngã Sáu Cộng Hòa đến An Dương Vương,2025-07-28 07:45:00,400,FRC3,22,33,1141,760,1,False,10.764283334954333,106.68210132878986,0.0,10.0,21.2,Partly cloudy
4506,Từ Ngã Sáu Cộng Hòa đến An Dương Vương,2025-07-28 07:45:00,300,FRC3,22,33,1141,760,1,False,10.763480856227291,106.68240386571111,0.0,10.0,21.2,Partly cloudy
4507,Từ Ngã Sáu Cộng Hòa đến An Dương Vương,2025-07-28 07:45:00,200,FRC3,22,33,1141,760,1,False,10.762642918836454,106.6827364596283,0.0,10.0,21.2,Partly cloudy
4508,Từ Ngã Sáu Cộng Hòa đến An Dương Vương,2025-07-28 07:45:00,100,FRC3,22,33,1141,760,1,False,10.7619261906941,106.68302613820323,0.0,10.0,21.2,Partly cloudy
4509,Từ Ngã Sáu Cộng Hòa đến An Dương Vương,2025-07-28 07:45:00,0,FRC3,22,33,1141,760,1,False,10.761156760056346,106.68331581677815,0.0,10.0,21.2,Partly cloudy
4510,Từ Cầu Nguyễn Văn Cừ đến An Dương Vương,2025-07-28 07:45:00,700,FRC2,24,35,662,454,1,False,10.755556817425111,106.68578400873503,0.0,10.0,21.2,Partly cloudy
4511,Từ Cầu Nguyễn Văn Cừ đến An Dương Vương,2025-07-28 07:45:00,600,FRC2,24,35,662,454,1,False,10.756358876280022,106.6853232069683,0.0,10.0,21.2,Partly cloudy
4512,Từ Cầu Nguyễn Văn Cừ đến An Dương Vương,2025-07-28 07:45:00,500,FRC2,24,35,662,454,1,False,10.757138847709548,106.684944289696,0.0,10.0,21.2,Partly cloudy
4513,Từ Cầu Nguyễn Văn Cừ đến An Dương Vương,2025-07-28 07:45:00,400,FRC2,24,35,662,454,1,False,10.757963133528543,106.68463303622572,0.0,10.0,21.2,Partly cloudy
4514,Từ Cầu Nguyễn Văn Cừ đến An Dương Vương,2025-07-28 07:45:00,300,FRC2,24,35,662,454,1,False,10.758623446871004,106.68435335919212,0.0,10.0,21.2,Partly cloudy
4515,Từ Cầu Nguyễn Văn Cừ đến An Dương Vương,2025-07-28 07:45:00,200,FRC6,17,26,998,652,1,False,10.759478749919925,106.68406917123804,0.0,10.0,21.2,Partly cloudy
4516,Từ Cầu Nguyễn Văn Cừ đến An Dương Vương,2025-07-28 07:45:00,100,FRC2,24,35,662,454,1,False,10.760311892549737,106.68371280856688,0.0,10.0,21.2,Partly cloudy
4517,Từ Cầu Nguyễn Văn Cừ đến An Dương Vương,2025-07-28 07:45:00,0,FRC2,24,35,662,454,1,False,10.761189348756318,106.68340155509297,0.0,10.0,21.2,Partly cloudy
4518,Từ Vòng Xoay Trần Phú đến ĐHSP,2025-07-28 07:45:00,1000,FRC4,17,28,338,205,1,False,10.757533515349062,106.67414436746735,0.0,10.0,21.2,Partly cloudy
4519,Từ Vòng Xoay Trần Phú đến ĐHSP,2025-07-28 07:45:00,900,FRC4,17,28,338,205,1,False,10.757824186413304,106.67502060044893,0.0,10.0,21.2,Partly cloudy
4520,Từ Vòng Xoay Trần Phú đến ĐHSP,2025-07-28 07:45:00,800,FRC4,17,28,338,205,1,False,10.758126036834728,106.67584372840122,0.0,10.0,21.2,Partly cloudy
4521,Từ Vòng Xoay Trần Phú đến ĐHSP,2025-07-28 07:45:00,700,FRC4,17,28,338,205,1,False,10.758483785091158,106.67667444278729,0.0,10.0,21.2,Partly cloudy
4522,Từ Vòng Xoay Trần Phú đến ĐHSP,2025-07-28 07:45:00,600,FRC4,17,28,338,205,1,False,10.758740916389923,106.67733446243443,0.0,10.0,21.2,Partly cloudy
4523,Từ Vòng Xoay Trần Phú đến ĐHSP,2025-07-28 07:45:00,500,FRC4,20,28,289,207,1,False,10.759121023128003,106.67817276325134,0.0,10.0,21.2,Partly cloudy
4524,Từ Vòng Xoay Trần Phú đến ĐHSP,2025-07-28 07:45:00,400,FRC4,20,28,289,207,1,False,10.759445231432741,106.6790186505005,0.0,10.0,21.2,Partly cloudy
4525,Từ Vòng Xoay Trần Phú đến ĐHSP,2025-07-28 07:45:00,300,FRC4,20,28,289,207,1,False,10.759784345493584,106.67986453775157,0.0,10.0,21.2,Partly cloudy
4526,Từ Vòng Xoay Trần Phú đến ĐHSP,2025-07-28 07:45:00,200,FRC4,20,28,289,207,1,False,10.76013091221701,106.68072559786684,0.0,10.0,21.2,Partly cloudy
4527,Từ Vòng Xoay Trần Phú đến ĐHSP,2025-07-28 07:45:00,100,FRC4,17,28,338,205,1,False,10.760458845955434,106.6815638986815,0.0,10.0,21.2,Partly cloudy
4528,Từ Vòng Xoay Trần Phú đến ĐHSP,2025-07-28 07:45:00,0,FRC4,17,28,338,205,1,False,10.760883668675298,106.6826449653469,0.0,10.0,21.2,Partly cloudy
4529,Từ Ngã Sáu Cộng Hòa đến An Dương Vương,2025-07-28 07:55:00,500,FRC3,21,32,1195,784,1,False,10.765163027177051,106.68176325830919,0.0,10.0,21.2,Partly cloudy
4530,Từ Ngã Sáu Cộng Hòa đến An Dương Vương,2025-07-28 07:55:00,400,FRC3,21,32,1195,784,1,False,10.764283334954333,106.68210132878986,0.0,10.0,21.2,Partly cloudy
4531,Từ Ngã Sáu Cộng Hòa đến An Dương Vương,2025-07-28 07:55:00,300,FRC3,21,32,1195,784,1,False,10.763480856227291,106.68240386571111,0.0,10.0,24.1,Partly cloudy
4532,Từ Ngã Sáu Cộng Hòa đến An Dương Vương,2025-07-28 07:55:00,200,FRC3,21,32,1195,784,1,False,10.762642918836454,106.6827364596283,0.0,10.0,21.2,Partly cloudy
4533,Từ Ngã Sáu Cộng Hòa đến An Dương Vương,2025-07-28 07:55:00,100,FRC3,21,32,1195,784,1,False,10.7619261906941,106.68302613820323,0.0,10.0,21.2,Partly cloudy
4534,Từ Ngã Sáu Cộng Hòa đến An Dương Vương,2025-07-28 07:55:00,0,FRC3,21,32,1195,784,1,False,10.761156760056346,106.68331581677815,0.0,10.0,21.2,Partly cloudy
4535,Từ Cầu Nguyễn Văn Cừ đến An Dương Vương,2025-07-28 07:55:00,700,FRC2,26,34,611,467,1,False,10.755556817425111,106.68578400873503,0.0,10.0,21.2,Partly cloudy
4536,Từ Cầu Nguyễn Văn Cừ đến An Dương Vương,2025-07-28 07:55:00,600,FRC2,26,34,611,467,1,False,10.756358876280022,106.6853232069683,0.0,10.0,21.2,Partly cloudy
4537,Từ Cầu Nguyễn Văn Cừ đến An Dương Vương,2025-07-28 07:55:00,500,FRC2,26,34,611,467,1,False,10.757138847709548,106.684944289696,0.0,10.0,21.2,Partly cloudy
4538,Từ Cầu Nguyễn Văn Cừ đến An Dương Vương,2025-07-28 07:55:00,400,FRC2,26,34,611,467,1,False,10.757963133528543,106.68463303622572,0.0,10.0,21.2,Partly cloudy
4539,Từ Cầu Nguyễn Văn Cừ đến An Dương Vương,2025-07-28 07:55:00,300,FRC2,26,34,611,467,1,False,10.758623446871004,106.68435335919212,0.0,10.0,21.2,Partly cloudy
4540,Từ Cầu Nguyễn Văn Cừ đến An Dương Vương,2025-07-28 07:55:00,200,FRC6,17,27,998,628,1,False,10.759478749919925,106.68406917123804,0.0,10.0,24.1,Partly cloudy
4541,Từ Cầu Nguyễn Văn Cừ đến An Dương Vương,2025-07-28 07:55:00,100,FRC2,26,34,611,467,1,False,10.760311892549737,106.68371280856688,0.0,10.0,21.2,Partly cloudy
4542,Từ Cầu Nguyễn Văn Cừ đến An Dương Vương,2025-07-28 07:55:00,0,FRC2,26,34,611,467,1,False,10.761189348756318,106.68340155509297,0.0,10.0,21.2,Partly cloudy
4543,Từ Vòng Xoay Trần Phú đến ĐHSP,2025-07-28 07:55:00,1000,FRC4,18,28,319,205,1,False,10.757533515349062,106.67414436746735,0.0,10.0,24.1,Partly cloudy
4544,Từ Vòng Xoay Trần Phú đến ĐHSP,2025-07-28 07:55:00,900,FRC4,18,28,319,205,1,False,10.757824186413304,106.67502060044893,0.0,10.0,24.1,Partly cloudy
4545,Từ Vòng Xoay Trần Phú đến ĐHSP,2025-07-28 07:55:00,800,FRC4,18,28,319,205,1,False,10.758126036834728,106.67584372840122,0.0,10.0,24.1,Partly cloudy
4546,Từ Vòng Xoay Trần Phú đến ĐHSP,2025-07-28 07:55:00,700,FRC4,18,28,319,205,1,False,10.758483785091158,106.67667444278729,0.0,10.0,21.2,Partly cloudy
4547,Từ Vòng Xoay Trần Phú đến ĐHSP,2025-07-28 07:55:00,600,FRC4,18,28,319,205,1,False,10.758740916389923,106.67733446243443,0.0,10.0,21.2,Partly cloudy
4548,Từ Vòng Xoay Trần Phú đến ĐHSP,2025-07-28 07:55:00,500,FRC4,28,28,207,207,1,False,10.759121023128003,106.67817276325134,0.0,10.0,21.2,Partly cloudy
4549,Từ Vòng Xoay Trần Phú đến ĐHSP,2025-07-28 07:55:00,400,FRC4,28,28,207,207,1,False,10.759445231432741,106.6790186505005,0.0,10.0,24.1,Partly cloudy
4550,Từ Vòng Xoay Trần Phú đến ĐHSP,2025-07-28 07:55:00,300,FRC4,28,28,207,207,1,False,10.759784345493584,106.67986453775157,0.0,10.0,21.2,Partly cloudy
4551,Từ Vòng Xoay Trần Phú đến ĐHSP,2025-07-28 07:55:00,200,FRC4,28,28,207,207,1,False,10.76013091221701,106.68072559786684,0.0,10.0,21.2,Partly cloudy
4552,Từ Vòng Xoay Trần Phú đến ĐHSP,2025-07-28 07:55:00,100,FRC4,18,28,319,205,1,False,10.760458845955434,106.6815638986815,0.0,10.0,21.2,Partly cloudy
4553,Từ Vòng Xoay Trần Phú đến ĐHSP,2025-07-28 07:55:00,0,FRC4,18,28,319,205,1,False,10.760883668675298,106.6826449653469,0.0,10.0,24.1,Partly cloudy
4554,Từ Ngã Sáu Cộng Hòa đến An Dương Vương,2025-07-28 08:26:00,500,FRC3,22,32,1141,784,1,False,10.765163027177051,106.68176325830919,0.0,10.0,24.1,Partly cloudy
4555,Từ Ngã Sáu Cộng Hòa đến An Dương Vương,2025-07-28 08:26:00,400,FRC3,22,32,1141,784,1,False,10.764283334954333,106.68210132878986,0.0,10.0,24.1,Partly cloudy
4556,Từ Ngã Sáu Cộng Hòa đến An Dương Vương,2025-07-28 08:26:00,300,FRC3,22,32,1141,784,1,False,10.763480856227291,106.68240386571111,0.0,10.0,24.1,Partly cloudy
4557,Từ Ngã Sáu Cộng Hòa đến An Dương Vương,2025-07-28 08:26:00,200,FRC3,22,32,1141,784,1,False,10.762642918836454,106.6827364596283,0.0,10.0,24.1,Partly cloudy
4558,Từ Ngã Sáu Cộng Hòa đến An Dương Vương,2025-07-28 08:26:00,100,FRC3,22,32,1141,784,1,False,10.7619261906941,106.68302613820323,0.0,10.0,24.1,Partly cloudy
4559,Từ Ngã Sáu Cộng Hòa đến An Dương Vương,2025-07-28 08:26:00,0,FRC3,22,32,1141,784,1,False,10.761156760056346,106.68331581677815,0.0,10.0,24.1,Partly cloudy
4560,Từ Cầu Nguyễn Văn Cừ đến An Dương Vương,2025-07-28 08:26:00,700,FRC2,24,34,662,467,1,False,10.755556817425111,106.68578400873503,0.0,10.0,24.1,Partly cloudy
4561,Từ Cầu Nguyễn Văn Cừ đến An Dương Vương,2025-07-28 08:26:00,600,FRC2,24,34,662,467,1,False,10.756358876280022,106.6853232069683,0.0,10.0,24.1,Partly cloudy
4562,Từ Cầu Nguyễn Văn Cừ đến An Dương Vương,2025-07-28 08:26:00,500,FRC2,24,34,662,467,1,False,10.757138847709548,106.684944289696,0.0,10.0,24.1,Partly cloudy
4563,Từ Cầu Nguyễn Văn Cừ đến An Dương Vương,2025-07-28 08:26:00,400,FRC2,24,34,662,467,1,False,10.757963133528543,106.68463303622572,0.0,10.0,24.1,Partly cloudy
4564,Từ Cầu Nguyễn Văn Cừ đến An Dương Vương,2025-07-28 08:26:00,300,FRC2,24,34,662,467,1,False,10.758623446871004,106.68435335919212,0.0,10.0,24.1,Partly cloudy
4565,Từ Cầu Nguyễn Văn Cừ đến An Dương Vương,2025-07-28 08:26:00,200,FRC6,19,26,893,652,1,False,10.759478749919925,106.68406917123804,0.0,10.0,24.1,Partly cloudy
4566,Từ Cầu Nguyễn Văn Cừ đến An Dương Vương,2025-07-28 08:26:00,100,FRC2,24,34,662,467,1,False,10.760311892549737,106.68371280856688,0.0,10.0,24.1,Partly cloudy
4567,Từ Cầu Nguyễn Văn Cừ đến An Dương Vương,2025-07-28 08:26:00,0,FRC2,24,34,662,467,1,False,10.761189348756318,106.68340155509297,0.0,10.0,24.1,Partly cloudy
4568,Từ Vòng Xoay Trần Phú đến ĐHSP,2025-07-28 08:26:00,1000,FRC4,20,28,287,205,1,False,10.757533515349062,106.67414436746735,0.0,10.0,24.1,Partly cloudy
4569,Từ Vòng Xoay Trần Phú đến ĐHSP,2025-07-28 08:26:00,900,FRC4,20,28,287,205,1,False,10.757824186413304,106.67502060044893,0.0,10.0,24.1,Partly cloudy
4570,Từ Vòng Xoay Trần Phú đến ĐHSP,2025-07-28 08:26:00,800,FRC4,20,28,287,205,1,False,10.758126036834728,106.67584372840122,0.0,10.0,24.1,Partly cloudy
4571,Từ Vòng Xoay Trần Phú đến ĐHSP,2025-07-28 08:26:00,700,FRC4,20,28,287,205,1,False,10.758483785091158,106.67667444278729,0.0,10.0,24.1,Partly cloudy
4572,Từ Vòng Xoay Trần Phú đến ĐHSP,2025-07-28 08:26:00,600,FRC4,20,28,287,205,1,False,10.758740916389923,106.67733446243443,0.0,10.0,24.1,Partly cloudy
4573,Từ Vòng Xoay Trần Phú đến ĐHSP,2025-07-28 08:26:00,500,FRC4,23,28,252,207,0.998091,False,10.759121023128003,106.67817276325134,0.0,10.0,24.1,Partly cloudy
4574,Từ Vòng Xoay Trần Phú đến ĐHSP,2025-07-28 08:26:00,400,FRC4,23,28,252,207,0.998091,False,10.759445231432741,106.6790186505005,0.0,10.0,24.1,Partly cloudy
4575,Từ Vòng Xoay Trần Phú đến ĐHSP,2025-07-28 08:26:00,300,FRC4,23,28,252,207,0.998091,False,10.759784345493584,106.67986453775157,0.0,10.0,24.1,Partly cloudy
4576,Từ Vòng Xoay Trần Phú đến ĐHSP,2025-07-28 08:26:00,200,FRC4,23,28,252,207,0.998091,False,10.76013091221701,106.68072559786684,0.0,10.0,24.1,Partly cloudy
4577,Từ Vòng Xoay Trần Phú đến ĐHSP,2025-07-28 08:26:00,100,FRC4,20,28,287,205,1,False,10.760458845955434,106.6815638986815,0.0,10.0,24.1,Partly cloudy
4578,Từ Vòng Xoay Trần Phú đến ĐHSP,2025-07-28 08:26:00,0,FRC4,20,28,287,205,1,False,10.760883668675298,106.6826449653469,0.0,10.0,24.1,Partly cloudy
4579,Từ Ngã Sáu Cộng Hòa đến An Dương Vương,2025-07-28 08:53:00,500,FRC3,21,33,1195,760,1,False,10.765163027177051,106.68176325830919,0.0,10.0,24.1,Partly cloudy
4580,Từ Ngã Sáu Cộng Hòa đến An Dương Vương,2025-07-28 08:53:00,400,FRC3,21,33,1195,760,1,False,10.764283334954333,106.68210132878986,0.0,10.0,24.1,Partly cloudy
4581,Từ Ngã Sáu Cộng Hòa đến An Dương Vương,2025-07-28 08:53:00,300,FRC3,21,33,1195,760,1,False,10.763480856227291,106.68240386571111,0.0,10.0,24.5,Partly cloudy
4582,Từ Ngã Sáu Cộng Hòa đến An Dương Vương,2025-07-28 08:53:00,200,FRC3,21,33,1195,760,1,False,10.762642918836454,106.6827364596283,0.0,10.0,24.1,Partly cloudy
4583,Từ Ngã Sáu Cộng Hòa đến An Dương Vương,2025-07-28 08:53:00,100,FRC3,21,33,1195,760,1,False,10.7619261906941,106.68302613820323,0.0,10.0,24.1,Partly cloudy
4584,Từ Ngã Sáu Cộng Hòa đến An Dương Vương,2025-07-28 08:53:00,0,FRC3,21,33,1195,760,1,False,10.761156760056346,106.68331581677815,0.0,10.0,24.1,Partly cloudy
4585,Từ Cầu Nguyễn Văn Cừ đến An Dương Vương,2025-07-28 08:53:00,700,FRC2,25,34,636,467,1,False,10.755556817425111,106.68578400873503,0.0,10.0,24.5,Partly cloudy
4586,Từ Cầu Nguyễn Văn Cừ đến An Dương Vương,2025-07-28 08:53:00,600,FRC2,25,34,636,467,1,False,10.756358876280022,106.6853232069683,0.0,10.0,24.1,Partly cloudy
4587,Từ Cầu Nguyễn Văn Cừ đến An Dương Vương,2025-07-28 08:53:00,500,FRC2,25,34,636,467,1,False,10.757138847709548,106.684944289696,0.0,10.0,24.1,Partly cloudy
4588,Từ Cầu Nguyễn Văn Cừ đến An Dương Vương,2025-07-28 08:53:00,400,FRC2,25,34,636,467,1,False,10.757963133528543,106.68463303622572,0.0,10.0,24.5,Partly cloudy
4589,Từ Cầu Nguyễn Văn Cừ đến An Dương Vương,2025-07-28 08:53:00,300,FRC2,25,34,636,467,1,False,10.758623446871004,106.68435335919212,0.0,10.0,24.1,Partly cloudy
4590,Từ Cầu Nguyễn Văn Cừ đến An Dương Vương,2025-07-28 08:53:00,200,FRC6,20,26,848,652,1,False,10.759478749919925,106.68406917123804,0.0,10.0,24.1,Partly cloudy
4591,Từ Cầu Nguyễn Văn Cừ đến An Dương Vương,2025-07-28 08:53:00,100,FRC2,25,34,636,467,1,False,10.760311892549737,106.68371280856688,0.0,10.0,24.1,Partly cloudy
4592,Từ Cầu Nguyễn Văn Cừ đến An Dương Vương,2025-07-28 08:53:00,0,FRC2,25,34,636,467,1,False,10.761189348756318,106.68340155509297,0.0,10.0,24.1,Partly cloudy
4593,Từ Vòng Xoay Trần Phú đến ĐHSP,2025-07-28 08:53:00,1000,FRC4,19,28,302,205,1,False,10.757533515349062,106.67414436746735,0.0,10.0,24.1,Partly cloudy
4594,Từ Vòng Xoay Trần Phú đến ĐHSP,2025-07-28 08:53:00,900,FRC4,19,28,302,205,1,False,10.757824186413304,106.67502060044893,0.0,10.0,24.5,Partly cloudy
4595,Từ Vòng Xoay Trần Phú đến ĐHSP,2025-07-28 08:53:00,800,FRC4,19,28,302,205,1,False,10.758126036834728,106.67584372840122,0.0,10.0,24.1,Partly cloudy
4596,Từ Vòng Xoay Trần Phú đến ĐHSP,2025-07-28 08:53:00,700,FRC4,19,28,302,205,1,False,10.758483785091158,106.67667444278729,0.0,10.0,24.5,Partly cloudy
4597,Từ Vòng Xoay Trần Phú đến ĐHSP,2025-07-28 08:53:00,600,FRC4,19,28,302,205,1,False,10.758740916389923,106.67733446243443,0.0,10.0,24.5,Partly cloudy
4598,Từ Vòng Xoay Trần Phú đến ĐHSP,2025-07-28 08:53:00,500,FRC4,20,28,289,207,1,False,10.759121023128003,106.67817276325134,0.0,10.0,24.1,Partly cloudy
4599,Từ Vòng Xoay Trần Phú đến ĐHSP,2025-07-28 08:53:00,400,FRC4,20,28,289,207,1,False,10.759445231432741,106.6790186505005,0.0,10.0,24.1,Partly cloudy
4600,Từ Vòng Xoay Trần Phú đến ĐHSP,2025-07-28 08:53:00,300,FRC4,20,28,289,207,1,False,10.759784345493584,106.67986453775157,0.0,10.0,24.1,Partly cloudy
4601,Từ Vòng Xoay Trần Phú đến ĐHSP,2025-07-28 08:53:00,200,FRC4,20,28,289,207,1,False,10.76013091221701,106.68072559786684,0.0,10.0,24.5,Partly cloudy
4602,Từ Vòng Xoay Trần Phú đến ĐHSP,2025-07-28 08:53:00,100,FRC4,19,28,302,205,1,False,10.760458845955434,106.6815638986815,0.0,10.0,24.5,Partly cloudy
4603,Từ Vòng Xoay Trần Phú đến ĐHSP,2025-07-28 08:53:00,0,FRC4,19,28,302,205,1,False,10.760883668675298,106.6826449653469,0.0,10.0,24.1,Partly cloudy
4604,Từ Ngã Sáu Cộng Hòa đến An Dương Vương,2025-07-28 11:17:00,500,FRC3,18,33,1394,760,1,False,10.765163027177051,106.68176325830919,0.0,10.0,20.2,Partly Cloudy
4605,Từ Ngã Sáu Cộng Hòa đến An Dương Vương,2025-07-28 11:17:00,400,FRC3,18,33,1394,760,1,False,10.764283334954333,106.68210132878986,0.0,10.0,20.2,Partly Cloudy
4606,Từ Ngã Sáu Cộng Hòa đến An Dương Vương,2025-07-28 11:17:00,300,FRC3,18,33,1394,760,1,False,10.763480856227291,106.68240386571111,0.0,10.0,20.2,Partly Cloudy
4607,Từ Ngã Sáu Cộng Hòa đến An Dương Vương,2025-07-28 11:17:00,200,FRC3,18,33,1394,760,1,False,10.762642918836454,106.6827364596283,0.0,10.0,20.2,Partly Cloudy
4608,Từ Ngã Sáu Cộng Hòa đến An Dương Vương,2025-07-28 11:17:00,100,FRC3,18,33,1394,760,1,False,10.7619261906941,106.68302613820323,0.0,10.0,20.2,Partly Cloudy
4609,Từ Ngã Sáu Cộng Hòa đến An Dương Vương,2025-07-28 11:17:00,0,FRC3,18,33,1394,760,1,False,10.761156760056346,106.68331581677815,0.0,10.0,20.2,Partly Cloudy
4610,Từ Cầu Nguyễn Văn Cừ đến An Dương Vương,2025-07-28 11:17:00,700,FRC2,20,34,795,467,1,False,10.755556817425111,106.68578400873503,0.0,10.0,20.2,Partly Cloudy
4611,Từ Cầu Nguyễn Văn Cừ đến An Dương Vương,2025-07-28 11:17:00,600,FRC2,20,34,795,467,1,False,10.756358876280022,106.6853232069683,0.0,10.0,20.2,Partly Cloudy
4612,Từ Cầu Nguyễn Văn Cừ đến An Dương Vương,2025-07-28 11:17:00,500,FRC2,20,34,795,467,1,False,10.757138847709548,106.684944289696,0.0,10.0,20.2,Partly Cloudy
4613,Từ Cầu Nguyễn Văn Cừ đến An Dương Vương,2025-07-28 11:17:00,400,FRC2,20,34,795,467,1,False,10.757963133528543,106.68463303622572,0.0,10.0,20.2,Partly Cloudy
4614,Từ Cầu Nguyễn Văn Cừ đến An Dương Vương,2025-07-28 11:17:00,300,FRC2,20,34,795,467,1,False,10.758623446871004,106.68435335919212,0.0,10.0,20.2,Partly Cloudy
4615,Từ Cầu Nguyễn Văn Cừ đến An Dương Vương,2025-07-28 11:17:00,200,FRC6,18,26,943,652,1,False,10.759478749919925,106.68406917123804,0.0,10.0,20.2,Partly Cloudy
4616,Từ Cầu Nguyễn Văn Cừ đến An Dương Vương,2025-07-28 11:17:00,100,FRC2,20,34,795,467,1,False,10.760311892549737,106.68371280856688,0.0,10.0,20.2,Partly Cloudy
4617,Từ Cầu Nguyễn Văn Cừ đến An Dương Vương,2025-07-28 11:17:00,0,FRC2,20,34,795,467,1,False,10.761189348756318,106.68340155509297,0.0,10.0,20.2,Partly Cloudy
4618,Từ Vòng Xoay Trần Phú đến ĐHSP,2025-07-28 11:17:00,1000,FRC4,20,28,287,205,1,False,10.757533515349062,106.67414436746735,0.0,10.0,20.2,Partly Cloudy
4619,Từ Vòng Xoay Trần Phú đến ĐHSP,2025-07-28 11:17:00,900,FRC4,20,28,287,205,1,False,10.757824186413304,106.67502060044893,0.0,10.0,20.2,Partly Cloudy
4620,Từ Vòng Xoay Trần Phú đến ĐHSP,2025-07-28 11:17:00,800,FRC4,20,28,287,205,1,False,10.758126036834728,106.67584372840122,0.0,10.0,20.2,Partly Cloudy
4621,Từ Vòng Xoay Trần Phú đến ĐHSP,2025-07-28 11:17:00,700,FRC4,20,28,287,205,1,False,10.758483785091158,106.67667444278729,0.0,10.0,20.2,Partly Cloudy
4622,Từ Vòng Xoay Trần Phú đến ĐHSP,2025-07-28 11:17:00,600,FRC4,20,28,287,205,1,False,10.758740916389923,106.67733446243443,0.0,10.0,20.2,Partly Cloudy
4623,Từ Vòng Xoay Trần Phú đến ĐHSP,2025-07-28 11:17:00,500,FRC4,19,28,305,207,1,False,10.759121023128003,106.67817276325134,0.0,10.0,20.2,Partly Cloudy
4624,Từ Vòng Xoay Trần Phú đến ĐHSP,2025-07-28 11:17:00,400,FRC4,19,28,305,207,1,False,10.759445231432741,106.6790186505005,0.0,10.0,20.2,Partly Cloudy
4625,Từ Vòng Xoay Trần Phú đến ĐHSP,2025-07-28 11:17:00,300,FRC4,19,28,305,207,1,False,10.759784345493584,106.67986453775157,0.0,10.0,20.2,Partly Cloudy
4626,Từ Vòng Xoay Trần Phú đến ĐHSP,2025-07-28 11:17:00,200,FRC4,19,28,305,207,1,False,10.76013091221701,106.68072559786684,0.0,10.0,20.2,Partly Cloudy
4627,Từ Vòng Xoay Trần Phú đến ĐHSP,2025-07-28 11:17:00,100,FRC4,20,28,287,205,1,False,10.760458845955434,106.6815638986815,0.0,10.0,20.2,Partly Cloudy
4628,Từ Vòng Xoay Trần Phú đến ĐHSP,2025-07-28 11:17:00,0,FRC4,20,28,287,205,1,False,10.760883668675298,106.6826449653469,0.0,10.0,20.2,Partly Cloudy
4629,Từ Ngã Sáu Cộng Hòa đến An Dương Vương,2025-07-28 11:41:00,500,FRC3,19,33,1321,760,1,False,10.765163027177051,106.68176325830919,0.0,10.0,20.2,Partly Cloudy
4630,Từ Ngã Sáu Cộng Hòa đến An Dương Vương,2025-07-28 11:41:00,400,FRC3,19,33,1321,760,1,False,10.764283334954333,106.68210132878986,0.0,10.0,20.2,Partly Cloudy
4631,Từ Ngã Sáu Cộng Hòa đến An Dương Vương,2025-07-28 11:41:00,300,FRC3,19,33,1321,760,1,False,10.763480856227291,106.68240386571111,0.0,10.0,20.2,Partly Cloudy
4632,Từ Ngã Sáu Cộng Hòa đến An Dương Vương,2025-07-28 11:41:00,200,FRC3,19,33,1321,760,1,False,10.762642918836454,106.6827364596283,0.0,10.0,20.2,Partly Cloudy
4633,Từ Ngã Sáu Cộng Hòa đến An Dương Vương,2025-07-28 11:41:00,100,FRC3,19,33,1321,760,1,False,10.7619261906941,106.68302613820323,0.0,10.0,20.2,Partly Cloudy
4634,Từ Ngã Sáu Cộng Hòa đến An Dương Vương,2025-07-28 11:41:00,0,FRC3,19,33,1321,760,1,False,10.761156760056346,106.68331581677815,0.0,10.0,20.2,Partly Cloudy
4635,Từ Cầu Nguyễn Văn Cừ đến An Dương Vương,2025-07-28 11:41:00,700,FRC2,20,35,795,454,1,False,10.755556817425111,106.68578400873503,0.0,10.0,20.2,Partly Cloudy
4636,Từ Cầu Nguyễn Văn Cừ đến An Dương Vương,2025-07-28 11:41:00,600,FRC2,20,35,795,454,1,False,10.756358876280022,106.6853232069683,0.0,10.0,20.2,Partly Cloudy
4637,Từ Cầu Nguyễn Văn Cừ đến An Dương Vương,2025-07-28 11:41:00,500,FRC2,20,35,795,454,1,False,10.757138847709548,106.684944289696,0.0,10.0,20.2,Partly Cloudy
4638,Từ Cầu Nguyễn Văn Cừ đến An Dương Vương,2025-07-28 11:41:00,400,FRC2,20,35,795,454,1,False,10.757963133528543,106.68463303622572,0.0,10.0,20.2,Partly Cloudy
4639,Từ Cầu Nguyễn Văn Cừ đến An Dương Vương,2025-07-28 11:41:00,300,FRC2,20,35,795,454,1,False,10.758623446871004,106.68435335919212,0.0,10.0,20.2,Partly Cloudy
4640,Từ Cầu Nguyễn Văn Cừ đến An Dương Vương,2025-07-28 11:41:00,200,FRC6,17,27,998,628,1,False,10.759478749919925,106.68406917123804,0.0,10.0,20.2,Partly Cloudy
4641,Từ Cầu Nguyễn Văn Cừ đến An Dương Vương,2025-07-28 11:41:00,100,FRC2,20,35,795,454,1,False,10.760311892549737,106.68371280856688,0.0,10.0,20.2,Partly Cloudy
4642,Từ Cầu Nguyễn Văn Cừ đến An Dương Vương,2025-07-28 11:41:00,0,FRC2,20,35,795,454,1,False,10.761189348756318,106.68340155509297,0.0,10.0,20.2,Partly Cloudy
4643,Từ Vòng Xoay Trần Phú đến ĐHSP,2025-07-28 11:41:00,1000,FRC4,23,27,249,212,1,False,10.757533515349062,106.67414436746735,0.0,10.0,20.2,Partly Cloudy
4644,Từ Vòng Xoay Trần Phú đến ĐHSP,2025-07-28 11:41:00,900,FRC4,23,27,249,212,1,False,10.757824186413304,106.67502060044893,0.0,10.0,20.2,Partly Cloudy
4645,Từ Vòng Xoay Trần Phú đến ĐHSP,2025-07-28 11:41:00,800,FRC4,23,27,249,212,1,False,10.758126036834728,106.67584372840122,0.0,10.0,20.2,Partly Cloudy
4646,Từ Vòng Xoay Trần Phú đến ĐHSP,2025-07-28 11:41:00,700,FRC4,23,27,249,212,1,False,10.758483785091158,106.67667444278729,0.0,10.0,20.2,Partly Cloudy
4647,Từ Vòng Xoay Trần Phú đến ĐHSP,2025-07-28 11:41:00,600,FRC4,23,27,249,212,1,False,10.758740916389923,106.67733446243443,0.0,10.0,20.2,Partly Cloudy
4648,Từ Vòng Xoay Trần Phú đến ĐHSP,2025-07-28 11:41:00,500,FRC4,17,28,341,207,1,False,10.759121023128003,106.67817276325134,0.0,10.0,20.2,Partly Cloudy
4649,Từ Vòng Xoay Trần Phú đến ĐHSP,2025-07-28 11:41:00,400,FRC4,17,28,341,207,1,False,10.759445231432741,106.6790186505005,0.0,10.0,20.2,Partly Cloudy
4650,Từ Vòng Xoay Trần Phú đến ĐHSP,2025-07-28 11:41:00,300,FRC4,17,28,341,207,1,False,10.759784345493584,106.67986453775157,0.0,10.0,20.2,Partly Cloudy
4651,Từ Vòng Xoay Trần Phú đến ĐHSP,2025-07-28 11:41:00,200,FRC4,17,28,341,207,1,False,10.76013091221701,106.68072559786684,0.0,10.0,20.2,Partly Cloudy
4652,Từ Vòng Xoay Trần Phú đến ĐHSP,2025-07-28 11:41:00,100,FRC4,23,27,249,212,1,False,10.760458845955434,106.6815638986815,0.0,10.0,20.2,Partly Cloudy
4653,Từ Vòng Xoay Trần Phú đến ĐHSP,2025-07-28 11:41:00,0,FRC4,23,27,249,212,1,False,10.760883668675298,106.6826449653469,0.0,10.0,20.2,Partly Cloudy
4654,Từ Ngã Sáu Cộng Hòa đến An Dương Vương,2025-07-28 11:52:00,500,FRC3,18,33,1394,760,1,False,10.765163027177051,106.68176325830919,0.0,10.0,20.2,Partly Cloudy
4655,Từ Ngã Sáu Cộng Hòa đến An Dương Vương,2025-07-28 11:52:00,400,FRC3,18,33,1394,760,1,False,10.764283334954333,106.68210132878986,0.0,10.0,20.2,Partly Cloudy
4656,Từ Ngã Sáu Cộng Hòa đến An Dương Vương,2025-07-28 11:52:00,300,FRC3,18,33,1394,760,1,False,10.763480856227291,106.68240386571111,0.0,10.0,20.2,Partly Cloudy
4657,Từ Ngã Sáu Cộng Hòa đến An Dương Vương,2025-07-28 11:52:00,200,FRC3,18,33,1394,760,1,False,10.762642918836454,106.6827364596283,0.0,10.0,20.2,Partly Cloudy
4658,Từ Ngã Sáu Cộng Hòa đến An Dương Vương,2025-07-28 11:52:00,100,FRC3,18,33,1394,760,1,False,10.7619261906941,106.68302613820323,0.0,10.0,20.2,Partly Cloudy
4659,Từ Ngã Sáu Cộng Hòa đến An Dương Vương,2025-07-28 11:52:00,0,FRC3,18,33,1394,760,1,False,10.761156760056346,106.68331581677815,0.0,10.0,20.2,Partly Cloudy
4660,Từ Cầu Nguyễn Văn Cừ đến An Dương Vương,2025-07-28 11:52:00,700,FRC2,22,34,722,467,1,False,10.755556817425111,106.68578400873503,0.0,10.0,20.2,Partly Cloudy
4661,Từ Cầu Nguyễn Văn Cừ đến An Dương Vương,2025-07-28 11:52:00,600,FRC2,22,34,722,467,1,False,10.756358876280022,106.6853232069683,0.0,10.0,20.2,Partly Cloudy
4662,Từ Cầu Nguyễn Văn Cừ đến An Dương Vương,2025-07-28 11:52:00,500,FRC2,22,34,722,467,1,False,10.757138847709548,106.684944289696,0.0,10.0,20.2,Partly Cloudy
4663,Từ Cầu Nguyễn Văn Cừ đến An Dương Vương,2025-07-28 11:52:00,400,FRC2,22,34,722,467,1,False,10.757963133528543,106.68463303622572,0.0,10.0,20.2,Partly Cloudy
4664,Từ Cầu Nguyễn Văn Cừ đến An Dương Vương,2025-07-28 11:52:00,300,FRC2,22,34,722,467,1,False,10.758623446871004,106.68435335919212,0.0,10.0,20.2,Partly Cloudy
4665,Từ Cầu Nguyễn Văn Cừ đến An Dương Vương,2025-07-28 11:52:00,200,FRC6,18,26,943,652,1,False,10.759478749919925,106.68406917123804,0.0,10.0,20.2,Partly Cloudy
4666,Từ Cầu Nguyễn Văn Cừ đến An Dương Vương,2025-07-28 11:52:00,100,FRC2,22,34,722,467,1,False,10.760311892549737,106.68371280856688,0.0,10.0,20.2,Partly Cloudy
4667,Từ Cầu Nguyễn Văn Cừ đến An Dương Vương,2025-07-28 11:52:00,0,FRC2,22,34,722,467,1,False,10.761189348756318,106.68340155509297,0.0,10.0,20.2,Partly Cloudy
4668,Từ Vòng Xoay Trần Phú đến ĐHSP,2025-07-28 11:52:00,1000,FRC4,22,28,261,205,1,False,10.757533515349062,106.67414436746735,0.0,10.0,20.2,Partly Cloudy
4669,Từ Vòng Xoay Trần Phú đến ĐHSP,2025-07-28 11:52:00,900,FRC4,22,28,261,205,1,False,10.757824186413304,106.67502060044893,0.0,10.0,20.2,Partly Cloudy
4670,Từ Vòng Xoay Trần Phú đến ĐHSP,2025-07-28 11:52:00,800,FRC4,22,28,261,205,1,False,10.758126036834728,106.67584372840122,0.0,10.0,20.2,Partly Cloudy
4671,Từ Vòng Xoay Trần Phú đến ĐHSP,2025-07-28 11:52:00,700,FRC4,22,28,261,205,1,False,10.758483785091158,106.67667444278729,0.0,10.0,20.2,Partly Cloudy
4672,Từ Vòng Xoay Trần Phú đến ĐHSP,2025-07-28 11:52:00,600,FRC4,22,28,261,205,1,False,10.758740916389923,106.67733446243443,0.0,10.0,20.2,Partly Cloudy
4673,Từ Vòng Xoay Trần Phú đến ĐHSP,2025-07-28 11:52:00,500,FRC4,20,28,289,207,1,False,10.759121023128003,106.67817276325134,0.0,10.0,20.2,Partly Cloudy
4674,Từ Vòng Xoay Trần Phú đến ĐHSP,2025-07-28 11:52:00,400,FRC4,20,28,289,207,1,False,10.759445231432741,106.6790186505005,0.0,10.0,20.2,Partly Cloudy
4675,Từ Vòng Xoay Trần Phú đến ĐHSP,2025-07-28 11:52:00,300,FRC4,20,28,289,207,1,False,10.759784345493584,106.67986453775157,0.0,10.0,20.2,Partly Cloudy
4676,Từ Vòng Xoay Trần Phú đến ĐHSP,2025-07-28 11:52:00,200,FRC4,20,28,289,207,1,False,10.76013091221701,106.68072559786684,0.0,10.0,20.2,Partly Cloudy
4677,Từ Vòng Xoay Trần Phú đến ĐHSP,2025-07-28 11:52:00,100,FRC4,22,28,261,205,1,False,10.760458845955434,106.6815638986815,0.0,10.0,20.2,Partly Cloudy
4678,Từ Vòng Xoay Trần Phú đến ĐHSP,2025-07-28 11:52:00,0,FRC4,22,28,261,205,1,False,10.760883668675298,106.6826449653469,0.0,10.0,20.2,Partly Cloudy
4679,Từ Ngã Sáu Cộng Hòa đến An Dương Vương,2025-07-28 12:43:00,500,FRC3,21,33,1195,760,1,False,10.765163027177051,106.68176325830919,0.0,10.0,21.2,Partly cloudy
4680,Từ Ngã Sáu Cộng Hòa đến An Dương Vương,2025-07-28 12:43:00,400,FRC3,21,33,1195,760,1,False,10.764283334954333,106.68210132878986,0.0,10.0,21.2,Partly cloudy
4681,Từ Ngã Sáu Cộng Hòa đến An Dương Vương,2025-07-28 12:43:00,300,FRC3,21,33,1195,760,1,False,10.763480856227291,106.68240386571111,0.0,10.0,21.2,Partly cloudy
4682,Từ Ngã Sáu Cộng Hòa đến An Dương Vương,2025-07-28 12:43:00,200,FRC3,21,33,1195,760,1,False,10.762642918836454,106.6827364596283,0.0,10.0,21.2,Partly cloudy
4683,Từ Ngã Sáu Cộng Hòa đến An Dương Vương,2025-07-28 12:43:00,100,FRC3,21,33,1195,760,1,False,10.7619261906941,106.68302613820323,0.0,10.0,21.2,Partly cloudy
4684,Từ Ngã Sáu Cộng Hòa đến An Dương Vương,2025-07-28 12:43:00,0,FRC3,21,33,1195,760,1,False,10.761156760056346,106.68331581677815,0.0,10.0,21.2,Partly cloudy
4685,Từ Cầu Nguyễn Văn Cừ đến An Dương Vương,2025-07-28 12:43:00,700,FRC2,24,34,662,467,1,False,10.755556817425111,106.68578400873503,0.0,10.0,21.2,Partly cloudy
4686,Từ Cầu Nguyễn Văn Cừ đến An Dương Vương,2025-07-28 12:43:00,600,FRC2,24,34,662,467,1,False,10.756358876280022,106.6853232069683,0.0,10.0,21.2,Partly cloudy
4687,Từ Cầu Nguyễn Văn Cừ đến An Dương Vương,2025-07-28 12:43:00,500,FRC2,24,34,662,467,1,False,10.757138847709548,106.684944289696,0.0,10.0,21.2,Partly cloudy
4688,Từ Cầu Nguyễn Văn Cừ đến An Dương Vương,2025-07-28 12:43:00,400,FRC2,24,34,662,467,1,False,10.757963133528543,106.68463303622572,0.0,10.0,21.2,Partly cloudy
4689,Từ Cầu Nguyễn Văn Cừ đến An Dương Vương,2025-07-28 12:43:00,300,FRC2,24,34,662,467,1,False,10.758623446871004,106.68435335919212,0.0,10.0,21.2,Partly cloudy
4690,Từ Cầu Nguyễn Văn Cừ đến An Dương Vương,2025-07-28 12:43:00,200,FRC6,17,27,998,628,1,False,10.759478749919925,106.68406917123804,0.0,10.0,21.2,Partly cloudy
4691,Từ Cầu Nguyễn Văn Cừ đến An Dương Vương,2025-07-28 12:43:00,100,FRC2,24,34,662,467,1,False,10.760311892549737,106.68371280856688,0.0,10.0,21.2,Partly cloudy
4692,Từ Cầu Nguyễn Văn Cừ đến An Dương Vương,2025-07-28 12:43:00,0,FRC2,24,34,662,467,1,False,10.761189348756318,106.68340155509297,0.0,10.0,21.2,Partly cloudy
4693,Từ Vòng Xoay Trần Phú đến ĐHSP,2025-07-28 12:43:00,1000,FRC4,21,28,273,205,1,False,10.757533515349062,106.67414436746735,0.0,10.0,21.2,Partly cloudy
4694,Từ Vòng Xoay Trần Phú đến ĐHSP,2025-07-28 12:43:00,900,FRC4,21,28,273,205,1,False,10.757824186413304,106.67502060044893,0.0,10.0,21.2,Partly cloudy
4695,Từ Vòng Xoay Trần Phú đến ĐHSP,2025-07-28 12:43:00,800,FRC4,21,28,273,205,1,False,10.758126036834728,106.67584372840122,0.0,10.0,21.2,Partly cloudy
4696,Từ Vòng Xoay Trần Phú đến ĐHSP,2025-07-28 12:43:00,700,FRC4,21,28,273,205,1,False,10.758483785091158,106.67667444278729,0.0,10.0,21.2,Partly cloudy
4697,Từ Vòng Xoay Trần Phú đến ĐHSP,2025-07-28 12:43:00,600,FRC4,21,28,273,205,1,False,10.758740916389923,106.67733446243443,0.0,10.0,21.2,Partly cloudy
4698,Từ Vòng Xoay Trần Phú đến ĐHSP,2025-07-28 12:43:00,500,FRC4,21,27,276,214,1,False,10.759121023128003,106.67817276325134,0.0,10.0,21.2,Partly cloudy
4699,Từ Vòng Xoay Trần Phú đến ĐHSP,2025-07-28 12:43:00,400,FRC4,21,27,276,214,1,False,10.759445231432741,106.6790186505005,0.0,10.0,21.2,Partly cloudy
4700,Từ Vòng Xoay Trần Phú đến ĐHSP,2025-07-28 12:43:00,300,FRC4,21,27,276,214,1,False,10.759784345493584,106.67986453775157,0.0,10.0,21.2,Partly cloudy
4701,Từ Vòng Xoay Trần Phú đến ĐHSP,2025-07-28 12:43:00,200,FRC4,21,27,276,214,1,False,10.76013091221701,106.68072559786684,0.0,10.0,21.2,Partly cloudy
4702,Từ Vòng Xoay Trần Phú đến ĐHSP,2025-07-28 12:43:00,100,FRC4,21,28,273,205,1,False,10.760458845955434,106.6815638986815,0.0,10.0,21.2,Partly cloudy
4703,Từ Vòng Xoay Trần Phú đến ĐHSP,2025-07-28 12:43:00,0,FRC4,21,28,273,205,1,False,10.760883668675298,106.6826449653469,0.0,10.0,21.2,Partly cloudy
4704,Từ Ngã Sáu Cộng Hòa đến An Dương Vương,2025-07-28 13:29:00,500,FRC3,23,33,1091,760,1,False,10.765163027177051,106.68176325830919,0.0,10.0,18.7,Partly cloudy
4705,Từ Ngã Sáu Cộng Hòa đến An Dương Vương,2025-07-28 13:29:00,400,FRC3,23,33,1091,760,1,False,10.764283334954333,106.68210132878986,0.0,10.0,18.7,Partly cloudy
4706,Từ Ngã Sáu Cộng Hòa đến An Dương Vương,2025-07-28 13:29:00,300,FRC3,23,33,1091,760,1,False,10.763480856227291,106.68240386571111,0.0,10.0,18.7,Partly cloudy
4707,Từ Ngã Sáu Cộng Hòa đến An Dương Vương,2025-07-28 13:29:00,200,FRC3,23,33,1091,760,1,False,10.762642918836454,106.6827364596283,0.0,10.0,18.7,Partly cloudy
4708,Từ Ngã Sáu Cộng Hòa đến An Dương Vương,2025-07-28 13:29:00,100,FRC3,23,33,1091,760,1,False,10.7619261906941,106.68302613820323,0.0,10.0,18.7,Partly cloudy
4709,Từ Ngã Sáu Cộng Hòa đến An Dương Vương,2025-07-28 13:29:00,0,FRC3,23,33,1091,760,1,False,10.761156760056346,106.68331581677815,0.0,10.0,18.7,Partly cloudy
4710,Từ Cầu Nguyễn Văn Cừ đến An Dương Vương,2025-07-28 13:29:00,700,FRC2,24,34,662,467,1,False,10.755556817425111,106.68578400873503,0.0,10.0,18.7,Partly cloudy
4711,Từ Cầu Nguyễn Văn Cừ đến An Dương Vương,2025-07-28 13:29:00,600,FRC2,24,34,662,467,1,False,10.756358876280022,106.6853232069683,0.0,10.0,18.7,Partly cloudy
4712,Từ Cầu Nguyễn Văn Cừ đến An Dương Vương,2025-07-28 13:29:00,500,FRC2,24,34,662,467,1,False,10.757138847709548,106.684944289696,0.0,10.0,18.7,Partly cloudy
4713,Từ Cầu Nguyễn Văn Cừ đến An Dương Vương,2025-07-28 13:29:00,400,FRC2,24,34,662,467,1,False,10.757963133528543,106.68463303622572,0.0,10.0,18.7,Partly cloudy
4714,Từ Cầu Nguyễn Văn Cừ đến An Dương Vương,2025-07-28 13:29:00,300,FRC2,24,34,662,467,1,False,10.758623446871004,106.68435335919212,0.0,10.0,18.7,Partly cloudy
4715,Từ Cầu Nguyễn Văn Cừ đến An Dương Vương,2025-07-28 13:29:00,200,FRC6,18,26,943,652,1,False,10.759478749919925,106.68406917123804,0.0,10.0,18.7,Partly cloudy
4716,Từ Cầu Nguyễn Văn Cừ đến An Dương Vương,2025-07-28 13:29:00,100,FRC2,24,34,662,467,1,False,10.760311892549737,106.68371280856688,0.0,10.0,18.7,Partly cloudy
4717,Từ Cầu Nguyễn Văn Cừ đến An Dương Vương,2025-07-28 13:29:00,0,FRC2,24,34,662,467,1,False,10.761189348756318,106.68340155509297,0.0,10.0,18.7,Partly cloudy
4718,Từ Vòng Xoay Trần Phú đến ĐHSP,2025-07-28 13:29:00,1000,FRC4,29,29,198,198,1,False,10.757533515349062,106.67414436746735,0.0,10.0,18.7,Partly cloudy
4719,Từ Vòng Xoay Trần Phú đến ĐHSP,2025-07-28 13:29:00,900,FRC4,29,29,198,198,1,False,10.757824186413304,106.67502060044893,0.0,10.0,18.7,Partly cloudy
4720,Từ Vòng Xoay Trần Phú đến ĐHSP,2025-07-28 13:29:00,800,FRC4,29,29,198,198,1,False,10.758126036834728,106.67584372840122,0.0,10.0,18.7,Partly cloudy
4721,Từ Vòng Xoay Trần Phú đến ĐHSP,2025-07-28 13:29:00,700,FRC4,29,29,198,198,1,False,10.758483785091158,106.67667444278729,0.0,10.0,18.7,Partly cloudy
4722,Từ Vòng Xoay Trần Phú đến ĐHSP,2025-07-28 13:29:00,600,FRC4,29,29,198,198,1,False,10.758740916389923,106.67733446243443,0.0,10.0,18.7,Partly cloudy
4723,Từ Vòng Xoay Trần Phú đến ĐHSP,2025-07-28 13:29:00,500,FRC4,24,27,241,214,1,False,10.759121023128003,106.67817276325134,0.0,10.0,18.7,Partly cloudy
4724,Từ Vòng Xoay Trần Phú đến ĐHSP,2025-07-28 13:29:00,400,FRC4,24,27,241,214,1,False,10.759445231432741,106.6790186505005,0.0,10.0,18.7,Partly cloudy
4725,Từ Vòng Xoay Trần Phú đến ĐHSP,2025-07-28 13:29:00,300,FRC4,24,27,241,214,1,False,10.759784345493584,106.67986453775157,0.0,10.0,18.7,Partly cloudy
4726,Từ Vòng Xoay Trần Phú đến ĐHSP,2025-07-28 13:29:00,200,FRC4,24,27,241,214,1,False,10.76013091221701,106.68072559786684,0.0,10.0,18.7,Partly cloudy
4727,Từ Vòng Xoay Trần Phú đến ĐHSP,2025-07-28 13:29:00,100,FRC4,29,29,198,198,1,False,10.760458845955434,106.6815638986815,0.0,10.0,18.7,Partly cloudy
4728,Từ Vòng Xoay Trần Phú đến ĐHSP,2025-07-28 13:29:00,0,FRC4,29,29,198,198,1,False,10.760883668675298,106.6826449653469,0.0,10.0,18.7,Partly cloudy
4729,Từ Ngã Sáu Cộng Hòa đến An Dương Vương,2025-07-28 16:16:00,500,FRC3,33,33,760,760,1,False,10.765163027177051,106.68176325830919,0.0,10.0,17.6,Partly cloudy
4730,Từ Ngã Sáu Cộng Hòa đến An Dương Vương,2025-07-28 16:16:00,400,FRC3,33,33,760,760,1,False,10.764283334954333,106.68210132878986,0.0,10.0,17.6,Partly cloudy
4731,Từ Ngã Sáu Cộng Hòa đến An Dương Vương,2025-07-28 16:16:00,300,FRC3,33,33,760,760,1,False,10.763480856227291,106.68240386571111,0.0,10.0,17.6,Partly cloudy
4732,Từ Ngã Sáu Cộng Hòa đến An Dương Vương,2025-07-28 16:16:00,200,FRC3,33,33,760,760,1,False,10.762642918836454,106.6827364596283,0.0,10.0,17.6,Partly cloudy
4733,Từ Ngã Sáu Cộng Hòa đến An Dương Vương,2025-07-28 16:16:00,100,FRC3,33,33,760,760,1,False,10.7619261906941,106.68302613820323,0.0,10.0,17.6,Partly cloudy
4734,Từ Ngã Sáu Cộng Hòa đến An Dương Vương,2025-07-28 16:16:00,0,FRC3,33,33,760,760,1,False,10.761156760056346,106.68331581677815,0.0,10.0,17.6,Partly cloudy
4735,Từ Cầu Nguyễn Văn Cừ đến An Dương Vương,2025-07-28 16:16:00,700,FRC2,35,35,454,454,1,False,10.755556817425111,106.68578400873503,0.0,10.0,17.6,Partly cloudy
4736,Từ Cầu Nguyễn Văn Cừ đến An Dương Vương,2025-07-28 16:16:00,600,FRC2,35,35,454,454,1,False,10.756358876280022,106.6853232069683,0.0,10.0,17.6,Partly cloudy
4737,Từ Cầu Nguyễn Văn Cừ đến An Dương Vương,2025-07-28 16:16:00,500,FRC2,35,35,454,454,1,False,10.757138847709548,106.684944289696,0.0,10.0,17.6,Partly cloudy
4738,Từ Cầu Nguyễn Văn Cừ đến An Dương Vương,2025-07-28 16:16:00,400,FRC2,35,35,454,454,1,False,10.757963133528543,106.68463303622572,0.0,10.0,17.6,Partly cloudy
4739,Từ Cầu Nguyễn Văn Cừ đến An Dương Vương,2025-07-28 16:16:00,300,FRC2,35,35,454,454,1,False,10.758623446871004,106.68435335919212,0.0,10.0,17.6,Partly cloudy
4740,Từ Cầu Nguyễn Văn Cừ đến An Dương Vương,2025-07-28 16:16:00,200,FRC6,22,26,771,652,1,False,10.759478749919925,106.68406917123804,0.0,10.0,17.6,Partly cloudy
4741,Từ Cầu Nguyễn Văn Cừ đến An Dương Vương,2025-07-28 16:16:00,100,FRC2,35,35,454,454,1,False,10.760311892549737,106.68371280856688,0.0,10.0,17.6,Partly cloudy
4742,Từ Cầu Nguyễn Văn Cừ đến An Dương Vương,2025-07-28 16:16:00,0,FRC2,35,35,454,454,1,False,10.761189348756318,106.68340155509297,0.0,10.0,17.6,Partly cloudy
4743,Từ Vòng Xoay Trần Phú đến ĐHSP,2025-07-28 16:16:00,1000,FRC4,29,29,198,198,1,False,10.757533515349062,106.67414436746735,0.0,10.0,17.6,Partly cloudy
4744,Từ Vòng Xoay Trần Phú đến ĐHSP,2025-07-28 16:16:00,900,FRC4,29,29,198,198,1,False,10.757824186413304,106.67502060044893,0.0,10.0,17.6,Partly cloudy
4745,Từ Vòng Xoay Trần Phú đến ĐHSP,2025-07-28 16:16:00,800,FRC4,29,29,198,198,1,False,10.758126036834728,106.67584372840122,0.0,10.0,17.6,Partly cloudy
4746,Từ Vòng Xoay Trần Phú đến ĐHSP,2025-07-28 16:16:00,700,FRC4,29,29,198,198,1,False,10.758483785091158,106.67667444278729,0.0,10.0,17.6,Partly cloudy
4747,Từ Vòng Xoay Trần Phú đến ĐHSP,2025-07-28 16:16:00,600,FRC4,29,29,198,198,1,False,10.758740916389923,106.67733446243443,0.0,10.0,17.6,Partly cloudy
4748,Từ Vòng Xoay Trần Phú đến ĐHSP,2025-07-28 16:16:00,500,FRC4,28,28,207,207,1,False,10.759121023128003,106.67817276325134,0.0,10.0,17.6,Partly cloudy
4749,Từ Vòng Xoay Trần Phú đến ĐHSP,2025-07-28 16:16:00,400,FRC4,28,28,207,207,1,False,10.759445231432741,106.6790186505005,0.0,10.0,17.6,Partly cloudy
4750,Từ Vòng Xoay Trần Phú đến ĐHSP,2025-07-28 16:16:00,300,FRC4,28,28,207,207,1,False,10.759784345493584,106.67986453775157,0.0,10.0,17.6,Partly cloudy
4751,Từ Vòng Xoay Trần Phú đến ĐHSP,2025-07-28 16:16:00,200,FRC4,28,28,207,207,1,False,10.76013091221701,106.68072559786684,0.0,10.0,17.6,Partly cloudy
4752,Từ Vòng Xoay Trần Phú đến ĐHSP,2025-07-28 16:17:00,100,FRC4,29,29,198,198,1,False,10.760458845955434,106.6815638986815,0.0,10.0,17.6,Partly cloudy
4753,Từ Vòng Xoay Trần Phú đến ĐHSP,2025-07-28 16:17:00,0,FRC4,29,29,198,198,1,False,10.760883668675298,106.6826449653469,0.0,10.0,17.6,Partly cloudy
4754,Từ Ngã Sáu Cộng Hòa đến An Dương Vương,2025-07-28 16:51:00,500,FRC3,33,33,760,760,1,False,10.765163027177051,106.68176325830919,0.0,10.0,15.8,Partly cloudy
4755,Từ Ngã Sáu Cộng Hòa đến An Dương Vương,2025-07-28 16:51:00,400,FRC3,33,33,760,760,1,False,10.764283334954333,106.68210132878986,0.0,10.0,15.8,Partly cloudy
4756,Từ Ngã Sáu Cộng Hòa đến An Dương Vương,2025-07-28 16:51:00,300,FRC3,33,33,760,760,1,False,10.763480856227291,106.68240386571111,0.0,10.0,15.8,Partly cloudy
4757,Từ Ngã Sáu Cộng Hòa đến An Dương Vương,2025-07-28 16:51:00,200,FRC3,33,33,760,760,1,False,10.762642918836454,106.6827364596283,0.0,10.0,15.8,Partly cloudy
4758,Từ Ngã Sáu Cộng Hòa đến An Dương Vương,2025-07-28 16:51:00,100,FRC3,33,33,760,760,1,False,10.7619261906941,106.68302613820323,0.0,10.0,15.8,Partly cloudy
4759,Từ Ngã Sáu Cộng Hòa đến An Dương Vương,2025-07-28 16:51:00,0,FRC3,33,33,760,760,1,False,10.761156760056346,106.68331581677815,0.0,10.0,15.8,Partly cloudy
4760,Từ Cầu Nguyễn Văn Cừ đến An Dương Vương,2025-07-28 16:51:00,700,FRC2,35,35,454,454,1,False,10.755556817425111,106.68578400873503,0.0,10.0,15.8,Partly cloudy
4761,Từ Cầu Nguyễn Văn Cừ đến An Dương Vương,2025-07-28 16:51:00,600,FRC2,35,35,454,454,1,False,10.756358876280022,106.6853232069683,0.0,10.0,15.8,Partly cloudy
4762,Từ Cầu Nguyễn Văn Cừ đến An Dương Vương,2025-07-28 16:51:00,500,FRC2,35,35,454,454,1,False,10.757138847709548,106.684944289696,0.0,10.0,15.8,Partly cloudy
4763,Từ Cầu Nguyễn Văn Cừ đến An Dương Vương,2025-07-28 16:51:00,400,FRC2,35,35,454,454,1,False,10.757963133528543,106.68463303622572,0.0,10.0,15.8,Partly cloudy
4764,Từ Cầu Nguyễn Văn Cừ đến An Dương Vương,2025-07-28 16:51:00,300,FRC2,35,35,454,454,1,False,10.758623446871004,106.68435335919212,0.0,10.0,15.8,Partly cloudy
4765,Từ Cầu Nguyễn Văn Cừ đến An Dương Vương,2025-07-28 16:51:00,200,FRC6,27,27,628,628,1,False,10.759478749919925,106.68406917123804,0.0,10.0,15.8,Partly cloudy
4766,Từ Cầu Nguyễn Văn Cừ đến An Dương Vương,2025-07-28 16:51:00,100,FRC2,35,35,454,454,1,False,10.760311892549737,106.68371280856688,0.0,10.0,15.8,Partly cloudy
4767,Từ Cầu Nguyễn Văn Cừ đến An Dương Vương,2025-07-28 16:51:00,0,FRC2,35,35,454,454,1,False,10.761189348756318,106.68340155509297,0.0,10.0,15.8,Partly cloudy
4768,Từ Vòng Xoay Trần Phú đến ĐHSP,2025-07-28 16:51:00,1000,FRC4,29,29,198,198,1,False,10.757533515349062,106.67414436746735,0.0,10.0,15.8,Partly cloudy
4769,Từ Vòng Xoay Trần Phú đến ĐHSP,2025-07-28 16:51:00,900,FRC4,29,29,198,198,1,False,10.757824186413304,106.67502060044893,0.0,10.0,15.8,Partly cloudy
4770,Từ Vòng Xoay Trần Phú đến ĐHSP,2025-07-28 16:51:00,800,FRC4,29,29,198,198,1,False,10.758126036834728,106.67584372840122,0.0,10.0,15.8,Partly cloudy
4771,Từ Vòng Xoay Trần Phú đến ĐHSP,2025-07-28 16:51:00,700,FRC4,29,29,198,198,1,False,10.758483785091158,106.67667444278729,0.0,10.0,15.8,Partly cloudy
4772,Từ Vòng Xoay Trần Phú đến ĐHSP,2025-07-28 16:51:00,600,FRC4,29,29,198,198,1,False,10.758740916389923,106.67733446243443,0.0,10.0,15.8,Partly cloudy
4773,Từ Vòng Xoay Trần Phú đến ĐHSP,2025-07-28 16:51:00,500,FRC4,28,28,207,207,1,False,10.759121023128003,106.67817276325134,0.0,10.0,15.8,Partly cloudy
4774,Từ Vòng Xoay Trần Phú đến ĐHSP,2025-07-28 16:51:00,400,FRC4,28,28,207,207,1,False,10.759445231432741,106.6790186505005,0.0,10.0,15.8,Partly cloudy
4775,Từ Vòng Xoay Trần Phú đến ĐHSP,2025-07-28 16:51:00,300,FRC4,28,28,207,207,1,False,10.759784345493584,106.67986453775157,0.0,10.0,15.8,Partly cloudy
4776,Từ Vòng Xoay Trần Phú đến ĐHSP,2025-07-28 16:51:00,200,FRC4,28,28,207,207,1,False,10.76013091221701,106.68072559786684,0.0,10.0,15.8,Partly cloudy
4777,Từ Vòng Xoay Trần Phú đến ĐHSP,2025-07-28 16:51:00,100,FRC4,29,29,198,198,1,False,10.760458845955434,106.6815638986815,0.0,10.0,15.8,Partly cloudy
4778,Từ Vòng Xoay Trần Phú đến ĐHSP,2025-07-28 16:51:00,0,FRC4,29,29,198,198,1,False,10.760883668675298,106.6826449653469,0.0,10.0,15.8,Partly cloudy
4779,Từ Ngã Sáu Cộng Hòa đến An Dương Vương,2025-07-28 17:15:00,500,FRC3,33,33,760,760,1,False,10.765163027177051,106.68176325830919,0.0,10.0,14.4,Partly cloudy
4780,Từ Ngã Sáu Cộng Hòa đến An Dương Vương,2025-07-28 17:15:00,400,FRC3,33,33,760,760,1,False,10.764283334954333,106.68210132878986,0.0,10.0,14.4,Partly cloudy
4781,Từ Ngã Sáu Cộng Hòa đến An Dương Vương,2025-07-28 17:15:00,300,FRC3,33,33,760,760,1,False,10.763480856227291,106.68240386571111,0.0,10.0,14.4,Partly cloudy
4782,Từ Ngã Sáu Cộng Hòa đến An Dương Vương,2025-07-28 17:15:00,200,FRC3,33,33,760,760,1,False,10.762642918836454,106.6827364596283,0.0,10.0,14.4,Partly cloudy
4783,Từ Ngã Sáu Cộng Hòa đến An Dương Vương,2025-07-28 17:15:00,100,FRC3,33,33,760,760,1,False,10.7619261906941,106.68302613820323,0.0,10.0,14.4,Partly cloudy
4784,Từ Ngã Sáu Cộng Hòa đến An Dương Vương,2025-07-28 17:15:00,0,FRC3,33,33,760,760,1,False,10.761156760056346,106.68331581677815,0.0,10.0,14.4,Partly cloudy
4785,Từ Cầu Nguyễn Văn Cừ đến An Dương Vương,2025-07-28 17:15:00,700,FRC2,35,35,454,454,1,False,10.755556817425111,106.68578400873503,0.0,10.0,14.4,Partly cloudy
4786,Từ Cầu Nguyễn Văn Cừ đến An Dương Vương,2025-07-28 17:15:00,600,FRC2,35,35,454,454,1,False,10.756358876280022,106.6853232069683,0.0,10.0,14.4,Partly cloudy
4787,Từ Cầu Nguyễn Văn Cừ đến An Dương Vương,2025-07-28 17:15:00,500,FRC2,35,35,454,454,1,False,10.757138847709548,106.684944289696,0.0,10.0,14.4,Partly cloudy
4788,Từ Cầu Nguyễn Văn Cừ đến An Dương Vương,2025-07-28 17:15:00,400,FRC2,35,35,454,454,1,False,10.757963133528543,106.68463303622572,0.0,10.0,14.4,Partly cloudy
4789,Từ Cầu Nguyễn Văn Cừ đến An Dương Vương,2025-07-28 17:15:00,300,FRC2,35,35,454,454,1,False,10.758623446871004,106.68435335919212,0.0,10.0,14.4,Partly cloudy
4790,Từ Cầu Nguyễn Văn Cừ đến An Dương Vương,2025-07-28 17:15:00,200,FRC6,22,27,771,628,0.997559,False,10.759478749919925,106.68406917123804,0.0,10.0,14.4,Partly cloudy
4791,Từ Cầu Nguyễn Văn Cừ đến An Dương Vương,2025-07-28 17:15:00,100,FRC2,35,35,454,454,1,False,10.760311892549737,106.68371280856688,0.0,10.0,14.4,Partly cloudy
4792,Từ Cầu Nguyễn Văn Cừ đến An Dương Vương,2025-07-28 17:15:00,0,FRC2,35,35,454,454,1,False,10.761189348756318,106.68340155509297,0.0,10.0,14.4,Partly cloudy
4793,Từ Vòng Xoay Trần Phú đến ĐHSP,2025-07-28 17:15:00,1000,FRC4,29,29,198,198,1,False,10.757533515349062,106.67414436746735,0.0,10.0,14.4,Partly cloudy
4794,Từ Vòng Xoay Trần Phú đến ĐHSP,2025-07-28 17:15:00,900,FRC4,29,29,198,198,1,False,10.757824186413304,106.67502060044893,0.0,10.0,14.4,Partly cloudy
4795,Từ Vòng Xoay Trần Phú đến ĐHSP,2025-07-28 17:15:00,800,FRC4,29,29,198,198,1,False,10.758126036834728,106.67584372840122,0.0,10.0,14.4,Partly cloudy
4796,Từ Vòng Xoay Trần Phú đến ĐHSP,2025-07-28 17:15:00,700,FRC4,29,29,198,198,1,False,10.758483785091158,106.67667444278729,0.0,10.0,14.4,Partly cloudy
4797,Từ Vòng Xoay Trần Phú đến ĐHSP,2025-07-28 17:15:00,600,FRC4,29,29,198,198,1,False,10.758740916389923,106.67733446243443,0.0,10.0,14.4,Partly cloudy
4798,Từ Vòng Xoay Trần Phú đến ĐHSP,2025-07-28 17:15:00,500,FRC4,28,28,207,207,1,False,10.759121023128003,106.67817276325134,0.0,10.0,14.4,Partly cloudy
4799,Từ Vòng Xoay Trần Phú đến ĐHSP,2025-07-28 17:15:00,400,FRC4,28,28,207,207,1,False,10.759445231432741,106.6790186505005,0.0,10.0,14.4,Partly cloudy
4800,Từ Vòng Xoay Trần Phú đến ĐHSP,2025-07-28 17:15:00,300,FRC4,28,28,207,207,1,False,10.759784345493584,106.67986453775157,0.0,10.0,14.4,Partly cloudy
4801,Từ Vòng Xoay Trần Phú đến ĐHSP,2025-07-28 17:15:00,200,FRC4,28,28,207,207,1,False,10.76013091221701,106.68072559786684,0.0,10.0,14.4,Partly cloudy
4802,Từ Vòng Xoay Trần Phú đến ĐHSP,2025-07-28 17:15:00,100,FRC4,29,29,198,198,1,False,10.760458845955434,106.6815638986815,0.0,10.0,14.4,Partly cloudy
4803,Từ Vòng Xoay Trần Phú đến ĐHSP,2025-07-28 17:15:00,0,FRC4,29,29,198,198,1,False,10.760883668675298,106.6826449653469,0.0,10.0,14.4,Partly cloudy
4804,Từ Ngã Sáu Cộng Hòa đến An Dương Vương,2025-07-28 17:42:00,500,FRC3,33,33,760,760,1,False,10.765163027177051,106.68176325830919,0.0,10.0,14.4,Partly cloudy
4805,Từ Ngã Sáu Cộng Hòa đến An Dương Vương,2025-07-28 17:42:00,400,FRC3,33,33,760,760,1,False,10.764283334954333,106.68210132878986,0.0,10.0,14.4,Partly cloudy
4806,Từ Ngã Sáu Cộng Hòa đến An Dương Vương,2025-07-28 17:42:00,300,FRC3,33,33,760,760,1,False,10.763480856227291,106.68240386571111,0.0,10.0,14.4,Partly cloudy
4807,Từ Ngã Sáu Cộng Hòa đến An Dương Vương,2025-07-28 17:42:00,200,FRC3,33,33,760,760,1,False,10.762642918836454,106.6827364596283,0.0,10.0,14.4,Partly cloudy
4808,Từ Ngã Sáu Cộng Hòa đến An Dương Vương,2025-07-28 17:42:00,100,FRC3,33,33,760,760,1,False,10.7619261906941,106.68302613820323,0.0,10.0,14.4,Partly cloudy
4809,Từ Ngã Sáu Cộng Hòa đến An Dương Vương,2025-07-28 17:43:00,0,FRC3,33,33,760,760,1,False,10.761156760056346,106.68331581677815,0.0,10.0,14.4,Partly cloudy
4810,Từ Cầu Nguyễn Văn Cừ đến An Dương Vương,2025-07-28 17:43:00,700,FRC2,30,34,530,467,0.999009,False,10.755556817425111,106.68578400873503,0.0,10.0,14.4,Partly cloudy
4811,Từ Cầu Nguyễn Văn Cừ đến An Dương Vương,2025-07-28 17:43:00,600,FRC2,30,34,530,467,0.999009,False,10.756358876280022,106.6853232069683,0.0,10.0,14.4,Partly cloudy
4812,Từ Cầu Nguyễn Văn Cừ đến An Dương Vương,2025-07-28 17:43:00,500,FRC2,30,34,530,467,0.999009,False,10.757138847709548,106.684944289696,0.0,10.0,14.4,Partly cloudy
4813,Từ Cầu Nguyễn Văn Cừ đến An Dương Vương,2025-07-28 17:43:00,400,FRC2,30,34,530,467,0.999009,False,10.757963133528543,106.68463303622572,0.0,10.0,14.4,Partly cloudy
4814,Từ Cầu Nguyễn Văn Cừ đến An Dương Vương,2025-07-28 17:43:00,300,FRC2,30,34,530,467,0.999009,False,10.758623446871004,106.68435335919212,0.0,10.0,14.4,Partly cloudy
4815,Từ Cầu Nguyễn Văn Cừ đến An Dương Vương,2025-07-28 17:43:00,200,FRC6,27,27,628,628,1,False,10.759478749919925,106.68406917123804,0.0,10.0,14.4,Partly cloudy
4816,Từ Cầu Nguyễn Văn Cừ đến An Dương Vương,2025-07-28 17:43:00,100,FRC2,30,34,530,467,0.999009,False,10.760311892549737,106.68371280856688,0.0,10.0,14.4,Partly cloudy
4817,Từ Cầu Nguyễn Văn Cừ đến An Dương Vương,2025-07-28 17:43:00,0,FRC2,30,34,530,467,0.999009,False,10.761189348756318,106.68340155509297,0.0,10.0,14.4,Partly cloudy
4818,Từ Vòng Xoay Trần Phú đến ĐHSP,2025-07-28 17:43:00,1000,FRC4,26,29,221,198,0.990069,False,10.757533515349062,106.67414436746735,0.0,10.0,14.4,Partly cloudy
4819,Từ Vòng Xoay Trần Phú đến ĐHSP,2025-07-28 17:43:00,900,FRC4,26,29,221,198,0.990069,False,10.757824186413304,106.67502060044893,0.0,10.0,14.4,Partly cloudy
4820,Từ Vòng Xoay Trần Phú đến ĐHSP,2025-07-28 17:43:00,800,FRC4,26,29,221,198,0.990069,False,10.758126036834728,106.67584372840122,0.0,10.0,14.4,Partly cloudy
4821,Từ Vòng Xoay Trần Phú đến ĐHSP,2025-07-28 17:43:00,700,FRC4,26,29,221,198,0.990069,False,10.758483785091158,106.67667444278729,0.0,10.0,14.4,Partly cloudy
4822,Từ Vòng Xoay Trần Phú đến ĐHSP,2025-07-28 17:43:00,600,FRC4,26,29,221,198,0.990069,False,10.758740916389923,106.67733446243443,0.0,10.0,14.4,Partly cloudy
4823,Từ Vòng Xoay Trần Phú đến ĐHSP,2025-07-28 17:43:00,500,FRC4,28,28,207,207,1,False,10.759121023128003,106.67817276325134,0.0,10.0,14.4,Partly cloudy
4824,Từ Vòng Xoay Trần Phú đến ĐHSP,2025-07-28 17:43:00,400,FRC4,28,28,207,207,1,False,10.759445231432741,106.6790186505005,0.0,10.0,14.4,Partly cloudy
4825,Từ Vòng Xoay Trần Phú đến ĐHSP,2025-07-28 17:43:00,300,FRC4,28,28,207,207,1,False,10.759784345493584,106.67986453775157,0.0,10.0,14.4,Partly cloudy
4826,Từ Vòng Xoay Trần Phú đến ĐHSP,2025-07-28 17:43:00,200,FRC4,28,28,207,207,1,False,10.76013091221701,106.68072559786684,0.0,10.0,14.4,Partly cloudy
4827,Từ Vòng Xoay Trần Phú đến ĐHSP,2025-07-28 17:43:00,100,FRC4,26,29,221,198,0.990069,False,10.760458845955434,106.6815638986815,0.0,10.0,14.4,Partly cloudy
4828,Từ Vòng Xoay Trần Phú đến ĐHSP,2025-07-28 17:43:00,0,FRC4,26,29,221,198,0.990069,False,10.760883668675298,106.6826449653469,0.0,10.0,14.4,Partly cloudy
4829,Từ Ngã Sáu Cộng Hòa đến An Dương Vương,2025-07-28 17:53:00,500,FRC3,33,33,760,760,1,False,10.765163027177051,106.68176325830919,0.0,10.0,14.4,Partly cloudy
4830,Từ Ngã Sáu Cộng Hòa đến An Dương Vương,2025-07-28 17:53:00,400,FRC3,33,33,760,760,1,False,10.764283334954333,106.68210132878986,0.0,10.0,14.4,Partly cloudy
4831,Từ Ngã Sáu Cộng Hòa đến An Dương Vương,2025-07-28 17:53:00,300,FRC3,33,33,760,760,1,False,10.763480856227291,106.68240386571111,0.0,10.0,14.4,Partly cloudy
4832,Từ Ngã Sáu Cộng Hòa đến An Dương Vương,2025-07-28 17:53:00,200,FRC3,33,33,760,760,1,False,10.762642918836454,106.6827364596283,0.0,10.0,14.4,Partly cloudy
4833,Từ Ngã Sáu Cộng Hòa đến An Dương Vương,2025-07-28 17:53:00,100,FRC3,33,33,760,760,1,False,10.7619261906941,106.68302613820323,0.0,10.0,14.4,Partly cloudy
4834,Từ Ngã Sáu Cộng Hòa đến An Dương Vương,2025-07-28 17:53:00,0,FRC3,33,33,760,760,1,False,10.761156760056346,106.68331581677815,0.0,10.0,14.4,Partly cloudy
4835,Từ Cầu Nguyễn Văn Cừ đến An Dương Vương,2025-07-28 17:53:00,700,FRC2,35,35,454,454,1,False,10.755556817425111,106.68578400873503,0.0,10.0,14.4,Partly cloudy
4836,Từ Cầu Nguyễn Văn Cừ đến An Dương Vương,2025-07-28 17:53:00,600,FRC2,35,35,454,454,1,False,10.756358876280022,106.6853232069683,0.0,10.0,14.4,Partly cloudy
4837,Từ Cầu Nguyễn Văn Cừ đến An Dương Vương,2025-07-28 17:53:00,500,FRC2,35,35,454,454,1,False,10.757138847709548,106.684944289696,0.0,10.0,14.4,Partly cloudy
4838,Từ Cầu Nguyễn Văn Cừ đến An Dương Vương,2025-07-28 17:53:00,400,FRC2,35,35,454,454,1,False,10.757963133528543,106.68463303622572,0.0,10.0,14.4,Partly cloudy
4839,Từ Cầu Nguyễn Văn Cừ đến An Dương Vương,2025-07-28 17:53:00,300,FRC2,35,35,454,454,1,False,10.758623446871004,106.68435335919212,0.0,10.0,14.4,Partly cloudy
4840,Từ Cầu Nguyễn Văn Cừ đến An Dương Vương,2025-07-28 17:53:00,200,FRC6,27,27,628,628,1,False,10.759478749919925,106.68406917123804,0.0,10.0,14.4,Partly cloudy
4841,Từ Cầu Nguyễn Văn Cừ đến An Dương Vương,2025-07-28 17:53:00,100,FRC2,35,35,454,454,1,False,10.760311892549737,106.68371280856688,0.0,10.0,14.4,Partly cloudy
4842,Từ Cầu Nguyễn Văn Cừ đến An Dương Vương,2025-07-28 17:53:00,0,FRC2,35,35,454,454,1,False,10.761189348756318,106.68340155509297,0.0,10.0,14.4,Partly cloudy
4843,Từ Vòng Xoay Trần Phú đến ĐHSP,2025-07-28 17:53:00,1000,FRC4,29,29,198,198,1,False,10.757533515349062,106.67414436746735,0.0,10.0,14.4,Partly cloudy
4844,Từ Vòng Xoay Trần Phú đến ĐHSP,2025-07-28 17:53:00,900,FRC4,29,29,198,198,1,False,10.757824186413304,106.67502060044893,0.0,10.0,14.4,Partly cloudy
4845,Từ Vòng Xoay Trần Phú đến ĐHSP,2025-07-28 17:53:00,800,FRC4,29,29,198,198,1,False,10.758126036834728,106.67584372840122,0.0,10.0,14.4,Partly cloudy
4846,Từ Vòng Xoay Trần Phú đến ĐHSP,2025-07-28 17:53:00,700,FRC4,29,29,198,198,1,False,10.758483785091158,106.67667444278729,0.0,10.0,14.4,Partly cloudy
4847,Từ Vòng Xoay Trần Phú đến ĐHSP,2025-07-28 17:53:00,600,FRC4,29,29,198,198,1,False,10.758740916389923,106.67733446243443,0.0,10.0,14.4,Partly cloudy
4848,Từ Vòng Xoay Trần Phú đến ĐHSP,2025-07-28 17:53:00,500,FRC4,28,28,207,207,1,False,10.759121023128003,106.67817276325134,0.0,10.0,14.4,Partly cloudy
4849,Từ Vòng Xoay Trần Phú đến ĐHSP,2025-07-28 17:53:00,400,FRC4,28,28,207,207,1,False,10.759445231432741,106.6790186505005,0.0,10.0,14.4,Partly cloudy
4850,Từ Vòng Xoay Trần Phú đến ĐHSP,2025-07-28 17:53:00,300,FRC4,28,28,207,207,1,False,10.759784345493584,106.67986453775157,0.0,10.0,14.4,Partly cloudy
4851,Từ Vòng Xoay Trần Phú đến ĐHSP,2025-07-28 17:53:00,200,FRC4,28,28,207,207,1,False,10.76013091221701,106.68072559786684,0.0,10.0,14.4,Partly cloudy
4852,Từ Vòng Xoay Trần Phú đến ĐHSP,2025-07-28 17:53:00,100,FRC4,29,29,198,198,1,False,10.760458845955434,106.6815638986815,0.0,10.0,14.4,Partly cloudy
4853,Từ Vòng Xoay Trần Phú đến ĐHSP,2025-07-28 17:53:00,0,FRC4,29,29,198,198,1,False,10.760883668675298,106.6826449653469,0.0,10.0,14.4,Partly cloudy
4854,Từ Ngã Sáu Cộng Hòa đến An Dương Vương,2025-07-29 06:25:00,500,FRC3,23,33,1091,760,1,False,10.765163027177051,106.68176325830919,0.26,10.0,19.4,Partly cloudy
4855,Từ Ngã Sáu Cộng Hòa đến An Dương Vương,2025-07-29 06:25:00,400,FRC3,23,33,1091,760,1,False,10.764283334954333,106.68210132878986,0.26,10.0,19.4,Partly cloudy
4856,Từ Ngã Sáu Cộng Hòa đến An Dương Vương,2025-07-29 06:25:00,300,FRC3,23,33,1091,760,1,False,10.763480856227291,106.68240386571111,0.26,10.0,19.4,Partly cloudy
4857,Từ Ngã Sáu Cộng Hòa đến An Dương Vương,2025-07-29 06:25:00,200,FRC3,23,33,1091,760,1,False,10.762642918836454,106.6827364596283,0.26,10.0,19.4,Partly cloudy
4858,Từ Ngã Sáu Cộng Hòa đến An Dương Vương,2025-07-29 06:25:00,100,FRC3,23,33,1091,760,1,False,10.7619261906941,106.68302613820323,0.26,10.0,19.4,Partly cloudy
4859,Từ Ngã Sáu Cộng Hòa đến An Dương Vương,2025-07-29 06:25:00,0,FRC3,23,33,1091,760,1,False,10.761156760056346,106.68331581677815,0.26,10.0,19.4,Partly cloudy
4860,Từ Cầu Nguyễn Văn Cừ đến An Dương Vương,2025-07-29 06:25:00,700,FRC2,27,34,589,467,1,False,10.755556817425111,106.68578400873503,0.26,10.0,19.4,Partly cloudy
4861,Từ Cầu Nguyễn Văn Cừ đến An Dương Vương,2025-07-29 06:25:00,600,FRC2,27,34,589,467,1,False,10.756358876280022,106.6853232069683,0.26,10.0,19.4,Partly cloudy
4862,Từ Cầu Nguyễn Văn Cừ đến An Dương Vương,2025-07-29 06:25:00,500,FRC2,27,34,589,467,1,False,10.757138847709548,106.684944289696,0.26,10.0,19.4,Partly cloudy
4863,Từ Cầu Nguyễn Văn Cừ đến An Dương Vương,2025-07-29 06:25:00,400,FRC2,27,34,589,467,1,False,10.757963133528543,106.68463303622572,0.26,10.0,19.4,Partly cloudy
4864,Từ Cầu Nguyễn Văn Cừ đến An Dương Vương,2025-07-29 06:25:00,300,FRC2,27,34,589,467,1,False,10.758623446871004,106.68435335919212,0.26,10.0,19.4,Partly cloudy
4865,Từ Cầu Nguyễn Văn Cừ đến An Dương Vương,2025-07-29 06:25:00,200,FRC6,17,26,998,652,1,False,10.759478749919925,106.68406917123804,0.26,10.0,19.4,Partly cloudy
4866,Từ Cầu Nguyễn Văn Cừ đến An Dương Vương,2025-07-29 06:25:00,100,FRC2,27,34,589,467,1,False,10.760311892549737,106.68371280856688,0.26,10.0,19.4,Partly cloudy
4867,Từ Cầu Nguyễn Văn Cừ đến An Dương Vương,2025-07-29 06:25:00,0,FRC2,27,34,589,467,1,False,10.761189348756318,106.68340155509297,0.26,10.0,19.4,Partly cloudy
4868,Từ Vòng Xoay Trần Phú đến ĐHSP,2025-07-29 06:25:00,1000,FRC4,20,28,287,205,1,False,10.757533515349062,106.67414436746735,0.26,10.0,19.4,Partly cloudy
4869,Từ Vòng Xoay Trần Phú đến ĐHSP,2025-07-29 06:25:00,900,FRC4,20,28,287,205,1,False,10.757824186413304,106.67502060044893,0.26,10.0,19.4,Partly cloudy
4870,Từ Vòng Xoay Trần Phú đến ĐHSP,2025-07-29 06:25:00,800,FRC4,20,28,287,205,1,False,10.758126036834728,106.67584372840122,0.26,10.0,19.4,Partly cloudy
4871,Từ Vòng Xoay Trần Phú đến ĐHSP,2025-07-29 06:25:00,700,FRC4,20,28,287,205,1,False,10.758483785091158,106.67667444278729,0.26,10.0,19.4,Partly cloudy
4872,Từ Vòng Xoay Trần Phú đến ĐHSP,2025-07-29 06:25:00,600,FRC4,20,28,287,205,1,False,10.758740916389923,106.67733446243443,0.26,10.0,19.4,Partly cloudy
4873,Từ Vòng Xoay Trần Phú đến ĐHSP,2025-07-29 06:25:00,500,FRC4,18,27,322,214,1,False,10.759121023128003,106.67817276325134,0.26,10.0,19.4,Partly cloudy
4874,Từ Vòng Xoay Trần Phú đến ĐHSP,2025-07-29 06:25:00,400,FRC4,18,27,322,214,1,False,10.759445231432741,106.6790186505005,0.26,10.0,19.4,Partly cloudy
4875,Từ Vòng Xoay Trần Phú đến ĐHSP,2025-07-29 06:25:00,300,FRC4,18,27,322,214,1,False,10.759784345493584,106.67986453775157,0.26,10.0,19.4,Partly cloudy
4876,Từ Vòng Xoay Trần Phú đến ĐHSP,2025-07-29 06:25:00,200,FRC4,18,27,322,214,1,False,10.76013091221701,106.68072559786684,0.26,10.0,19.4,Partly cloudy
4877,Từ Vòng Xoay Trần Phú đến ĐHSP,2025-07-29 06:25:00,100,FRC4,20,28,287,205,1,False,10.760458845955434,106.6815638986815,0.26,10.0,19.4,Partly cloudy
4878,Từ Vòng Xoay Trần Phú đến ĐHSP,2025-07-29 06:25:00,0,FRC4,20,28,287,205,1,False,10.760883668675298,106.6826449653469,0.26,10.0,19.4,Partly cloudy
4879,Từ Ngã Sáu Cộng Hòa đến An Dương Vương,2025-07-29 06:55:00,500,FRC3,21,33,1195,760,1,False,10.765163027177051,106.68176325830919,0.0,10.0,17.6,Partly cloudy
4880,Từ Ngã Sáu Cộng Hòa đến An Dương Vương,2025-07-29 06:55:00,400,FRC3,21,33,1195,760,1,False,10.764283334954333,106.68210132878986,0.26,10.0,19.4,Partly cloudy
4881,Từ Ngã Sáu Cộng Hòa đến An Dương Vương,2025-07-29 06:55:00,300,FRC3,21,33,1195,760,1,False,10.763480856227291,106.68240386571111,0.26,10.0,19.4,Partly cloudy
4882,Từ Ngã Sáu Cộng Hòa đến An Dương Vương,2025-07-29 06:55:00,200,FRC3,21,33,1195,760,1,False,10.762642918836454,106.6827364596283,0.0,10.0,17.6,Partly cloudy
4883,Từ Ngã Sáu Cộng Hòa đến An Dương Vương,2025-07-29 06:55:00,100,FRC3,21,33,1195,760,1,False,10.7619261906941,106.68302613820323,0.0,10.0,17.6,Partly cloudy
4884,Từ Ngã Sáu Cộng Hòa đến An Dương Vương,2025-07-29 06:55:00,0,FRC3,21,33,1195,760,1,False,10.761156760056346,106.68331581677815,0.26,10.0,19.4,Partly cloudy
4885,Từ Cầu Nguyễn Văn Cừ đến An Dương Vương,2025-07-29 06:55:00,700,FRC2,25,34,636,467,1,False,10.755556817425111,106.68578400873503,0.0,10.0,17.6,Partly cloudy
4886,Từ Cầu Nguyễn Văn Cừ đến An Dương Vương,2025-07-29 06:55:00,600,FRC2,25,34,636,467,1,False,10.756358876280022,106.6853232069683,0.26,10.0,19.4,Partly cloudy
4887,Từ Cầu Nguyễn Văn Cừ đến An Dương Vương,2025-07-29 06:55:00,500,FRC2,25,34,636,467,1,False,10.757138847709548,106.684944289696,0.0,10.0,17.6,Partly cloudy
4888,Từ Cầu Nguyễn Văn Cừ đến An Dương Vương,2025-07-29 06:55:00,400,FRC2,25,34,636,467,1,False,10.757963133528543,106.68463303622572,0.26,10.0,19.4,Partly cloudy
4889,Từ Cầu Nguyễn Văn Cừ đến An Dương Vương,2025-07-29 06:55:00,300,FRC2,25,34,636,467,1,False,10.758623446871004,106.68435335919212,0.26,10.0,19.4,Partly cloudy
4890,Từ Cầu Nguyễn Văn Cừ đến An Dương Vương,2025-07-29 06:55:00,200,FRC6,17,26,998,652,1,False,10.759478749919925,106.68406917123804,0.0,10.0,17.6,Partly cloudy
4891,Từ Cầu Nguyễn Văn Cừ đến An Dương Vương,2025-07-29 06:55:00,100,FRC2,25,34,636,467,1,False,10.760311892549737,106.68371280856688,0.0,10.0,17.6,Partly cloudy
4892,Từ Cầu Nguyễn Văn Cừ đến An Dương Vương,2025-07-29 06:55:00,0,FRC2,25,34,636,467,1,False,10.761189348756318,106.68340155509297,0.26,10.0,19.4,Partly cloudy
4893,Từ Vòng Xoay Trần Phú đến ĐHSP,2025-07-29 06:55:00,1000,FRC4,21,28,273,205,1,False,10.757533515349062,106.67414436746735,0.26,10.0,19.4,Partly cloudy
4894,Từ Vòng Xoay Trần Phú đến ĐHSP,2025-07-29 06:55:00,900,FRC4,21,28,273,205,1,False,10.757824186413304,106.67502060044893,0.26,10.0,19.4,Partly cloudy
4895,Từ Vòng Xoay Trần Phú đến ĐHSP,2025-07-29 06:55:00,800,FRC4,21,28,273,205,1,False,10.758126036834728,106.67584372840122,0.0,10.0,17.6,Partly cloudy
4896,Từ Vòng Xoay Trần Phú đến ĐHSP,2025-07-29 06:55:00,700,FRC4,21,28,273,205,1,False,10.758483785091158,106.67667444278729,0.0,10.0,17.6,Partly cloudy
4897,Từ Vòng Xoay Trần Phú đến ĐHSP,2025-07-29 06:55:00,600,FRC4,21,28,273,205,1,False,10.758740916389923,106.67733446243443,0.0,10.0,17.6,Partly cloudy
4898,Từ Vòng Xoay Trần Phú đến ĐHSP,2025-07-29 06:55:00,500,FRC4,22,28,263,207,1,False,10.759121023128003,106.67817276325134,0.0,10.0,17.6,Partly cloudy
4899,Từ Vòng Xoay Trần Phú đến ĐHSP,2025-07-29 06:55:00,400,FRC4,22,28,263,207,1,False,10.759445231432741,106.6790186505005,0.0,10.0,17.6,Partly cloudy
4900,Từ Vòng Xoay Trần Phú đến ĐHSP,2025-07-29 06:55:00,300,FRC4,22,28,263,207,1,False,10.759784345493584,106.67986453775157,0.26,10.0,19.4,Partly cloudy
4901,Từ Vòng Xoay Trần Phú đến ĐHSP,2025-07-29 06:55:00,200,FRC4,22,28,263,207,1,False,10.76013091221701,106.68072559786684,0.26,10.0,19.4,Partly cloudy
4902,Từ Vòng Xoay Trần Phú đến ĐHSP,2025-07-29 06:55:00,100,FRC4,21,28,273,205,1,False,10.760458845955434,106.6815638986815,0.26,10.0,19.4,Partly cloudy
4903,Từ Vòng Xoay Trần Phú đến ĐHSP,2025-07-29 06:55:00,0,FRC4,21,28,273,205,1,False,10.760883668675298,106.6826449653469,0.0,10.0,17.6,Partly cloudy
4904,Từ Ngã Sáu Cộng Hòa đến An Dương Vương,2025-07-29 07:21:00,500,FRC3,22,33,1141,760,1,False,10.765163027177051,106.68176325830919,0.0,10.0,17.6,Partly cloudy
4905,Từ Ngã Sáu Cộng Hòa đến An Dương Vương,2025-07-29 07:21:00,400,FRC3,22,33,1141,760,1,False,10.764283334954333,106.68210132878986,0.0,10.0,17.6,Partly cloudy
4906,Từ Ngã Sáu Cộng Hòa đến An Dương Vương,2025-07-29 07:21:00,300,FRC3,22,33,1141,760,1,False,10.763480856227291,106.68240386571111,0.0,10.0,17.6,Partly cloudy
4907,Từ Ngã Sáu Cộng Hòa đến An Dương Vương,2025-07-29 07:21:00,200,FRC3,22,33,1141,760,1,False,10.762642918836454,106.6827364596283,0.0,10.0,17.6,Partly cloudy
4908,Từ Ngã Sáu Cộng Hòa đến An Dương Vương,2025-07-29 07:21:00,100,FRC3,22,33,1141,760,1,False,10.7619261906941,106.68302613820323,0.0,10.0,17.6,Partly cloudy
4909,Từ Ngã Sáu Cộng Hòa đến An Dương Vương,2025-07-29 07:21:00,0,FRC3,22,33,1141,760,1,False,10.761156760056346,106.68331581677815,0.0,10.0,17.6,Partly cloudy
4910,Từ Cầu Nguyễn Văn Cừ đến An Dương Vương,2025-07-29 07:21:00,700,FRC2,25,35,636,454,1,False,10.755556817425111,106.68578400873503,0.0,10.0,17.6,Partly cloudy
4911,Từ Cầu Nguyễn Văn Cừ đến An Dương Vương,2025-07-29 07:21:00,600,FRC2,25,35,636,454,1,False,10.756358876280022,106.6853232069683,0.0,10.0,17.6,Partly cloudy
4912,Từ Cầu Nguyễn Văn Cừ đến An Dương Vương,2025-07-29 07:21:00,500,FRC2,25,35,636,454,1,False,10.757138847709548,106.684944289696,0.0,10.0,17.6,Partly cloudy
4913,Từ Cầu Nguyễn Văn Cừ đến An Dương Vương,2025-07-29 07:21:00,400,FRC2,25,35,636,454,1,False,10.757963133528543,106.68463303622572,0.0,10.0,17.6,Partly cloudy
4914,Từ Cầu Nguyễn Văn Cừ đến An Dương Vương,2025-07-29 07:21:00,300,FRC2,25,35,636,454,1,False,10.758623446871004,106.68435335919212,0.0,10.0,17.6,Partly cloudy
4915,Từ Cầu Nguyễn Văn Cừ đến An Dương Vương,2025-07-29 07:21:00,200,FRC6,18,27,943,628,1,False,10.759478749919925,106.68406917123804,0.0,10.0,17.6,Partly cloudy
4916,Từ Cầu Nguyễn Văn Cừ đến An Dương Vương,2025-07-29 07:21:00,100,FRC2,25,35,636,454,1,False,10.760311892549737,106.68371280856688,0.0,10.0,17.6,Partly cloudy
4917,Từ Cầu Nguyễn Văn Cừ đến An Dương Vương,2025-07-29 07:21:00,0,FRC2,25,35,636,454,1,False,10.761189348756318,106.68340155509297,0.0,10.0,17.6,Partly cloudy
4918,Từ Vòng Xoay Trần Phú đến ĐHSP,2025-07-29 07:21:00,1000,FRC4,17,28,338,205,1,False,10.757533515349062,106.67414436746735,0.0,10.0,17.6,Partly cloudy
4919,Từ Vòng Xoay Trần Phú đến ĐHSP,2025-07-29 07:21:00,900,FRC4,17,28,338,205,1,False,10.757824186413304,106.67502060044893,0.0,10.0,17.6,Partly cloudy
4920,Từ Vòng Xoay Trần Phú đến ĐHSP,2025-07-29 07:21:00,800,FRC4,17,28,338,205,1,False,10.758126036834728,106.67584372840122,0.0,10.0,17.6,Partly cloudy
4921,Từ Vòng Xoay Trần Phú đến ĐHSP,2025-07-29 07:21:00,700,FRC4,17,28,338,205,1,False,10.758483785091158,106.67667444278729,0.0,10.0,17.6,Partly cloudy
4922,Từ Vòng Xoay Trần Phú đến ĐHSP,2025-07-29 07:21:00,600,FRC4,17,28,338,205,1,False,10.758740916389923,106.67733446243443,0.0,10.0,17.6,Partly cloudy
4923,Từ Vòng Xoay Trần Phú đến ĐHSP,2025-07-29 07:21:00,500,FRC4,18,27,322,214,1,False,10.759121023128003,106.67817276325134,0.0,10.0,17.6,Partly cloudy
4924,Từ Vòng Xoay Trần Phú đến ĐHSP,2025-07-29 07:21:00,400,FRC4,18,27,322,214,1,False,10.759445231432741,106.6790186505005,0.0,10.0,17.6,Partly cloudy
4925,Từ Vòng Xoay Trần Phú đến ĐHSP,2025-07-29 07:21:00,300,FRC4,18,27,322,214,1,False,10.759784345493584,106.67986453775157,0.0,10.0,17.6,Partly cloudy
4926,Từ Vòng Xoay Trần Phú đến ĐHSP,2025-07-29 07:21:00,200,FRC4,18,27,322,214,1,False,10.76013091221701,106.68072559786684,0.0,10.0,17.6,Partly cloudy
4927,Từ Vòng Xoay Trần Phú đến ĐHSP,2025-07-29 07:21:00,100,FRC4,17,28,338,205,1,False,10.760458845955434,106.6815638986815,0.0,10.0,17.6,Partly cloudy
4928,Từ Vòng Xoay Trần Phú đến ĐHSP,2025-07-29 07:21:00,0,FRC4,17,28,338,205,1,False,10.760883668675298,106.6826449653469,0.0,10.0,17.6,Partly cloudy
4929,Từ Ngã Sáu Cộng Hòa đến An Dương Vương,2025-07-29 07:44:00,500,FRC3,22,33,1141,760,1,False,10.765163027177051,106.68176325830919,0.0,10.0,17.6,Partly cloudy
4930,Từ Ngã Sáu Cộng Hòa đến An Dương Vương,2025-07-29 07:44:00,400,FRC3,22,33,1141,760,1,False,10.764283334954333,106.68210132878986,0.0,10.0,17.6,Partly cloudy
4931,Từ Ngã Sáu Cộng Hòa đến An Dương Vương,2025-07-29 07:44:00,300,FRC3,22,33,1141,760,1,False,10.763480856227291,106.68240386571111,0.0,10.0,17.6,Partly cloudy
4932,Từ Ngã Sáu Cộng Hòa đến An Dương Vương,2025-07-29 07:44:00,200,FRC3,22,33,1141,760,1,False,10.762642918836454,106.6827364596283,0.0,10.0,17.6,Partly cloudy
4933,Từ Ngã Sáu Cộng Hòa đến An Dương Vương,2025-07-29 07:44:00,100,FRC3,22,33,1141,760,1,False,10.7619261906941,106.68302613820323,0.0,10.0,17.6,Partly cloudy
4934,Từ Ngã Sáu Cộng Hòa đến An Dương Vương,2025-07-29 07:44:00,0,FRC3,22,33,1141,760,1,False,10.761156760056346,106.68331581677815,0.0,10.0,17.6,Partly cloudy
4935,Từ Cầu Nguyễn Văn Cừ đến An Dương Vương,2025-07-29 07:44:00,700,FRC2,25,35,636,454,1,False,10.755556817425111,106.68578400873503,0.0,10.0,17.6,Partly cloudy
4936,Từ Cầu Nguyễn Văn Cừ đến An Dương Vương,2025-07-29 07:44:00,600,FRC2,25,35,636,454,1,False,10.756358876280022,106.6853232069683,0.0,10.0,17.6,Partly cloudy
4937,Từ Cầu Nguyễn Văn Cừ đến An Dương Vương,2025-07-29 07:44:00,500,FRC2,25,35,636,454,1,False,10.757138847709548,106.684944289696,0.0,10.0,17.6,Partly cloudy
4938,Từ Cầu Nguyễn Văn Cừ đến An Dương Vương,2025-07-29 07:44:00,400,FRC2,25,35,636,454,1,False,10.757963133528543,106.68463303622572,0.0,10.0,17.6,Partly cloudy
4939,Từ Cầu Nguyễn Văn Cừ đến An Dương Vương,2025-07-29 07:44:00,300,FRC2,25,35,636,454,1,False,10.758623446871004,106.68435335919212,0.0,10.0,17.6,Partly cloudy
4940,Từ Cầu Nguyễn Văn Cừ đến An Dương Vương,2025-07-29 07:44:00,200,FRC6,17,26,998,652,1,False,10.759478749919925,106.68406917123804,0.0,10.0,17.6,Partly cloudy
4941,Từ Cầu Nguyễn Văn Cừ đến An Dương Vương,2025-07-29 07:44:00,100,FRC2,25,35,636,454,1,False,10.760311892549737,106.68371280856688,0.0,10.0,17.6,Partly cloudy
4942,Từ Cầu Nguyễn Văn Cừ đến An Dương Vương,2025-07-29 07:44:00,0,FRC2,25,35,636,454,1,False,10.761189348756318,106.68340155509297,0.0,10.0,17.6,Partly cloudy
4943,Từ Vòng Xoay Trần Phú đến ĐHSP,2025-07-29 07:44:00,1000,FRC4,19,28,302,205,1,False,10.757533515349062,106.67414436746735,0.0,10.0,17.6,Partly cloudy
4944,Từ Vòng Xoay Trần Phú đến ĐHSP,2025-07-29 07:44:00,900,FRC4,19,28,302,205,1,False,10.757824186413304,106.67502060044893,0.0,10.0,17.6,Partly cloudy
4945,Từ Vòng Xoay Trần Phú đến ĐHSP,2025-07-29 07:44:00,800,FRC4,19,28,302,205,1,False,10.758126036834728,106.67584372840122,0.0,10.0,17.6,Partly cloudy
4946,Từ Vòng Xoay Trần Phú đến ĐHSP,2025-07-29 07:44:00,700,FRC4,19,28,302,205,1,False,10.758483785091158,106.67667444278729,0.0,10.0,17.6,Partly cloudy
4947,Từ Vòng Xoay Trần Phú đến ĐHSP,2025-07-29 07:44:00,600,FRC4,19,28,302,205,1,False,10.758740916389923,106.67733446243443,0.0,10.0,17.6,Partly cloudy
4948,Từ Vòng Xoay Trần Phú đến ĐHSP,2025-07-29 07:44:00,500,FRC4,16,28,362,207,1,False,10.759121023128003,106.67817276325134,0.0,10.0,17.6,Partly cloudy
4949,Từ Vòng Xoay Trần Phú đến ĐHSP,2025-07-29 07:44:00,400,FRC4,16,28,362,207,1,False,10.759445231432741,106.6790186505005,0.0,10.0,17.6,Partly cloudy
4950,Từ Vòng Xoay Trần Phú đến ĐHSP,2025-07-29 07:44:00,300,FRC4,16,28,362,207,1,False,10.759784345493584,106.67986453775157,0.0,10.0,17.6,Partly cloudy
4951,Từ Vòng Xoay Trần Phú đến ĐHSP,2025-07-29 07:44:00,200,FRC4,16,28,362,207,1,False,10.76013091221701,106.68072559786684,0.0,10.0,17.6,Partly cloudy
4952,Từ Vòng Xoay Trần Phú đến ĐHSP,2025-07-29 07:44:00,100,FRC4,19,28,302,205,1,False,10.760458845955434,106.6815638986815,0.0,10.0,17.6,Partly cloudy
4953,Từ Vòng Xoay Trần Phú đến ĐHSP,2025-07-29 07:44:00,0,FRC4,19,28,302,205,1,False,10.760883668675298,106.6826449653469,0.0,10.0,17.6,Partly cloudy
4954,Từ Ngã Sáu Cộng Hòa đến An Dương Vương,2025-07-29 07:55:00,500,FRC3,22,33,1141,760,1,False,10.765163027177051,106.68176325830919,0.0,10.0,18.7,Partly cloudy
4955,Từ Ngã Sáu Cộng Hòa đến An Dương Vương,2025-07-29 07:55:00,400,FRC3,22,33,1141,760,1,False,10.764283334954333,106.68210132878986,0.0,10.0,17.6,Partly cloudy
4956,Từ Ngã Sáu Cộng Hòa đến An Dương Vương,2025-07-29 07:55:00,300,FRC3,22,33,1141,760,1,False,10.763480856227291,106.68240386571111,0.0,10.0,17.6,Partly cloudy
4957,Từ Ngã Sáu Cộng Hòa đến An Dương Vương,2025-07-29 07:55:00,200,FRC3,22,33,1141,760,1,False,10.762642918836454,106.6827364596283,0.0,10.0,18.7,Partly cloudy
4958,Từ Ngã Sáu Cộng Hòa đến An Dương Vương,2025-07-29 07:55:00,100,FRC3,22,33,1141,760,1,False,10.7619261906941,106.68302613820323,0.0,10.0,17.6,Partly cloudy
4959,Từ Ngã Sáu Cộng Hòa đến An Dương Vương,2025-07-29 07:55:00,0,FRC3,22,33,1141,760,1,False,10.761156760056346,106.68331581677815,0.0,10.0,17.6,Partly cloudy
4960,Từ Cầu Nguyễn Văn Cừ đến An Dương Vương,2025-07-29 07:55:00,700,FRC2,23,34,691,467,1,False,10.755556817425111,106.68578400873503,0.0,10.0,17.6,Partly cloudy
4961,Từ Cầu Nguyễn Văn Cừ đến An Dương Vương,2025-07-29 07:55:00,600,FRC2,23,34,691,467,1,False,10.756358876280022,106.6853232069683,0.0,10.0,17.6,Partly cloudy
4962,Từ Cầu Nguyễn Văn Cừ đến An Dương Vương,2025-07-29 07:55:00,500,FRC2,23,34,691,467,1,False,10.757138847709548,106.684944289696,0.0,10.0,18.7,Partly cloudy
4963,Từ Cầu Nguyễn Văn Cừ đến An Dương Vương,2025-07-29 07:55:00,400,FRC2,23,34,691,467,1,False,10.757963133528543,106.68463303622572,0.0,10.0,17.6,Partly cloudy
4964,Từ Cầu Nguyễn Văn Cừ đến An Dương Vương,2025-07-29 07:55:00,300,FRC2,23,34,691,467,1,False,10.758623446871004,106.68435335919212,0.0,10.0,17.6,Partly cloudy
4965,Từ Cầu Nguyễn Văn Cừ đến An Dương Vương,2025-07-29 07:55:00,200,FRC6,18,26,943,652,1,False,10.759478749919925,106.68406917123804,0.0,10.0,17.6,Partly cloudy
4966,Từ Cầu Nguyễn Văn Cừ đến An Dương Vương,2025-07-29 07:55:00,100,FRC2,23,34,691,467,1,False,10.760311892549737,106.68371280856688,0.0,10.0,17.6,Partly cloudy
4967,Từ Cầu Nguyễn Văn Cừ đến An Dương Vương,2025-07-29 07:55:00,0,FRC2,23,34,691,467,1,False,10.761189348756318,106.68340155509297,0.0,10.0,18.7,Partly cloudy
4968,Từ Vòng Xoay Trần Phú đến ĐHSP,2025-07-29 07:55:00,1000,FRC4,19,28,302,205,1,False,10.757533515349062,106.67414436746735,0.0,10.0,17.6,Partly cloudy
4969,Từ Vòng Xoay Trần Phú đến ĐHSP,2025-07-29 07:55:00,900,FRC4,19,28,302,205,1,False,10.757824186413304,106.67502060044893,0.0,10.0,17.6,Partly cloudy
4970,Từ Vòng Xoay Trần Phú đến ĐHSP,2025-07-29 07:55:00,800,FRC4,19,28,302,205,1,False,10.758126036834728,106.67584372840122,0.0,10.0,17.6,Partly cloudy
4971,Từ Vòng Xoay Trần Phú đến ĐHSP,2025-07-29 07:55:00,700,FRC4,19,28,302,205,1,False,10.758483785091158,106.67667444278729,0.0,10.0,18.7,Partly cloudy
4972,Từ Vòng Xoay Trần Phú đến ĐHSP,2025-07-29 07:55:00,600,FRC4,19,28,302,205,1,False,10.758740916389923,106.67733446243443,0.0,10.0,17.6,Partly cloudy
4973,Từ Vòng Xoay Trần Phú đến ĐHSP,2025-07-29 07:55:00,500,FRC4,19,28,305,207,0.996182,False,10.759121023128003,106.67817276325134,0.0,10.0,17.6,Partly cloudy
4974,Từ Vòng Xoay Trần Phú đến ĐHSP,2025-07-29 07:55:00,400,FRC4,19,28,305,207,0.996182,False,10.759445231432741,106.6790186505005,0.0,10.0,17.6,Partly cloudy
4975,Từ Vòng Xoay Trần Phú đến ĐHSP,2025-07-29 07:55:00,300,FRC4,19,28,305,207,0.996182,False,10.759784345493584,106.67986453775157,0.0,10.0,18.7,Partly cloudy
4976,Từ Vòng Xoay Trần Phú đến ĐHSP,2025-07-29 07:55:00,200,FRC4,19,28,305,207,0.996182,False,10.76013091221701,106.68072559786684,0.0,10.0,18.7,Partly cloudy
4977,Từ Vòng Xoay Trần Phú đến ĐHSP,2025-07-29 07:55:00,100,FRC4,19,28,302,205,1,False,10.760458845955434,106.6815638986815,0.0,10.0,17.6,Partly cloudy
4978,Từ Vòng Xoay Trần Phú đến ĐHSP,2025-07-29 07:55:00,0,FRC4,19,28,302,205,1,False,10.760883668675298,106.6826449653469,0.0,10.0,17.6,Partly cloudy
4979,Từ Ngã Sáu Cộng Hòa đến An Dương Vương,2025-07-29 08:22:00,500,FRC3,21,33,1195,760,1,False,10.765163027177051,106.68176325830919,0.0,10.0,18.7,Partly cloudy
4980,Từ Ngã Sáu Cộng Hòa đến An Dương Vương,2025-07-29 08:22:00,400,FRC3,21,33,1195,760,1,False,10.764283334954333,106.68210132878986,0.0,10.0,18.7,Partly cloudy
4981,Từ Ngã Sáu Cộng Hòa đến An Dương Vương,2025-07-29 08:22:00,300,FRC3,21,33,1195,760,1,False,10.763480856227291,106.68240386571111,0.0,10.0,18.7,Partly cloudy
4982,Từ Ngã Sáu Cộng Hòa đến An Dương Vương,2025-07-29 08:22:00,200,FRC3,21,33,1195,760,1,False,10.762642918836454,106.6827364596283,0.0,10.0,18.7,Partly cloudy
4983,Từ Ngã Sáu Cộng Hòa đến An Dương Vương,2025-07-29 08:22:00,100,FRC3,21,33,1195,760,1,False,10.7619261906941,106.68302613820323,0.0,10.0,18.7,Partly cloudy
4984,Từ Ngã Sáu Cộng Hòa đến An Dương Vương,2025-07-29 08:22:00,0,FRC3,21,33,1195,760,1,False,10.761156760056346,106.68331581677815,0.0,10.0,18.7,Partly cloudy
4985,Từ Cầu Nguyễn Văn Cừ đến An Dương Vương,2025-07-29 08:22:00,700,FRC2,25,35,636,454,1,False,10.755556817425111,106.68578400873503,0.0,10.0,18.7,Partly cloudy
4986,Từ Cầu Nguyễn Văn Cừ đến An Dương Vương,2025-07-29 08:22:00,600,FRC2,25,35,636,454,1,False,10.756358876280022,106.6853232069683,0.0,10.0,18.7,Partly cloudy
4987,Từ Cầu Nguyễn Văn Cừ đến An Dương Vương,2025-07-29 08:22:00,500,FRC2,25,35,636,454,1,False,10.757138847709548,106.684944289696,0.0,10.0,18.7,Partly cloudy
4988,Từ Cầu Nguyễn Văn Cừ đến An Dương Vương,2025-07-29 08:22:00,400,FRC2,25,35,636,454,1,False,10.757963133528543,106.68463303622572,0.0,10.0,18.7,Partly cloudy
4989,Từ Cầu Nguyễn Văn Cừ đến An Dương Vương,2025-07-29 08:22:00,300,FRC2,25,35,636,454,1,False,10.758623446871004,106.68435335919212,0.0,10.0,18.7,Partly cloudy
4990,Từ Cầu Nguyễn Văn Cừ đến An Dương Vương,2025-07-29 08:22:00,200,FRC6,19,26,893,652,1,False,10.759478749919925,106.68406917123804,0.0,10.0,18.7,Partly cloudy
4991,Từ Cầu Nguyễn Văn Cừ đến An Dương Vương,2025-07-29 08:22:00,100,FRC2,25,35,636,454,1,False,10.760311892549737,106.68371280856688,0.0,10.0,18.7,Partly cloudy
4992,Từ Cầu Nguyễn Văn Cừ đến An Dương Vương,2025-07-29 08:22:00,0,FRC2,25,35,636,454,1,False,10.761189348756318,106.68340155509297,0.0,10.0,18.7,Partly cloudy
4993,Từ Vòng Xoay Trần Phú đến ĐHSP,2025-07-29 08:22:00,1000,FRC4,23,29,249,198,1,False,10.757533515349062,106.67414436746735,0.0,10.0,18.7,Partly cloudy
4994,Từ Vòng Xoay Trần Phú đến ĐHSP,2025-07-29 08:22:00,900,FRC4,23,29,249,198,1,False,10.757824186413304,106.67502060044893,0.0,10.0,18.7,Partly cloudy
4995,Từ Vòng Xoay Trần Phú đến ĐHSP,2025-07-29 08:22:00,800,FRC4,23,29,249,198,1,False,10.758126036834728,106.67584372840122,0.0,10.0,18.7,Partly cloudy
4996,Từ Vòng Xoay Trần Phú đến ĐHSP,2025-07-29 08:22:00,700,FRC4,23,29,249,198,1,False,10.758483785091158,106.67667444278729,0.0,10.0,18.7,Partly cloudy
4997,Từ Vòng Xoay Trần Phú đến ĐHSP,2025-07-29 08:22:00,600,FRC4,23,29,249,198,1,False,10.758740916389923,106.67733446243443,0.0,10.0,18.7,Partly cloudy
4998,Từ Vòng Xoay Trần Phú đến ĐHSP,2025-07-29 08:22:00,500,FRC4,19,28,305,207,1,False,10.759121023128003,106.67817276325134,0.0,10.0,18.7,Partly cloudy
4999,Từ Vòng Xoay Trần Phú đến ĐHSP,2025-07-29 08:22:00,400,FRC4,19,28,305,207,1,False,10.759445231432741,106.6790186505005,0.0,10.0,18.7,Partly cloudy
5000,Từ Vòng Xoay Trần Phú đến ĐHSP,2025-07-29 08:22:00,300,FRC4,19,28,305,207,1,False,10.759784345493584,106.67986453775157,0.0,10.0,18.7,Partly cloudy
5001,Từ Vòng Xoay Trần Phú đến ĐHSP,2025-07-29 08:22:00,200,FRC4,19,28,305,207,1,False,10.76013091221701,106.68072559786684,0.0,10.0,18.7,Partly cloudy
5002,Từ Vòng Xoay Trần Phú đến ĐHSP,2025-07-29 08:22:00,100,FRC4,23,29,249,198,1,False,10.760458845955434,106.6815638986815,0.0,10.0,18.7,Partly cloudy
5003,Từ Vòng Xoay Trần Phú đến ĐHSP,2025-07-29 08:22:00,0,FRC4,23,29,249,198,1,False,10.760883668675298,106.6826449653469,0.0,10.0,18.7,Partly cloudy
5004,Từ Ngã Sáu Cộng Hòa đến An Dương Vương,2025-07-29 08:51:00,500,FRC3,21,33,1195,760,1,False,10.765163027177051,106.68176325830919,0.0,10.0,18.7,Overcast
5005,Từ Ngã Sáu Cộng Hòa đến An Dương Vương,2025-07-29 08:51:00,400,FRC3,21,33,1195,760,1,False,10.764283334954333,106.68210132878986,0.0,10.0,18.7,Overcast
5006,Từ Ngã Sáu Cộng Hòa đến An Dương Vương,2025-07-29 08:51:00,300,FRC3,21,33,1195,760,1,False,10.763480856227291,106.68240386571111,0.0,10.0,18.7,Overcast
5007,Từ Ngã Sáu Cộng Hòa đến An Dương Vương,2025-07-29 08:51:00,200,FRC3,21,33,1195,760,1,False,10.762642918836454,106.6827364596283,0.0,10.0,18.7,Overcast
5008,Từ Ngã Sáu Cộng Hòa đến An Dương Vương,2025-07-29 08:51:00,100,FRC3,21,33,1195,760,1,False,10.7619261906941,106.68302613820323,0.0,10.0,18.7,Overcast
5009,Từ Ngã Sáu Cộng Hòa đến An Dương Vương,2025-07-29 08:51:00,0,FRC3,21,33,1195,760,1,False,10.761156760056346,106.68331581677815,0.0,10.0,18.7,Overcast
5010,Từ Cầu Nguyễn Văn Cừ đến An Dương Vương,2025-07-29 08:51:00,700,FRC2,26,35,611,454,1,False,10.755556817425111,106.68578400873503,0.0,10.0,18.7,Overcast
5011,Từ Cầu Nguyễn Văn Cừ đến An Dương Vương,2025-07-29 08:51:00,600,FRC2,26,35,611,454,1,False,10.756358876280022,106.6853232069683,0.0,10.0,18.7,Overcast
5012,Từ Cầu Nguyễn Văn Cừ đến An Dương Vương,2025-07-29 08:51:00,500,FRC2,26,35,611,454,1,False,10.757138847709548,106.684944289696,0.0,10.0,18.7,Overcast
5013,Từ Cầu Nguyễn Văn Cừ đến An Dương Vương,2025-07-29 08:51:00,400,FRC2,26,35,611,454,1,False,10.757963133528543,106.68463303622572,0.0,10.0,18.7,Overcast
5014,Từ Cầu Nguyễn Văn Cừ đến An Dương Vương,2025-07-29 08:51:00,300,FRC2,26,35,611,454,1,False,10.758623446871004,106.68435335919212,0.0,10.0,18.7,Overcast
5015,Từ Cầu Nguyễn Văn Cừ đến An Dương Vương,2025-07-29 08:51:00,200,FRC6,19,26,893,652,1,False,10.759478749919925,106.68406917123804,0.0,10.0,18.7,Overcast
5016,Từ Cầu Nguyễn Văn Cừ đến An Dương Vương,2025-07-29 08:51:00,100,FRC2,26,35,611,454,1,False,10.760311892549737,106.68371280856688,0.0,10.0,18.7,Overcast
5017,Từ Cầu Nguyễn Văn Cừ đến An Dương Vương,2025-07-29 08:51:00,0,FRC2,26,35,611,454,1,False,10.761189348756318,106.68340155509297,0.0,10.0,20.2,Cloudy
5018,Từ Vòng Xoay Trần Phú đến ĐHSP,2025-07-29 08:51:00,1000,FRC4,22,29,261,198,1,False,10.757533515349062,106.67414436746735,0.0,10.0,18.7,Overcast
5019,Từ Vòng Xoay Trần Phú đến ĐHSP,2025-07-29 08:51:00,900,FRC4,22,29,261,198,1,False,10.757824186413304,106.67502060044893,0.0,10.0,18.7,Overcast
5020,Từ Vòng Xoay Trần Phú đến ĐHSP,2025-07-29 08:51:00,800,FRC4,22,29,261,198,1,False,10.758126036834728,106.67584372840122,0.0,10.0,18.7,Overcast
5021,Từ Vòng Xoay Trần Phú đến ĐHSP,2025-07-29 08:51:00,700,FRC4,22,29,261,198,1,False,10.758483785091158,106.67667444278729,0.0,10.0,18.7,Overcast
5022,Từ Vòng Xoay Trần Phú đến ĐHSP,2025-07-29 08:51:00,600,FRC4,22,29,261,198,1,False,10.758740916389923,106.67733446243443,0.0,10.0,20.2,Cloudy
5023,Từ Vòng Xoay Trần Phú đến ĐHSP,2025-07-29 08:51:00,500,FRC4,20,28,289,207,1,False,10.759121023128003,106.67817276325134,0.0,10.0,18.7,Overcast
5024,Từ Vòng Xoay Trần Phú đến ĐHSP,2025-07-29 08:51:00,400,FRC4,20,28,289,207,1,False,10.759445231432741,106.6790186505005,0.0,10.0,20.2,Cloudy
5025,Từ Vòng Xoay Trần Phú đến ĐHSP,2025-07-29 08:51:00,300,FRC4,20,28,289,207,1,False,10.759784345493584,106.67986453775157,0.0,10.0,18.7,Overcast
5026,Từ Vòng Xoay Trần Phú đến ĐHSP,2025-07-29 08:51:00,200,FRC4,20,28,289,207,1,False,10.76013091221701,106.68072559786684,0.0,10.0,18.7,Overcast
5027,Từ Vòng Xoay Trần Phú đến ĐHSP,2025-07-29 08:51:00,100,FRC4,22,29,261,198,1,False,10.760458845955434,106.6815638986815,0.0,10.0,18.7,Overcast
5028,Từ Vòng Xoay Trần Phú đến ĐHSP,2025-07-29 08:51:00,0,FRC4,22,29,261,198,1,False,10.760883668675298,106.6826449653469,0.0,10.0,18.7,Overcast
5029,Từ Ngã Sáu Cộng Hòa đến An Dương Vương,2025-07-29 11:17:00,500,FRC3,19,33,1321,760,1,False,10.765163027177051,106.68176325830919,0.0,10.0,23.0,Partly Cloudy
5030,Từ Ngã Sáu Cộng Hòa đến An Dương Vương,2025-07-29 11:17:00,400,FRC3,19,33,1321,760,1,False,10.764283334954333,106.68210132878986,0.0,10.0,23.0,Partly Cloudy
5031,Từ Ngã Sáu Cộng Hòa đến An Dương Vương,2025-07-29 11:17:00,300,FRC3,19,33,1321,760,1,False,10.763480856227291,106.68240386571111,0.0,10.0,23.0,Partly Cloudy
5032,Từ Ngã Sáu Cộng Hòa đến An Dương Vương,2025-07-29 11:17:00,200,FRC3,19,33,1321,760,1,False,10.762642918836454,106.6827364596283,0.0,10.0,23.0,Partly Cloudy
5033,Từ Ngã Sáu Cộng Hòa đến An Dương Vương,2025-07-29 11:17:00,100,FRC3,19,33,1321,760,1,False,10.7619261906941,106.68302613820323,0.0,10.0,23.0,Partly Cloudy
5034,Từ Ngã Sáu Cộng Hòa đến An Dương Vương,2025-07-29 11:17:00,0,FRC3,19,33,1321,760,1,False,10.761156760056346,106.68331581677815,0.0,10.0,23.0,Partly Cloudy
5035,Từ Cầu Nguyễn Văn Cừ đến An Dương Vương,2025-07-29 11:17:00,700,FRC2,21,34,757,467,1,False,10.755556817425111,106.68578400873503,0.0,10.0,23.0,Partly Cloudy
5036,Từ Cầu Nguyễn Văn Cừ đến An Dương Vương,2025-07-29 11:17:00,600,FRC2,21,34,757,467,1,False,10.756358876280022,106.6853232069683,0.0,10.0,23.0,Partly Cloudy
5037,Từ Cầu Nguyễn Văn Cừ đến An Dương Vương,2025-07-29 11:17:00,500,FRC2,21,34,757,467,1,False,10.757138847709548,106.684944289696,0.0,10.0,23.0,Partly Cloudy
5038,Từ Cầu Nguyễn Văn Cừ đến An Dương Vương,2025-07-29 11:17:00,400,FRC2,21,34,757,467,1,False,10.757963133528543,106.68463303622572,0.0,10.0,23.0,Partly Cloudy
5039,Từ Cầu Nguyễn Văn Cừ đến An Dương Vương,2025-07-29 11:17:00,300,FRC2,21,34,757,467,1,False,10.758623446871004,106.68435335919212,0.0,10.0,23.0,Partly Cloudy
5040,Từ Cầu Nguyễn Văn Cừ đến An Dương Vương,2025-07-29 11:17:00,200,FRC6,19,26,893,652,1,False,10.759478749919925,106.68406917123804,0.0,10.0,23.0,Partly Cloudy
5041,Từ Cầu Nguyễn Văn Cừ đến An Dương Vương,2025-07-29 11:17:00,100,FRC2,21,34,757,467,1,False,10.760311892549737,106.68371280856688,0.0,10.0,23.0,Partly Cloudy
5042,Từ Cầu Nguyễn Văn Cừ đến An Dương Vương,2025-07-29 11:17:00,0,FRC2,21,34,757,467,1,False,10.761189348756318,106.68340155509297,0.0,10.0,23.0,Partly Cloudy
5043,Từ Vòng Xoay Trần Phú đến ĐHSP,2025-07-29 11:17:00,1000,FRC4,20,27,287,212,1,False,10.757533515349062,106.67414436746735,0.0,10.0,23.0,Partly Cloudy
5044,Từ Vòng Xoay Trần Phú đến ĐHSP,2025-07-29 11:17:00,900,FRC4,20,27,287,212,1,False,10.757824186413304,106.67502060044893,0.0,10.0,23.0,Partly Cloudy
5045,Từ Vòng Xoay Trần Phú đến ĐHSP,2025-07-29 11:17:00,800,FRC4,20,27,287,212,1,False,10.758126036834728,106.67584372840122,0.0,10.0,23.0,Partly Cloudy
5046,Từ Vòng Xoay Trần Phú đến ĐHSP,2025-07-29 11:17:00,700,FRC4,20,27,287,212,1,False,10.758483785091158,106.67667444278729,0.0,10.0,23.0,Partly Cloudy
5047,Từ Vòng Xoay Trần Phú đến ĐHSP,2025-07-29 11:17:00,600,FRC4,20,27,287,212,1,False,10.758740916389923,106.67733446243443,0.0,10.0,23.0,Partly Cloudy
5048,Từ Vòng Xoay Trần Phú đến ĐHSP,2025-07-29 11:17:00,500,FRC4,20,27,289,214,1,False,10.759121023128003,106.67817276325134,0.0,10.0,23.0,Partly Cloudy
5049,Từ Vòng Xoay Trần Phú đến ĐHSP,2025-07-29 11:17:00,400,FRC4,20,27,289,214,1,False,10.759445231432741,106.6790186505005,0.0,10.0,23.0,Partly Cloudy
5050,Từ Vòng Xoay Trần Phú đến ĐHSP,2025-07-29 11:17:00,300,FRC4,20,27,289,214,1,False,10.759784345493584,106.67986453775157,0.0,10.0,23.0,Partly Cloudy
5051,Từ Vòng Xoay Trần Phú đến ĐHSP,2025-07-29 11:17:00,200,FRC4,20,27,289,214,1,False,10.76013091221701,106.68072559786684,0.0,10.0,23.0,Partly Cloudy
5052,Từ Vòng Xoay Trần Phú đến ĐHSP,2025-07-29 11:17:00,100,FRC4,20,27,287,212,1,False,10.760458845955434,106.6815638986815,0.0,10.0,23.0,Partly Cloudy
5053,Từ Vòng Xoay Trần Phú đến ĐHSP,2025-07-29 11:17:00,0,FRC4,20,27,287,212,1,False,10.760883668675298,106.6826449653469,0.0,10.0,23.0,Partly Cloudy
5054,Từ Ngã Sáu Cộng Hòa đến An Dương Vương,2025-07-29 11:41:00,500,FRC3,19,33,1321,760,1,False,10.765163027177051,106.68176325830919,0.0,10.0,23.0,Partly Cloudy
5055,Từ Ngã Sáu Cộng Hòa đến An Dương Vương,2025-07-29 11:41:00,400,FRC3,19,33,1321,760,1,False,10.764283334954333,106.68210132878986,0.0,10.0,23.0,Partly Cloudy
5056,Từ Ngã Sáu Cộng Hòa đến An Dương Vương,2025-07-29 11:41:00,300,FRC3,19,33,1321,760,1,False,10.763480856227291,106.68240386571111,0.0,10.0,23.0,Partly Cloudy
5057,Từ Ngã Sáu Cộng Hòa đến An Dương Vương,2025-07-29 11:41:00,200,FRC3,19,33,1321,760,1,False,10.762642918836454,106.6827364596283,0.0,10.0,23.0,Partly Cloudy
5058,Từ Ngã Sáu Cộng Hòa đến An Dương Vương,2025-07-29 11:41:00,100,FRC3,19,33,1321,760,1,False,10.7619261906941,106.68302613820323,0.0,10.0,23.0,Partly Cloudy
5059,Từ Ngã Sáu Cộng Hòa đến An Dương Vương,2025-07-29 11:41:00,0,FRC3,19,33,1321,760,1,False,10.761156760056346,106.68331581677815,0.0,10.0,23.0,Partly Cloudy
5060,Từ Cầu Nguyễn Văn Cừ đến An Dương Vương,2025-07-29 11:41:00,700,FRC2,21,35,757,454,1,False,10.755556817425111,106.68578400873503,0.0,10.0,23.0,Partly Cloudy
5061,Từ Cầu Nguyễn Văn Cừ đến An Dương Vương,2025-07-29 11:41:00,600,FRC2,21,35,757,454,1,False,10.756358876280022,106.6853232069683,0.0,10.0,23.0,Partly Cloudy
5062,Từ Cầu Nguyễn Văn Cừ đến An Dương Vương,2025-07-29 11:41:00,500,FRC2,21,35,757,454,1,False,10.757138847709548,106.684944289696,0.0,10.0,23.0,Partly Cloudy
5063,Từ Cầu Nguyễn Văn Cừ đến An Dương Vương,2025-07-29 11:41:00,400,FRC2,21,35,757,454,1,False,10.757963133528543,106.68463303622572,0.0,10.0,23.0,Partly Cloudy
5064,Từ Cầu Nguyễn Văn Cừ đến An Dương Vương,2025-07-29 11:41:00,300,FRC2,21,35,757,454,1,False,10.758623446871004,106.68435335919212,0.0,10.0,23.0,Partly Cloudy
5065,Từ Cầu Nguyễn Văn Cừ đến An Dương Vương,2025-07-29 11:41:00,200,FRC6,17,26,998,652,1,False,10.759478749919925,106.68406917123804,0.0,10.0,23.0,Partly Cloudy
5066,Từ Cầu Nguyễn Văn Cừ đến An Dương Vương,2025-07-29 11:41:00,100,FRC2,21,35,757,454,1,False,10.760311892549737,106.68371280856688,0.0,10.0,23.0,Partly Cloudy
5067,Từ Cầu Nguyễn Văn Cừ đến An Dương Vương,2025-07-29 11:41:00,0,FRC2,21,35,757,454,1,False,10.761189348756318,106.68340155509297,0.0,10.0,23.0,Partly Cloudy
5068,Từ Vòng Xoay Trần Phú đến ĐHSP,2025-07-29 11:41:00,1000,FRC4,22,28,261,205,1,False,10.757533515349062,106.67414436746735,0.0,10.0,23.0,Partly Cloudy
5069,Từ Vòng Xoay Trần Phú đến ĐHSP,2025-07-29 11:41:00,900,FRC4,22,28,261,205,1,False,10.757824186413304,106.67502060044893,0.0,10.0,23.0,Partly Cloudy
5070,Từ Vòng Xoay Trần Phú đến ĐHSP,2025-07-29 11:41:00,800,FRC4,22,28,261,205,1,False,10.758126036834728,106.67584372840122,0.0,10.0,23.0,Partly Cloudy
5071,Từ Vòng Xoay Trần Phú đến ĐHSP,2025-07-29 11:41:00,700,FRC4,22,28,261,205,1,False,10.758483785091158,106.67667444278729,0.0,10.0,23.0,Partly Cloudy
5072,Từ Vòng Xoay Trần Phú đến ĐHSP,2025-07-29 11:41:00,600,FRC4,22,28,261,205,1,False,10.758740916389923,106.67733446243443,0.0,10.0,23.0,Partly Cloudy
5073,Từ Vòng Xoay Trần Phú đến ĐHSP,2025-07-29 11:41:00,500,FRC4,20,28,289,207,1,False,10.759121023128003,106.67817276325134,0.0,10.0,23.0,Partly Cloudy
5074,Từ Vòng Xoay Trần Phú đến ĐHSP,2025-07-29 11:41:00,400,FRC4,20,28,289,207,1,False,10.759445231432741,106.6790186505005,0.0,10.0,23.0,Partly Cloudy
5075,Từ Vòng Xoay Trần Phú đến ĐHSP,2025-07-29 11:41:00,300,FRC4,20,28,289,207,1,False,10.759784345493584,106.67986453775157,0.0,10.0,23.0,Partly Cloudy
5076,Từ Vòng Xoay Trần Phú đến ĐHSP,2025-07-29 11:41:00,200,FRC4,20,28,289,207,1,False,10.76013091221701,106.68072559786684,0.0,10.0,23.0,Partly Cloudy
5077,Từ Vòng Xoay Trần Phú đến ĐHSP,2025-07-29 11:41:00,100,FRC4,22,28,261,205,1,False,10.760458845955434,106.6815638986815,0.0,10.0,23.0,Partly Cloudy
5078,Từ Vòng Xoay Trần Phú đến ĐHSP,2025-07-29 11:41:00,0,FRC4,22,28,261,205,1,False,10.760883668675298,106.6826449653469,0.0,10.0,23.0,Partly Cloudy
5079,Từ Ngã Sáu Cộng Hòa đến An Dương Vương,2025-07-29 11:52:00,500,FRC3,18,33,1394,760,1,False,10.765163027177051,106.68176325830919,0.0,10.0,23.0,Partly Cloudy
5080,Từ Ngã Sáu Cộng Hòa đến An Dương Vương,2025-07-29 11:52:00,400,FRC3,18,33,1394,760,1,False,10.764283334954333,106.68210132878986,0.0,10.0,23.0,Partly Cloudy
5081,Từ Ngã Sáu Cộng Hòa đến An Dương Vương,2025-07-29 11:52:00,300,FRC3,18,33,1394,760,1,False,10.763480856227291,106.68240386571111,0.0,10.0,23.0,Partly Cloudy
5082,Từ Ngã Sáu Cộng Hòa đến An Dương Vương,2025-07-29 11:52:00,200,FRC3,18,33,1394,760,1,False,10.762642918836454,106.6827364596283,0.0,10.0,23.0,Partly Cloudy
5083,Từ Ngã Sáu Cộng Hòa đến An Dương Vương,2025-07-29 11:52:00,100,FRC3,18,33,1394,760,1,False,10.7619261906941,106.68302613820323,0.0,10.0,21.2,Partly Cloudy
5084,Từ Ngã Sáu Cộng Hòa đến An Dương Vương,2025-07-29 11:52:00,0,FRC3,18,33,1394,760,1,False,10.761156760056346,106.68331581677815,0.0,10.0,21.2,Partly Cloudy
5085,Từ Cầu Nguyễn Văn Cừ đến An Dương Vương,2025-07-29 11:52:00,700,FRC2,21,35,757,454,1,False,10.755556817425111,106.68578400873503,0.0,10.0,21.2,Partly Cloudy
5086,Từ Cầu Nguyễn Văn Cừ đến An Dương Vương,2025-07-29 11:52:00,600,FRC2,21,35,757,454,1,False,10.756358876280022,106.6853232069683,0.0,10.0,23.0,Partly Cloudy
5087,Từ Cầu Nguyễn Văn Cừ đến An Dương Vương,2025-07-29 11:52:00,500,FRC2,21,35,757,454,1,False,10.757138847709548,106.684944289696,0.0,10.0,23.0,Partly Cloudy
5088,Từ Cầu Nguyễn Văn Cừ đến An Dương Vương,2025-07-29 11:52:00,400,FRC2,21,35,757,454,1,False,10.757963133528543,106.68463303622572,0.0,10.0,23.0,Partly Cloudy
5089,Từ Cầu Nguyễn Văn Cừ đến An Dương Vương,2025-07-29 11:52:00,300,FRC2,21,35,757,454,1,False,10.758623446871004,106.68435335919212,0.0,10.0,23.0,Partly Cloudy
5090,Từ Cầu Nguyễn Văn Cừ đến An Dương Vương,2025-07-29 11:52:00,200,FRC6,17,26,998,652,1,False,10.759478749919925,106.68406917123804,0.0,10.0,23.0,Partly Cloudy
5091,Từ Cầu Nguyễn Văn Cừ đến An Dương Vương,2025-07-29 11:52:00,100,FRC2,21,35,757,454,1,False,10.760311892549737,106.68371280856688,0.0,10.0,21.2,Partly Cloudy
5092,Từ Cầu Nguyễn Văn Cừ đến An Dương Vương,2025-07-29 11:52:00,0,FRC2,21,35,757,454,1,False,10.761189348756318,106.68340155509297,0.0,10.0,21.2,Partly Cloudy
5093,Từ Vòng Xoay Trần Phú đến ĐHSP,2025-07-29 11:52:00,1000,FRC4,19,28,302,205,1,False,10.757533515349062,106.67414436746735,0.0,10.0,23.0,Partly Cloudy
5094,Từ Vòng Xoay Trần Phú đến ĐHSP,2025-07-29 11:52:00,900,FRC4,19,28,302,205,1,False,10.757824186413304,106.67502060044893,0.0,10.0,23.0,Partly Cloudy
5095,Từ Vòng Xoay Trần Phú đến ĐHSP,2025-07-29 11:52:00,800,FRC4,19,28,302,205,1,False,10.758126036834728,106.67584372840122,0.0,10.0,23.0,Partly Cloudy
5096,Từ Vòng Xoay Trần Phú đến ĐHSP,2025-07-29 11:52:00,700,FRC4,19,28,302,205,1,False,10.758483785091158,106.67667444278729,0.0,10.0,23.0,Partly Cloudy
5097,Từ Vòng Xoay Trần Phú đến ĐHSP,2025-07-29 11:52:00,600,FRC4,19,28,302,205,1,False,10.758740916389923,106.67733446243443,0.0,10.0,23.0,Partly Cloudy
5098,Từ Vòng Xoay Trần Phú đến ĐHSP,2025-07-29 11:52:00,500,FRC4,21,28,276,207,1,False,10.759121023128003,106.67817276325134,0.0,10.0,23.0,Partly Cloudy
5099,Từ Vòng Xoay Trần Phú đến ĐHSP,2025-07-29 11:52:00,400,FRC4,21,28,276,207,1,False,10.759445231432741,106.6790186505005,0.0,10.0,21.2,Partly Cloudy
5100,Từ Vòng Xoay Trần Phú đến ĐHSP,2025-07-29 11:52:00,300,FRC4,21,28,276,207,1,False,10.759784345493584,106.67986453775157,0.0,10.0,23.0,Partly Cloudy
5101,Từ Vòng Xoay Trần Phú đến ĐHSP,2025-07-29 11:52:00,200,FRC4,21,28,276,207,1,False,10.76013091221701,106.68072559786684,0.0,10.0,23.0,Partly Cloudy
5102,Từ Vòng Xoay Trần Phú đến ĐHSP,2025-07-29 11:52:00,100,FRC4,19,28,302,205,1,False,10.760458845955434,106.6815638986815,0.0,10.0,21.2,Partly Cloudy
5103,Từ Vòng Xoay Trần Phú đến ĐHSP,2025-07-29 11:52:00,0,FRC4,19,28,302,205,1,False,10.760883668675298,106.6826449653469,0.0,10.0,23.0,Partly Cloudy
5104,Từ Ngã Sáu Cộng Hòa đến An Dương Vương,2025-07-29 12:43:00,500,FRC3,22,33,1141,760,1,False,10.765163027177051,106.68176325830919,0.0,10.0,21.2,Partly Cloudy
5105,Từ Ngã Sáu Cộng Hòa đến An Dương Vương,2025-07-29 12:43:00,400,FRC3,22,33,1141,760,1,False,10.764283334954333,106.68210132878986,0.0,10.0,21.2,Partly Cloudy
5106,Từ Ngã Sáu Cộng Hòa đến An Dương Vương,2025-07-29 12:43:00,300,FRC3,22,33,1141,760,1,False,10.763480856227291,106.68240386571111,0.0,10.0,21.2,Partly Cloudy
5107,Từ Ngã Sáu Cộng Hòa đến An Dương Vương,2025-07-29 12:43:00,200,FRC3,22,33,1141,760,1,False,10.762642918836454,106.6827364596283,0.0,10.0,21.2,Partly Cloudy
5108,Từ Ngã Sáu Cộng Hòa đến An Dương Vương,2025-07-29 12:43:00,100,FRC3,22,33,1141,760,1,False,10.7619261906941,106.68302613820323,0.0,10.0,21.2,Partly Cloudy
5109,Từ Ngã Sáu Cộng Hòa đến An Dương Vương,2025-07-29 12:43:00,0,FRC3,22,33,1141,760,1,False,10.761156760056346,106.68331581677815,0.0,10.0,21.2,Partly Cloudy
5110,Từ Cầu Nguyễn Văn Cừ đến An Dương Vương,2025-07-29 12:43:00,700,FRC2,23,34,691,467,1,False,10.755556817425111,106.68578400873503,0.0,10.0,21.2,Partly Cloudy
5111,Từ Cầu Nguyễn Văn Cừ đến An Dương Vương,2025-07-29 12:43:00,600,FRC2,23,34,691,467,1,False,10.756358876280022,106.6853232069683,0.0,10.0,21.2,Partly Cloudy
5112,Từ Cầu Nguyễn Văn Cừ đến An Dương Vương,2025-07-29 12:43:00,500,FRC2,23,34,691,467,1,False,10.757138847709548,106.684944289696,0.0,10.0,21.2,Partly Cloudy
5113,Từ Cầu Nguyễn Văn Cừ đến An Dương Vương,2025-07-29 12:43:00,400,FRC2,23,34,691,467,1,False,10.757963133528543,106.68463303622572,0.0,10.0,21.2,Partly Cloudy
5114,Từ Cầu Nguyễn Văn Cừ đến An Dương Vương,2025-07-29 12:43:00,300,FRC2,23,34,691,467,1,False,10.758623446871004,106.68435335919212,0.0,10.0,21.2,Partly Cloudy
5115,Từ Cầu Nguyễn Văn Cừ đến An Dương Vương,2025-07-29 12:43:00,200,FRC6,19,26,893,652,1,False,10.759478749919925,106.68406917123804,0.0,10.0,21.2,Partly Cloudy
5116,Từ Cầu Nguyễn Văn Cừ đến An Dương Vương,2025-07-29 12:43:00,100,FRC2,23,34,691,467,1,False,10.760311892549737,106.68371280856688,0.0,10.0,21.2,Partly Cloudy
5117,Từ Cầu Nguyễn Văn Cừ đến An Dương Vương,2025-07-29 12:43:00,0,FRC2,23,34,691,467,1,False,10.761189348756318,106.68340155509297,0.0,10.0,21.2,Partly Cloudy
5118,Từ Vòng Xoay Trần Phú đến ĐHSP,2025-07-29 12:43:00,1000,FRC4,20,28,287,205,1,False,10.757533515349062,106.67414436746735,0.0,10.0,21.2,Partly Cloudy
5119,Từ Vòng Xoay Trần Phú đến ĐHSP,2025-07-29 12:43:00,900,FRC4,20,28,287,205,1,False,10.757824186413304,106.67502060044893,0.0,10.0,21.2,Partly Cloudy
5120,Từ Vòng Xoay Trần Phú đến ĐHSP,2025-07-29 12:43:00,800,FRC4,20,28,287,205,1,False,10.758126036834728,106.67584372840122,0.0,10.0,21.2,Partly Cloudy
5121,Từ Vòng Xoay Trần Phú đến ĐHSP,2025-07-29 12:43:00,700,FRC4,20,28,287,205,1,False,10.758483785091158,106.67667444278729,0.0,10.0,21.2,Partly Cloudy
5122,Từ Vòng Xoay Trần Phú đến ĐHSP,2025-07-29 12:43:00,600,FRC4,20,28,287,205,1,False,10.758740916389923,106.67733446243443,0.0,10.0,21.2,Partly Cloudy
5123,Từ Vòng Xoay Trần Phú đến ĐHSP,2025-07-29 12:43:00,500,FRC4,19,28,305,207,1,False,10.759121023128003,106.67817276325134,0.0,10.0,21.2,Partly Cloudy
5124,Từ Vòng Xoay Trần Phú đến ĐHSP,2025-07-29 12:43:00,400,FRC4,19,28,305,207,1,False,10.759445231432741,106.6790186505005,0.0,10.0,21.2,Partly Cloudy
5125,Từ Vòng Xoay Trần Phú đến ĐHSP,2025-07-29 12:43:00,300,FRC4,19,28,305,207,1,False,10.759784345493584,106.67986453775157,0.0,10.0,21.2,Partly Cloudy
5126,Từ Vòng Xoay Trần Phú đến ĐHSP,2025-07-29 12:43:00,200,FRC4,19,28,305,207,1,False,10.76013091221701,106.68072559786684,0.0,10.0,21.2,Partly Cloudy
5127,Từ Vòng Xoay Trần Phú đến ĐHSP,2025-07-29 12:43:00,100,FRC4,20,28,287,205,1,False,10.760458845955434,106.6815638986815,0.0,10.0,21.2,Partly Cloudy
5128,Từ Vòng Xoay Trần Phú đến ĐHSP,2025-07-29 12:43:00,0,FRC4,20,28,287,205,1,False,10.760883668675298,106.6826449653469,0.0,10.0,21.2,Partly Cloudy
5129,Từ Ngã Sáu Cộng Hòa đến An Dương Vương,2025-07-29 13:30:00,500,FRC3,23,32,1091,784,1,False,10.765163027177051,106.68176325830919,0.0,10.0,20.5,Clear
5130,Từ Ngã Sáu Cộng Hòa đến An Dương Vương,2025-07-29 13:30:00,400,FRC3,23,32,1091,784,1,False,10.764283334954333,106.68210132878986,0.0,10.0,20.5,Clear
5131,Từ Ngã Sáu Cộng Hòa đến An Dương Vương,2025-07-29 13:30:00,300,FRC3,23,32,1091,784,1,False,10.763480856227291,106.68240386571111,0.0,10.0,20.5,Clear
5132,Từ Ngã Sáu Cộng Hòa đến An Dương Vương,2025-07-29 13:30:00,200,FRC3,23,32,1091,784,1,False,10.762642918836454,106.6827364596283,0.0,10.0,20.5,Clear
5133,Từ Ngã Sáu Cộng Hòa đến An Dương Vương,2025-07-29 13:30:00,100,FRC3,23,32,1091,784,1,False,10.7619261906941,106.68302613820323,0.0,10.0,20.5,Clear
5134,Từ Ngã Sáu Cộng Hòa đến An Dương Vương,2025-07-29 13:30:00,0,FRC3,23,32,1091,784,1,False,10.761156760056346,106.68331581677815,0.0,10.0,20.5,Clear
5135,Từ Cầu Nguyễn Văn Cừ đến An Dương Vương,2025-07-29 13:30:00,700,FRC2,24,35,662,454,1,False,10.755556817425111,106.68578400873503,0.0,10.0,20.5,Clear
5136,Từ Cầu Nguyễn Văn Cừ đến An Dương Vương,2025-07-29 13:30:00,600,FRC2,24,35,662,454,1,False,10.756358876280022,106.6853232069683,0.0,10.0,20.5,Clear
5137,Từ Cầu Nguyễn Văn Cừ đến An Dương Vương,2025-07-29 13:30:00,500,FRC2,24,35,662,454,1,False,10.757138847709548,106.684944289696,0.0,10.0,20.5,Clear
5138,Từ Cầu Nguyễn Văn Cừ đến An Dương Vương,2025-07-29 13:30:00,400,FRC2,24,35,662,454,1,False,10.757963133528543,106.68463303622572,0.0,10.0,20.5,Clear
5139,Từ Cầu Nguyễn Văn Cừ đến An Dương Vương,2025-07-29 13:30:00,300,FRC2,24,35,662,454,1,False,10.758623446871004,106.68435335919212,0.0,10.0,20.5,Clear
5140,Từ Cầu Nguyễn Văn Cừ đến An Dương Vương,2025-07-29 13:30:00,200,FRC6,19,26,893,652,1,False,10.759478749919925,106.68406917123804,0.0,10.0,20.5,Clear
5141,Từ Cầu Nguyễn Văn Cừ đến An Dương Vương,2025-07-29 13:30:00,100,FRC2,24,35,662,454,1,False,10.760311892549737,106.68371280856688,0.0,10.0,20.5,Clear
5142,Từ Cầu Nguyễn Văn Cừ đến An Dương Vương,2025-07-29 13:30:00,0,FRC2,24,35,662,454,1,False,10.761189348756318,106.68340155509297,0.0,10.0,20.5,Clear
5143,Từ Vòng Xoay Trần Phú đến ĐHSP,2025-07-29 13:30:00,1000,FRC4,23,28,249,205,1,False,10.757533515349062,106.67414436746735,0.0,10.0,20.5,Clear
5144,Từ Vòng Xoay Trần Phú đến ĐHSP,2025-07-29 13:30:00,900,FRC4,23,28,249,205,1,False,10.757824186413304,106.67502060044893,0.0,10.0,20.5,Clear
5145,Từ Vòng Xoay Trần Phú đến ĐHSP,2025-07-29 13:30:00,800,FRC4,23,28,249,205,1,False,10.758126036834728,106.67584372840122,0.0,10.0,20.5,Clear
5146,Từ Vòng Xoay Trần Phú đến ĐHSP,2025-07-29 13:30:00,700,FRC4,23,28,249,205,1,False,10.758483785091158,106.67667444278729,0.0,10.0,20.5,Clear
5147,Từ Vòng Xoay Trần Phú đến ĐHSP,2025-07-29 13:30:00,600,FRC4,23,28,249,205,1,False,10.758740916389923,106.67733446243443,0.0,10.0,20.5,Clear
5148,Từ Vòng Xoay Trần Phú đến ĐHSP,2025-07-29 13:30:00,500,FRC4,28,28,207,207,1,False,10.759121023128003,106.67817276325134,0.0,10.0,20.5,Clear
5149,Từ Vòng Xoay Trần Phú đến ĐHSP,2025-07-29 13:30:00,400,FRC4,28,28,207,207,1,False,10.759445231432741,106.6790186505005,0.0,10.0,20.5,Clear
5150,Từ Vòng Xoay Trần Phú đến ĐHSP,2025-07-29 13:30:00,300,FRC4,28,28,207,207,1,False,10.759784345493584,106.67986453775157,0.0,10.0,20.5,Clear
5151,Từ Vòng Xoay Trần Phú đến ĐHSP,2025-07-29 13:30:00,200,FRC4,28,28,207,207,1,False,10.76013091221701,106.68072559786684,0.0,10.0,20.5,Clear
5152,Từ Vòng Xoay Trần Phú đến ĐHSP,2025-07-29 13:30:00,100,FRC4,23,28,249,205,1,False,10.760458845955434,106.6815638986815,0.0,10.0,20.5,Clear
5153,Từ Vòng Xoay Trần Phú đến ĐHSP,2025-07-29 13:30:00,0,FRC4,23,28,249,205,1,False,10.760883668675298,106.6826449653469,0.0,10.0,20.5,Clear
5154,Từ Ngã Sáu Cộng Hòa đến An Dương Vương,2025-07-29 16:15:00,500,FRC3,33,33,760,760,1,False,10.765163027177051,106.68176325830919,0.0,10.0,15.1,Partly Cloudy
5155,Từ Ngã Sáu Cộng Hòa đến An Dương Vương,2025-07-29 16:15:00,400,FRC3,33,33,760,760,1,False,10.764283334954333,106.68210132878986,0.0,10.0,15.1,Partly Cloudy
5156,Từ Ngã Sáu Cộng Hòa đến An Dương Vương,2025-07-29 16:15:00,300,FRC3,33,33,760,760,1,False,10.763480856227291,106.68240386571111,0.0,10.0,15.1,Partly Cloudy
5157,Từ Ngã Sáu Cộng Hòa đến An Dương Vương,2025-07-29 16:15:00,200,FRC3,33,33,760,760,1,False,10.762642918836454,106.6827364596283,0.0,10.0,15.1,Partly Cloudy
5158,Từ Ngã Sáu Cộng Hòa đến An Dương Vương,2025-07-29 16:15:00,100,FRC3,33,33,760,760,1,False,10.7619261906941,106.68302613820323,0.0,10.0,15.1,Partly Cloudy
5159,Từ Ngã Sáu Cộng Hòa đến An Dương Vương,2025-07-29 16:15:00,0,FRC3,33,33,760,760,1,False,10.761156760056346,106.68331581677815,0.0,10.0,15.1,Partly Cloudy
5160,Từ Cầu Nguyễn Văn Cừ đến An Dương Vương,2025-07-29 16:15:00,700,FRC2,35,35,454,454,1,False,10.755556817425111,106.68578400873503,0.0,10.0,15.1,Partly Cloudy
5161,Từ Cầu Nguyễn Văn Cừ đến An Dương Vương,2025-07-29 16:15:00,600,FRC2,35,35,454,454,1,False,10.756358876280022,106.6853232069683,0.0,10.0,15.1,Partly Cloudy
5162,Từ Cầu Nguyễn Văn Cừ đến An Dương Vương,2025-07-29 16:15:00,500,FRC2,35,35,454,454,1,False,10.757138847709548,106.684944289696,0.0,10.0,15.1,Partly Cloudy
5163,Từ Cầu Nguyễn Văn Cừ đến An Dương Vương,2025-07-29 16:15:00,400,FRC2,35,35,454,454,1,False,10.757963133528543,106.68463303622572,0.0,10.0,15.1,Partly Cloudy
5164,Từ Cầu Nguyễn Văn Cừ đến An Dương Vương,2025-07-29 16:15:00,300,FRC2,35,35,454,454,1,False,10.758623446871004,106.68435335919212,0.0,10.0,15.1,Partly Cloudy
5165,Từ Cầu Nguyễn Văn Cừ đến An Dương Vương,2025-07-29 16:15:00,200,FRC6,27,27,628,628,1,False,10.759478749919925,106.68406917123804,0.0,10.0,15.1,Partly Cloudy
5166,Từ Cầu Nguyễn Văn Cừ đến An Dương Vương,2025-07-29 16:15:00,100,FRC2,35,35,454,454,1,False,10.760311892549737,106.68371280856688,0.0,10.0,15.1,Partly Cloudy
5167,Từ Cầu Nguyễn Văn Cừ đến An Dương Vương,2025-07-29 16:15:00,0,FRC2,35,35,454,454,1,False,10.761189348756318,106.68340155509297,0.0,10.0,15.1,Partly Cloudy
5168,Từ Vòng Xoay Trần Phú đến ĐHSP,2025-07-29 16:15:00,1000,FRC4,29,29,198,198,1,False,10.757533515349062,106.67414436746735,0.0,10.0,15.1,Partly Cloudy
5169,Từ Vòng Xoay Trần Phú đến ĐHSP,2025-07-29 16:15:00,900,FRC4,29,29,198,198,1,False,10.757824186413304,106.67502060044893,0.0,10.0,15.1,Partly Cloudy
5170,Từ Vòng Xoay Trần Phú đến ĐHSP,2025-07-29 16:15:00,800,FRC4,29,29,198,198,1,False,10.758126036834728,106.67584372840122,0.0,10.0,15.1,Partly Cloudy
5171,Từ Vòng Xoay Trần Phú đến ĐHSP,2025-07-29 16:15:00,700,FRC4,29,29,198,198,1,False,10.758483785091158,106.67667444278729,0.0,10.0,15.1,Partly Cloudy
5172,Từ Vòng Xoay Trần Phú đến ĐHSP,2025-07-29 16:15:00,600,FRC4,29,29,198,198,1,False,10.758740916389923,106.67733446243443,0.0,10.0,15.1,Partly Cloudy
5173,Từ Vòng Xoay Trần Phú đến ĐHSP,2025-07-29 16:15:00,500,FRC4,28,28,207,207,1,False,10.759121023128003,106.67817276325134,0.0,10.0,15.1,Partly Cloudy
5174,Từ Vòng Xoay Trần Phú đến ĐHSP,2025-07-29 16:15:00,400,FRC4,28,28,207,207,1,False,10.759445231432741,106.6790186505005,0.0,10.0,15.1,Partly Cloudy
5175,Từ Vòng Xoay Trần Phú đến ĐHSP,2025-07-29 16:15:00,300,FRC4,28,28,207,207,1,False,10.759784345493584,106.67986453775157,0.0,10.0,15.1,Partly Cloudy
5176,Từ Vòng Xoay Trần Phú đến ĐHSP,2025-07-29 16:15:00,200,FRC4,28,28,207,207,1,False,10.76013091221701,106.68072559786684,0.0,10.0,15.1,Partly Cloudy
5177,Từ Vòng Xoay Trần Phú đến ĐHSP,2025-07-29 16:15:00,100,FRC4,29,29,198,198,1,False,10.760458845955434,106.6815638986815,0.0,10.0,15.1,Partly Cloudy
5178,Từ Vòng Xoay Trần Phú đến ĐHSP,2025-07-29 16:15:00,0,FRC4,29,29,198,198,1,False,10.760883668675298,106.6826449653469,0.0,10.0,15.1,Partly Cloudy
5179,Từ Ngã Sáu Cộng Hòa đến An Dương Vương,2025-07-29 16:51:00,500,FRC3,33,33,760,760,1,False,10.765163027177051,106.68176325830919,0.0,10.0,16.2,Partly Cloudy
5180,Từ Ngã Sáu Cộng Hòa đến An Dương Vương,2025-07-29 16:51:00,400,FRC3,33,33,760,760,1,False,10.764283334954333,106.68210132878986,0.0,10.0,16.2,Partly Cloudy
5181,Từ Ngã Sáu Cộng Hòa đến An Dương Vương,2025-07-29 16:51:00,300,FRC3,33,33,760,760,1,False,10.763480856227291,106.68240386571111,0.0,10.0,16.2,Partly Cloudy
5182,Từ Ngã Sáu Cộng Hòa đến An Dương Vương,2025-07-29 16:51:00,200,FRC3,33,33,760,760,1,False,10.762642918836454,106.6827364596283,0.0,10.0,16.2,Partly Cloudy
5183,Từ Ngã Sáu Cộng Hòa đến An Dương Vương,2025-07-29 16:51:00,100,FRC3,33,33,760,760,1,False,10.7619261906941,106.68302613820323,0.0,10.0,16.2,Partly Cloudy
5184,Từ Ngã Sáu Cộng Hòa đến An Dương Vương,2025-07-29 16:51:00,0,FRC3,33,33,760,760,1,False,10.761156760056346,106.68331581677815,0.0,10.0,16.2,Partly Cloudy
5185,Từ Cầu Nguyễn Văn Cừ đến An Dương Vương,2025-07-29 16:51:00,700,FRC2,35,35,454,454,1,False,10.755556817425111,106.68578400873503,0.0,10.0,16.2,Partly Cloudy
5186,Từ Cầu Nguyễn Văn Cừ đến An Dương Vương,2025-07-29 16:51:00,600,FRC2,35,35,454,454,1,False,10.756358876280022,106.6853232069683,0.0,10.0,16.2,Partly Cloudy
5187,Từ Cầu Nguyễn Văn Cừ đến An Dương Vương,2025-07-29 16:51:00,500,FRC2,35,35,454,454,1,False,10.757138847709548,106.684944289696,0.0,10.0,16.2,Partly Cloudy
5188,Từ Cầu Nguyễn Văn Cừ đến An Dương Vương,2025-07-29 16:51:00,400,FRC2,35,35,454,454,1,False,10.757963133528543,106.68463303622572,0.0,10.0,16.2,Partly Cloudy
5189,Từ Cầu Nguyễn Văn Cừ đến An Dương Vương,2025-07-29 16:51:00,300,FRC2,35,35,454,454,1,False,10.758623446871004,106.68435335919212,0.0,10.0,16.2,Partly Cloudy
5190,Từ Cầu Nguyễn Văn Cừ đến An Dương Vương,2025-07-29 16:51:00,200,FRC6,27,27,628,628,1,False,10.759478749919925,106.68406917123804,0.0,10.0,16.2,Partly Cloudy
5191,Từ Cầu Nguyễn Văn Cừ đến An Dương Vương,2025-07-29 16:51:00,100,FRC2,35,35,454,454,1,False,10.760311892549737,106.68371280856688,0.0,10.0,16.2,Partly Cloudy
5192,Từ Cầu Nguyễn Văn Cừ đến An Dương Vương,2025-07-29 16:51:00,0,FRC2,35,35,454,454,1,False,10.761189348756318,106.68340155509297,0.0,10.0,16.2,Partly Cloudy
5193,Từ Vòng Xoay Trần Phú đến ĐHSP,2025-07-29 16:51:00,1000,FRC4,29,29,198,198,1,False,10.757533515349062,106.67414436746735,0.0,10.0,16.2,Partly Cloudy
5194,Từ Vòng Xoay Trần Phú đến ĐHSP,2025-07-29 16:51:00,900,FRC4,29,29,198,198,1,False,10.757824186413304,106.67502060044893,0.0,10.0,16.2,Partly Cloudy
5195,Từ Vòng Xoay Trần Phú đến ĐHSP,2025-07-29 16:51:00,800,FRC4,29,29,198,198,1,False,10.758126036834728,106.67584372840122,0.0,10.0,16.2,Partly Cloudy
5196,Từ Vòng Xoay Trần Phú đến ĐHSP,2025-07-29 16:51:00,700,FRC4,29,29,198,198,1,False,10.758483785091158,106.67667444278729,0.0,10.0,16.2,Partly Cloudy
5197,Từ Vòng Xoay Trần Phú đến ĐHSP,2025-07-29 16:51:00,600,FRC4,29,29,198,198,1,False,10.758740916389923,106.67733446243443,0.0,10.0,16.2,Partly Cloudy
5198,Từ Vòng Xoay Trần Phú đến ĐHSP,2025-07-29 16:51:00,500,FRC4,28,28,207,207,1,False,10.759121023128003,106.67817276325134,0.0,10.0,16.2,Partly Cloudy
5199,Từ Vòng Xoay Trần Phú đến ĐHSP,2025-07-29 16:51:00,400,FRC4,28,28,207,207,1,False,10.759445231432741,106.6790186505005,0.0,10.0,16.2,Partly Cloudy
5200,Từ Vòng Xoay Trần Phú đến ĐHSP,2025-07-29 16:51:00,300,FRC4,28,28,207,207,1,False,10.759784345493584,106.67986453775157,0.0,10.0,16.2,Partly Cloudy
5201,Từ Vòng Xoay Trần Phú đến ĐHSP,2025-07-29 16:51:00,200,FRC4,28,28,207,207,1,False,10.76013091221701,106.68072559786684,0.0,10.0,16.2,Partly Cloudy
5202,Từ Vòng Xoay Trần Phú đến ĐHSP,2025-07-29 16:51:00,100,FRC4,29,29,198,198,1,False,10.760458845955434,106.6815638986815,0.0,10.0,16.2,Partly Cloudy
5203,Từ Vòng Xoay Trần Phú đến ĐHSP,2025-07-29 16:51:00,0,FRC4,29,29,198,198,1,False,10.760883668675298,106.6826449653469,0.0,10.0,16.2,Partly Cloudy
5204,Từ Ngã Sáu Cộng Hòa đến An Dương Vương,2025-07-29 17:15:00,500,FRC3,33,33,760,760,1,False,10.765163027177051,106.68176325830919,0.0,10.0,14.0,Partly Cloudy
5205,Từ Ngã Sáu Cộng Hòa đến An Dương Vương,2025-07-29 17:15:00,400,FRC3,33,33,760,760,1,False,10.764283334954333,106.68210132878986,0.0,10.0,14.0,Partly Cloudy
5206,Từ Ngã Sáu Cộng Hòa đến An Dương Vương,2025-07-29 17:15:00,300,FRC3,33,33,760,760,1,False,10.763480856227291,106.68240386571111,0.0,10.0,14.0,Partly Cloudy
5207,Từ Ngã Sáu Cộng Hòa đến An Dương Vương,2025-07-29 17:15:00,200,FRC3,33,33,760,760,1,False,10.762642918836454,106.6827364596283,0.0,10.0,14.0,Partly Cloudy
5208,Từ Ngã Sáu Cộng Hòa đến An Dương Vương,2025-07-29 17:15:00,100,FRC3,33,33,760,760,1,False,10.7619261906941,106.68302613820323,0.0,10.0,14.0,Partly Cloudy
5209,Từ Ngã Sáu Cộng Hòa đến An Dương Vương,2025-07-29 17:15:00,0,FRC3,33,33,760,760,1,False,10.761156760056346,106.68331581677815,0.0,10.0,14.0,Partly Cloudy
5210,Từ Cầu Nguyễn Văn Cừ đến An Dương Vương,2025-07-29 17:15:00,700,FRC2,35,35,454,454,1,False,10.755556817425111,106.68578400873503,0.0,10.0,14.0,Partly Cloudy
5211,Từ Cầu Nguyễn Văn Cừ đến An Dương Vương,2025-07-29 17:15:00,600,FRC2,35,35,454,454,1,False,10.756358876280022,106.6853232069683,0.0,10.0,14.0,Partly Cloudy
5212,Từ Cầu Nguyễn Văn Cừ đến An Dương Vương,2025-07-29 17:15:00,500,FRC2,35,35,454,454,1,False,10.757138847709548,106.684944289696,0.0,10.0,14.0,Partly Cloudy
5213,Từ Cầu Nguyễn Văn Cừ đến An Dương Vương,2025-07-29 17:15:00,400,FRC2,35,35,454,454,1,False,10.757963133528543,106.68463303622572,0.0,10.0,14.0,Partly Cloudy
5214,Từ Cầu Nguyễn Văn Cừ đến An Dương Vương,2025-07-29 17:15:00,300,FRC2,35,35,454,454,1,False,10.758623446871004,106.68435335919212,0.0,10.0,14.0,Partly Cloudy
5215,Từ Cầu Nguyễn Văn Cừ đến An Dương Vương,2025-07-29 17:15:00,200,FRC6,27,27,628,628,1,False,10.759478749919925,106.68406917123804,0.0,10.0,14.0,Partly Cloudy
5216,Từ Cầu Nguyễn Văn Cừ đến An Dương Vương,2025-07-29 17:15:00,100,FRC2,35,35,454,454,1,False,10.760311892549737,106.68371280856688,0.0,10.0,14.0,Partly Cloudy
5217,Từ Cầu Nguyễn Văn Cừ đến An Dương Vương,2025-07-29 17:15:00,0,FRC2,35,35,454,454,1,False,10.761189348756318,106.68340155509297,0.0,10.0,14.0,Partly Cloudy
5218,Từ Vòng Xoay Trần Phú đến ĐHSP,2025-07-29 17:15:00,1000,FRC4,29,29,198,198,1,False,10.757533515349062,106.67414436746735,0.0,10.0,14.0,Partly Cloudy
5219,Từ Vòng Xoay Trần Phú đến ĐHSP,2025-07-29 17:15:00,900,FRC4,29,29,198,198,1,False,10.757824186413304,106.67502060044893,0.0,10.0,14.0,Partly Cloudy
5220,Từ Vòng Xoay Trần Phú đến ĐHSP,2025-07-29 17:15:00,800,FRC4,29,29,198,198,1,False,10.758126036834728,106.67584372840122,0.0,10.0,14.0,Partly Cloudy
5221,Từ Vòng Xoay Trần Phú đến ĐHSP,2025-07-29 17:15:00,700,FRC4,29,29,198,198,1,False,10.758483785091158,106.67667444278729,0.0,10.0,14.0,Partly Cloudy
5222,Từ Vòng Xoay Trần Phú đến ĐHSP,2025-07-29 17:15:00,600,FRC4,29,29,198,198,1,False,10.758740916389923,106.67733446243443,0.0,10.0,14.0,Partly Cloudy
5223,Từ Vòng Xoay Trần Phú đến ĐHSP,2025-07-29 17:15:00,500,FRC4,28,28,207,207,1,False,10.759121023128003,106.67817276325134,0.0,10.0,14.0,Partly Cloudy
5224,Từ Vòng Xoay Trần Phú đến ĐHSP,2025-07-29 17:15:00,400,FRC4,28,28,207,207,1,False,10.759445231432741,106.6790186505005,0.0,10.0,14.0,Partly Cloudy
5225,Từ Vòng Xoay Trần Phú đến ĐHSP,2025-07-29 17:15:00,300,FRC4,28,28,207,207,1,False,10.759784345493584,106.67986453775157,0.0,10.0,14.0,Partly Cloudy
5226,Từ Vòng Xoay Trần Phú đến ĐHSP,2025-07-29 17:15:00,200,FRC4,28,28,207,207,1,False,10.76013091221701,106.68072559786684,0.0,10.0,14.0,Partly Cloudy
5227,Từ Vòng Xoay Trần Phú đến ĐHSP,2025-07-29 17:15:00,100,FRC4,29,29,198,198,1,False,10.760458845955434,106.6815638986815,0.0,10.0,14.0,Partly Cloudy
5228,Từ Vòng Xoay Trần Phú đến ĐHSP,2025-07-29 17:15:00,0,FRC4,29,29,198,198,1,False,10.760883668675298,106.6826449653469,0.0,10.0,14.0,Partly Cloudy
5229,Từ Ngã Sáu Cộng Hòa đến An Dương Vương,2025-07-29 17:44:00,500,FRC3,33,33,760,760,1,False,10.765163027177051,106.68176325830919,0.0,10.0,14.0,Partly Cloudy
5230,Từ Ngã Sáu Cộng Hòa đến An Dương Vương,2025-07-29 17:44:00,400,FRC3,33,33,760,760,1,False,10.764283334954333,106.68210132878986,0.0,10.0,14.0,Partly Cloudy
5231,Từ Ngã Sáu Cộng Hòa đến An Dương Vương,2025-07-29 17:44:00,300,FRC3,33,33,760,760,1,False,10.763480856227291,106.68240386571111,0.0,10.0,14.0,Partly Cloudy
5232,Từ Ngã Sáu Cộng Hòa đến An Dương Vương,2025-07-29 17:44:00,200,FRC3,33,33,760,760,1,False,10.762642918836454,106.6827364596283,0.0,10.0,14.0,Partly Cloudy
5233,Từ Ngã Sáu Cộng Hòa đến An Dương Vương,2025-07-29 17:44:00,100,FRC3,33,33,760,760,1,False,10.7619261906941,106.68302613820323,0.0,10.0,14.0,Partly Cloudy
5234,Từ Ngã Sáu Cộng Hòa đến An Dương Vương,2025-07-29 17:44:00,0,FRC3,33,33,760,760,1,False,10.761156760056346,106.68331581677815,0.0,10.0,14.0,Partly Cloudy
5235,Từ Cầu Nguyễn Văn Cừ đến An Dương Vương,2025-07-29 17:44:00,700,FRC2,35,35,454,454,1,False,10.755556817425111,106.68578400873503,0.0,10.0,14.0,Partly Cloudy
5236,Từ Cầu Nguyễn Văn Cừ đến An Dương Vương,2025-07-29 17:44:00,600,FRC2,35,35,454,454,1,False,10.756358876280022,106.6853232069683,0.0,10.0,14.0,Partly Cloudy
5237,Từ Cầu Nguyễn Văn Cừ đến An Dương Vương,2025-07-29 17:44:00,500,FRC2,35,35,454,454,1,False,10.757138847709548,106.684944289696,0.0,10.0,14.0,Partly Cloudy
5238,Từ Cầu Nguyễn Văn Cừ đến An Dương Vương,2025-07-29 17:44:00,400,FRC2,35,35,454,454,1,False,10.757963133528543,106.68463303622572,0.0,10.0,14.0,Partly Cloudy
5239,Từ Cầu Nguyễn Văn Cừ đến An Dương Vương,2025-07-29 17:44:00,300,FRC2,35,35,454,454,1,False,10.758623446871004,106.68435335919212,0.0,10.0,14.0,Partly Cloudy
5240,Từ Cầu Nguyễn Văn Cừ đến An Dương Vương,2025-07-29 17:44:00,200,FRC6,27,27,628,628,1,False,10.759478749919925,106.68406917123804,0.0,10.0,14.0,Partly Cloudy
5241,Từ Cầu Nguyễn Văn Cừ đến An Dương Vương,2025-07-29 17:44:00,100,FRC2,35,35,454,454,1,False,10.760311892549737,106.68371280856688,0.0,10.0,14.0,Partly Cloudy
5242,Từ Cầu Nguyễn Văn Cừ đến An Dương Vương,2025-07-29 17:44:00,0,FRC2,35,35,454,454,1,False,10.761189348756318,106.68340155509297,0.0,10.0,14.0,Partly Cloudy
5243,Từ Vòng Xoay Trần Phú đến ĐHSP,2025-07-29 17:44:00,1000,FRC4,29,29,198,198,1,False,10.757533515349062,106.67414436746735,0.0,10.0,14.0,Partly Cloudy
5244,Từ Vòng Xoay Trần Phú đến ĐHSP,2025-07-29 17:44:00,900,FRC4,29,29,198,198,1,False,10.757824186413304,106.67502060044893,0.0,10.0,14.0,Partly Cloudy
5245,Từ Vòng Xoay Trần Phú đến ĐHSP,2025-07-29 17:44:00,800,FRC4,29,29,198,198,1,False,10.758126036834728,106.67584372840122,0.0,10.0,14.0,Partly Cloudy
5246,Từ Vòng Xoay Trần Phú đến ĐHSP,2025-07-29 17:44:00,700,FRC4,29,29,198,198,1,False,10.758483785091158,106.67667444278729,0.0,10.0,14.0,Partly Cloudy
5247,Từ Vòng Xoay Trần Phú đến ĐHSP,2025-07-29 17:44:00,600,FRC4,29,29,198,198,1,False,10.758740916389923,106.67733446243443,0.0,10.0,14.0,Partly Cloudy
5248,Từ Vòng Xoay Trần Phú đến ĐHSP,2025-07-29 17:44:00,500,FRC4,28,28,207,207,1,False,10.759121023128003,106.67817276325134,0.0,10.0,14.0,Partly Cloudy
5249,Từ Vòng Xoay Trần Phú đến ĐHSP,2025-07-29 17:44:00,400,FRC4,28,28,207,207,1,False,10.759445231432741,106.6790186505005,0.0,10.0,14.0,Partly Cloudy
5250,Từ Vòng Xoay Trần Phú đến ĐHSP,2025-07-29 17:44:00,300,FRC4,28,28,207,207,1,False,10.759784345493584,106.67986453775157,0.0,10.0,14.0,Partly Cloudy
5251,Từ Vòng Xoay Trần Phú đến ĐHSP,2025-07-29 17:44:00,200,FRC4,28,28,207,207,1,False,10.76013091221701,106.68072559786684,0.0,10.0,14.0,Partly Cloudy
5252,Từ Vòng Xoay Trần Phú đến ĐHSP,2025-07-29 17:44:00,100,FRC4,29,29,198,198,1,False,10.760458845955434,106.6815638986815,0.0,10.0,14.0,Partly Cloudy
5253,Từ Vòng Xoay Trần Phú đến ĐHSP,2025-07-29 17:44:00,0,FRC4,29,29,198,198,1,False,10.760883668675298,106.6826449653469,0.0,10.0,14.0,Partly Cloudy
5254,Từ Ngã Sáu Cộng Hòa đến An Dương Vương,2025-07-29 17:55:00,500,FRC3,33,33,760,760,1,False,10.765163027177051,106.68176325830919,0.0,10.0,14.0,Partly Cloudy
5255,Từ Ngã Sáu Cộng Hòa đến An Dương Vương,2025-07-29 17:55:00,400,FRC3,33,33,760,760,1,False,10.764283334954333,106.68210132878986,0.0,10.0,14.0,Partly Cloudy
5256,Từ Ngã Sáu Cộng Hòa đến An Dương Vương,2025-07-29 17:55:00,300,FRC3,33,33,760,760,1,False,10.763480856227291,106.68240386571111,0.0,10.0,14.0,Partly Cloudy
5257,Từ Ngã Sáu Cộng Hòa đến An Dương Vương,2025-07-29 17:55:00,200,FRC3,33,33,760,760,1,False,10.762642918836454,106.6827364596283,0.0,10.0,14.0,Partly Cloudy
5258,Từ Ngã Sáu Cộng Hòa đến An Dương Vương,2025-07-29 17:55:00,100,FRC3,33,33,760,760,1,False,10.7619261906941,106.68302613820323,0.0,10.0,14.0,Partly Cloudy
5259,Từ Ngã Sáu Cộng Hòa đến An Dương Vương,2025-07-29 17:55:00,0,FRC3,33,33,760,760,1,False,10.761156760056346,106.68331581677815,0.0,10.0,14.0,Partly Cloudy
5260,Từ Cầu Nguyễn Văn Cừ đến An Dương Vương,2025-07-29 17:55:00,700,FRC2,35,35,454,454,1,False,10.755556817425111,106.68578400873503,0.0,10.0,14.0,Partly Cloudy
5261,Từ Cầu Nguyễn Văn Cừ đến An Dương Vương,2025-07-29 17:55:00,600,FRC2,35,35,454,454,1,False,10.756358876280022,106.6853232069683,0.0,10.0,14.0,Partly Cloudy
5262,Từ Cầu Nguyễn Văn Cừ đến An Dương Vương,2025-07-29 17:55:00,500,FRC2,35,35,454,454,1,False,10.757138847709548,106.684944289696,0.0,10.0,14.0,Partly Cloudy
5263,Từ Cầu Nguyễn Văn Cừ đến An Dương Vương,2025-07-29 17:55:00,400,FRC2,35,35,454,454,1,False,10.757963133528543,106.68463303622572,0.0,10.0,14.0,Partly Cloudy
5264,Từ Cầu Nguyễn Văn Cừ đến An Dương Vương,2025-07-29 17:55:00,300,FRC2,35,35,454,454,1,False,10.758623446871004,106.68435335919212,0.0,10.0,14.0,Partly Cloudy
5265,Từ Cầu Nguyễn Văn Cừ đến An Dương Vương,2025-07-29 17:55:00,200,FRC6,27,27,628,628,1,False,10.759478749919925,106.68406917123804,0.0,10.0,14.0,Partly Cloudy
5266,Từ Cầu Nguyễn Văn Cừ đến An Dương Vương,2025-07-29 17:55:00,100,FRC2,35,35,454,454,1,False,10.760311892549737,106.68371280856688,0.0,10.0,14.0,Partly Cloudy
5267,Từ Cầu Nguyễn Văn Cừ đến An Dương Vương,2025-07-29 17:55:00,0,FRC2,35,35,454,454,1,False,10.761189348756318,106.68340155509297,0.0,10.0,14.0,Partly Cloudy
5268,Từ Vòng Xoay Trần Phú đến ĐHSP,2025-07-29 17:55:00,1000,FRC4,29,29,198,198,1,False,10.757533515349062,106.67414436746735,0.0,10.0,14.0,Partly Cloudy
5269,Từ Vòng Xoay Trần Phú đến ĐHSP,2025-07-29 17:55:00,900,FRC4,29,29,198,198,1,False,10.757824186413304,106.67502060044893,0.0,10.0,14.0,Partly Cloudy
5270,Từ Vòng Xoay Trần Phú đến ĐHSP,2025-07-29 17:55:00,800,FRC4,29,29,198,198,1,False,10.758126036834728,106.67584372840122,0.0,10.0,14.0,Partly Cloudy
5271,Từ Vòng Xoay Trần Phú đến ĐHSP,2025-07-29 17:55:00,700,FRC4,29,29,198,198,1,False,10.758483785091158,106.67667444278729,0.0,10.0,14.0,Partly Cloudy
5272,Từ Vòng Xoay Trần Phú đến ĐHSP,2025-07-29 17:55:00,600,FRC4,29,29,198,198,1,False,10.758740916389923,106.67733446243443,0.0,10.0,14.0,Partly Cloudy
5273,Từ Vòng Xoay Trần Phú đến ĐHSP,2025-07-29 17:55:00,500,FRC4,28,28,207,207,1,False,10.759121023128003,106.67817276325134,0.0,10.0,14.0,Partly Cloudy
5274,Từ Vòng Xoay Trần Phú đến ĐHSP,2025-07-29 17:55:00,400,FRC4,28,28,207,207,1,False,10.759445231432741,106.6790186505005,0.0,10.0,14.0,Partly Cloudy
5275,Từ Vòng Xoay Trần Phú đến ĐHSP,2025-07-29 17:55:00,300,FRC4,28,28,207,207,1,False,10.759784345493584,106.67986453775157,0.0,10.0,14.0,Partly Cloudy
5276,Từ Vòng Xoay Trần Phú đến ĐHSP,2025-07-29 17:55:00,200,FRC4,28,28,207,207,1,False,10.76013091221701,106.68072559786684,0.0,10.0,14.0,Partly Cloudy
5277,Từ Vòng Xoay Trần Phú đến ĐHSP,2025-07-29 17:55:00,100,FRC4,29,29,198,198,1,False,10.760458845955434,106.6815638986815,0.0,10.0,14.0,Partly Cloudy
5278,Từ Vòng Xoay Trần Phú đến ĐHSP,2025-07-29 17:55:00,0,FRC4,29,29,198,198,1,False,10.760883668675298,106.6826449653469,0.0,10.0,14.0,Partly Cloudy
5279,Từ Ngã Sáu Cộng Hòa đến An Dương Vương,2025-07-30 06:26:00,500,FRC3,23,32,1091,784,1,False,10.765163027177051,106.68176325830919,0.0,10.0,20.5,Partly cloudy
5280,Từ Ngã Sáu Cộng Hòa đến An Dương Vương,2025-07-30 06:26:00,400,FRC3,23,32,1091,784,1,False,10.764283334954333,106.68210132878986,0.0,10.0,20.5,Partly cloudy
5281,Từ Ngã Sáu Cộng Hòa đến An Dương Vương,2025-07-30 06:26:00,300,FRC3,23,32,1091,784,1,False,10.763480856227291,106.68240386571111,0.0,10.0,20.5,Partly cloudy
5282,Từ Ngã Sáu Cộng Hòa đến An Dương Vương,2025-07-30 06:26:00,200,FRC3,23,32,1091,784,1,False,10.762642918836454,106.6827364596283,0.0,10.0,20.5,Partly cloudy
5283,Từ Ngã Sáu Cộng Hòa đến An Dương Vương,2025-07-30 06:26:00,100,FRC3,23,32,1091,784,1,False,10.7619261906941,106.68302613820323,0.0,10.0,20.5,Partly cloudy
5284,Từ Ngã Sáu Cộng Hòa đến An Dương Vương,2025-07-30 06:26:00,0,FRC3,23,32,1091,784,1,False,10.761156760056346,106.68331581677815,0.0,10.0,20.5,Partly cloudy
5285,Từ Cầu Nguyễn Văn Cừ đến An Dương Vương,2025-07-30 06:26:00,700,FRC2,24,34,662,467,1,False,10.755556817425111,106.68578400873503,0.0,10.0,20.5,Partly cloudy
5286,Từ Cầu Nguyễn Văn Cừ đến An Dương Vương,2025-07-30 06:26:00,600,FRC2,24,34,662,467,1,False,10.756358876280022,106.6853232069683,0.0,10.0,20.5,Partly cloudy
5287,Từ Cầu Nguyễn Văn Cừ đến An Dương Vương,2025-07-30 06:26:00,500,FRC2,24,34,662,467,1,False,10.757138847709548,106.684944289696,0.0,10.0,20.5,Partly cloudy
5288,Từ Cầu Nguyễn Văn Cừ đến An Dương Vương,2025-07-30 06:26:00,400,FRC2,24,34,662,467,1,False,10.757963133528543,106.68463303622572,0.0,10.0,20.5,Partly cloudy
5289,Từ Cầu Nguyễn Văn Cừ đến An Dương Vương,2025-07-30 06:26:00,300,FRC2,24,34,662,467,1,False,10.758623446871004,106.68435335919212,0.0,10.0,20.5,Partly cloudy
5290,Từ Cầu Nguyễn Văn Cừ đến An Dương Vương,2025-07-30 06:26:00,200,FRC6,22,27,771,628,1,False,10.759478749919925,106.68406917123804,0.0,10.0,20.5,Partly cloudy
5291,Từ Cầu Nguyễn Văn Cừ đến An Dương Vương,2025-07-30 06:26:00,100,FRC2,24,34,662,467,1,False,10.760311892549737,106.68371280856688,0.0,10.0,20.5,Partly cloudy
5292,Từ Cầu Nguyễn Văn Cừ đến An Dương Vương,2025-07-30 06:26:00,0,FRC2,24,34,662,467,1,False,10.761189348756318,106.68340155509297,0.0,10.0,20.5,Partly cloudy
5293,Từ Vòng Xoay Trần Phú đến ĐHSP,2025-07-30 06:26:00,1000,FRC4,20,28,287,205,1,False,10.757533515349062,106.67414436746735,0.0,10.0,20.5,Partly cloudy
5294,Từ Vòng Xoay Trần Phú đến ĐHSP,2025-07-30 06:26:00,900,FRC4,20,28,287,205,1,False,10.757824186413304,106.67502060044893,0.0,10.0,20.5,Partly cloudy
5295,Từ Vòng Xoay Trần Phú đến ĐHSP,2025-07-30 06:26:00,800,FRC4,20,28,287,205,1,False,10.758126036834728,106.67584372840122,0.0,10.0,20.5,Partly cloudy
5296,Từ Vòng Xoay Trần Phú đến ĐHSP,2025-07-30 06:26:00,700,FRC4,20,28,287,205,1,False,10.758483785091158,106.67667444278729,0.0,10.0,20.5,Partly cloudy
5297,Từ Vòng Xoay Trần Phú đến ĐHSP,2025-07-30 06:26:00,600,FRC4,20,28,287,205,1,False,10.758740916389923,106.67733446243443,0.0,10.0,20.5,Partly cloudy
5298,Từ Vòng Xoay Trần Phú đến ĐHSP,2025-07-30 06:26:00,500,FRC4,19,28,305,207,0.996775,False,10.759121023128003,106.67817276325134,0.0,10.0,20.5,Partly cloudy
5299,Từ Vòng Xoay Trần Phú đến ĐHSP,2025-07-30 06:26:00,400,FRC4,19,28,305,207,0.996775,False,10.759445231432741,106.6790186505005,0.0,10.0,20.5,Partly cloudy
5300,Từ Vòng Xoay Trần Phú đến ĐHSP,2025-07-30 06:26:00,300,FRC4,19,28,305,207,0.996775,False,10.759784345493584,106.67986453775157,0.0,10.0,20.5,Partly cloudy
5301,Từ Vòng Xoay Trần Phú đến ĐHSP,2025-07-30 06:26:00,200,FRC4,19,28,305,207,0.996775,False,10.76013091221701,106.68072559786684,0.0,10.0,20.5,Partly cloudy
5302,Từ Vòng Xoay Trần Phú đến ĐHSP,2025-07-30 06:26:00,100,FRC4,20,28,287,205,1,False,10.760458845955434,106.6815638986815,0.0,10.0,20.5,Partly cloudy
5303,Từ Vòng Xoay Trần Phú đến ĐHSP,2025-07-30 06:26:00,0,FRC4,20,28,287,205,1,False,10.760883668675298,106.6826449653469,0.0,10.0,20.5,Partly cloudy
5304,Từ Ngã Sáu Cộng Hòa đến An Dương Vương,2025-07-30 06:58:00,500,FRC3,22,33,1141,760,1,False,10.765163027177051,106.68176325830919,0.0,10.0,20.2,Partly cloudy
5305,Từ Ngã Sáu Cộng Hòa đến An Dương Vương,2025-07-30 06:58:00,400,FRC3,22,33,1141,760,1,False,10.764283334954333,106.68210132878986,0.0,10.0,20.2,Partly cloudy
5306,Từ Ngã Sáu Cộng Hòa đến An Dương Vương,2025-07-30 06:58:00,300,FRC3,22,33,1141,760,1,False,10.763480856227291,106.68240386571111,0.0,10.0,20.5,Partly cloudy
5307,Từ Ngã Sáu Cộng Hòa đến An Dương Vương,2025-07-30 06:58:00,200,FRC3,22,33,1141,760,1,False,10.762642918836454,106.6827364596283,0.0,10.0,20.2,Partly cloudy
5308,Từ Ngã Sáu Cộng Hòa đến An Dương Vương,2025-07-30 06:58:00,100,FRC3,22,33,1141,760,1,False,10.7619261906941,106.68302613820323,0.0,10.0,20.5,Partly cloudy
5309,Từ Ngã Sáu Cộng Hòa đến An Dương Vương,2025-07-30 06:58:00,0,FRC3,22,33,1141,760,1,False,10.761156760056346,106.68331581677815,0.0,10.0,20.5,Partly cloudy
5310,Từ Cầu Nguyễn Văn Cừ đến An Dương Vương,2025-07-30 06:58:00,700,FRC2,24,34,662,467,1,False,10.755556817425111,106.68578400873503,0.0,10.0,20.2,Partly cloudy
5311,Từ Cầu Nguyễn Văn Cừ đến An Dương Vương,2025-07-30 06:58:00,600,FRC2,24,34,662,467,1,False,10.756358876280022,106.6853232069683,0.0,10.0,20.5,Partly cloudy
5312,Từ Cầu Nguyễn Văn Cừ đến An Dương Vương,2025-07-30 06:58:00,500,FRC2,24,34,662,467,1,False,10.757138847709548,106.684944289696,0.0,10.0,20.5,Partly cloudy
5313,Từ Cầu Nguyễn Văn Cừ đến An Dương Vương,2025-07-30 06:58:00,400,FRC2,24,34,662,467,1,False,10.757963133528543,106.68463303622572,0.0,10.0,20.5,Partly cloudy
5314,Từ Cầu Nguyễn Văn Cừ đến An Dương Vương,2025-07-30 06:58:00,300,FRC2,24,34,662,467,1,False,10.758623446871004,106.68435335919212,0.0,10.0,20.5,Partly cloudy
5315,Từ Cầu Nguyễn Văn Cừ đến An Dương Vương,2025-07-30 06:58:00,200,FRC6,19,25,893,679,1,False,10.759478749919925,106.68406917123804,0.0,10.0,20.5,Partly cloudy
5316,Từ Cầu Nguyễn Văn Cừ đến An Dương Vương,2025-07-30 06:58:00,100,FRC2,24,34,662,467,1,False,10.760311892549737,106.68371280856688,0.0,10.0,20.5,Partly cloudy
5317,Từ Cầu Nguyễn Văn Cừ đến An Dương Vương,2025-07-30 06:58:00,0,FRC2,24,34,662,467,1,False,10.761189348756318,106.68340155509297,0.0,10.0,20.5,Partly cloudy
5318,Từ Vòng Xoay Trần Phú đến ĐHSP,2025-07-30 06:58:00,1000,FRC4,20,28,287,205,1,False,10.757533515349062,106.67414436746735,0.0,10.0,20.2,Partly cloudy
5319,Từ Vòng Xoay Trần Phú đến ĐHSP,2025-07-30 06:58:00,900,FRC4,20,28,287,205,1,False,10.757824186413304,106.67502060044893,0.0,10.0,20.5,Partly cloudy
5320,Từ Vòng Xoay Trần Phú đến ĐHSP,2025-07-30 06:58:00,800,FRC4,20,28,287,205,1,False,10.758126036834728,106.67584372840122,0.0,10.0,20.5,Partly cloudy
5321,Từ Vòng Xoay Trần Phú đến ĐHSP,2025-07-30 06:58:00,700,FRC4,20,28,287,205,1,False,10.758483785091158,106.67667444278729,0.0,10.0,20.5,Partly cloudy
5322,Từ Vòng Xoay Trần Phú đến ĐHSP,2025-07-30 06:58:00,600,FRC4,20,28,287,205,1,False,10.758740916389923,106.67733446243443,0.0,10.0,20.2,Partly cloudy
5323,Từ Vòng Xoay Trần Phú đến ĐHSP,2025-07-30 06:58:00,500,FRC4,20,28,289,207,1,False,10.759121023128003,106.67817276325134,0.0,10.0,20.2,Partly cloudy
5324,Từ Vòng Xoay Trần Phú đến ĐHSP,2025-07-30 06:58:00,400,FRC4,20,28,289,207,1,False,10.759445231432741,106.6790186505005,0.0,10.0,20.5,Partly cloudy
5325,Từ Vòng Xoay Trần Phú đến ĐHSP,2025-07-30 06:58:00,300,FRC4,20,28,289,207,1,False,10.759784345493584,106.67986453775157,0.0,10.0,20.2,Partly cloudy
5326,Từ Vòng Xoay Trần Phú đến ĐHSP,2025-07-30 06:58:00,200,FRC4,20,28,289,207,1,False,10.76013091221701,106.68072559786684,0.0,10.0,20.5,Partly cloudy
5327,Từ Vòng Xoay Trần Phú đến ĐHSP,2025-07-30 06:58:00,100,FRC4,20,28,287,205,1,False,10.760458845955434,106.6815638986815,0.0,10.0,20.5,Partly cloudy
5328,Từ Vòng Xoay Trần Phú đến ĐHSP,2025-07-30 06:58:00,0,FRC4,20,28,287,205,1,False,10.760883668675298,106.6826449653469,0.0,10.0,20.2,Partly cloudy
5329,Từ Ngã Sáu Cộng Hòa đến An Dương Vương,2025-07-30 07:26:00,500,FRC3,21,33,1195,760,1,False,10.765163027177051,106.68176325830919,0.0,10.0,20.2,Cloudy
5330,Từ Ngã Sáu Cộng Hòa đến An Dương Vương,2025-07-30 07:26:00,400,FRC3,21,33,1195,760,1,False,10.764283334954333,106.68210132878986,0.0,10.0,20.2,Cloudy
5331,Từ Ngã Sáu Cộng Hòa đến An Dương Vương,2025-07-30 07:26:00,300,FRC3,21,33,1195,760,1,False,10.763480856227291,106.68240386571111,0.0,10.0,20.2,Cloudy
5332,Từ Ngã Sáu Cộng Hòa đến An Dương Vương,2025-07-30 07:26:00,200,FRC3,21,33,1195,760,1,False,10.762642918836454,106.6827364596283,0.0,10.0,20.2,Cloudy
5333,Từ Ngã Sáu Cộng Hòa đến An Dương Vương,2025-07-30 07:26:00,100,FRC3,21,33,1195,760,1,False,10.7619261906941,106.68302613820323,0.0,10.0,20.2,Cloudy
5334,Từ Ngã Sáu Cộng Hòa đến An Dương Vương,2025-07-30 07:26:00,0,FRC3,21,33,1195,760,1,False,10.761156760056346,106.68331581677815,0.0,10.0,20.2,Cloudy
5335,Từ Cầu Nguyễn Văn Cừ đến An Dương Vương,2025-07-30 07:26:00,700,FRC2,27,34,589,467,1,False,10.755556817425111,106.68578400873503,0.0,10.0,20.2,Cloudy
5336,Từ Cầu Nguyễn Văn Cừ đến An Dương Vương,2025-07-30 07:26:00,600,FRC2,27,34,589,467,1,False,10.756358876280022,106.6853232069683,0.0,10.0,20.2,Cloudy
5337,Từ Cầu Nguyễn Văn Cừ đến An Dương Vương,2025-07-30 07:26:00,500,FRC2,27,34,589,467,1,False,10.757138847709548,106.684944289696,0.0,10.0,20.2,Cloudy
5338,Từ Cầu Nguyễn Văn Cừ đến An Dương Vương,2025-07-30 07:26:00,400,FRC2,27,34,589,467,1,False,10.757963133528543,106.68463303622572,0.0,10.0,20.2,Cloudy
5339,Từ Cầu Nguyễn Văn Cừ đến An Dương Vương,2025-07-30 07:26:00,300,FRC2,27,34,589,467,1,False,10.758623446871004,106.68435335919212,0.0,10.0,20.2,Cloudy
5340,Từ Cầu Nguyễn Văn Cừ đến An Dương Vương,2025-07-30 07:26:00,200,FRC6,18,26,943,652,1,False,10.759478749919925,106.68406917123804,0.0,10.0,20.2,Cloudy
5341,Từ Cầu Nguyễn Văn Cừ đến An Dương Vương,2025-07-30 07:26:00,100,FRC2,27,34,589,467,1,False,10.760311892549737,106.68371280856688,0.0,10.0,20.2,Cloudy
5342,Từ Cầu Nguyễn Văn Cừ đến An Dương Vương,2025-07-30 07:26:00,0,FRC2,27,34,589,467,1,False,10.761189348756318,106.68340155509297,0.0,10.0,20.2,Cloudy
5343,Từ Vòng Xoay Trần Phú đến ĐHSP,2025-07-30 07:26:00,1000,FRC4,19,28,302,205,1,False,10.757533515349062,106.67414436746735,0.0,10.0,20.2,Cloudy
5344,Từ Vòng Xoay Trần Phú đến ĐHSP,2025-07-30 07:26:00,900,FRC4,19,28,302,205,1,False,10.757824186413304,106.67502060044893,0.0,10.0,20.2,Cloudy
5345,Từ Vòng Xoay Trần Phú đến ĐHSP,2025-07-30 07:26:00,800,FRC4,19,28,302,205,1,False,10.758126036834728,106.67584372840122,0.0,10.0,20.2,Cloudy
5346,Từ Vòng Xoay Trần Phú đến ĐHSP,2025-07-30 07:26:00,700,FRC4,19,28,302,205,1,False,10.758483785091158,106.67667444278729,0.0,10.0,20.2,Cloudy
5347,Từ Vòng Xoay Trần Phú đến ĐHSP,2025-07-30 07:26:00,600,FRC4,19,28,302,205,1,False,10.758740916389923,106.67733446243443,0.0,10.0,20.2,Cloudy
5348,Từ Vòng Xoay Trần Phú đến ĐHSP,2025-07-30 07:26:00,500,FRC4,18,28,322,207,1,False,10.759121023128003,106.67817276325134,0.0,10.0,20.2,Cloudy
5349,Từ Vòng Xoay Trần Phú đến ĐHSP,2025-07-30 07:26:00,400,FRC4,18,28,322,207,1,False,10.759445231432741,106.6790186505005,0.0,10.0,20.2,Cloudy
5350,Từ Vòng Xoay Trần Phú đến ĐHSP,2025-07-30 07:26:00,300,FRC4,18,28,322,207,1,False,10.759784345493584,106.67986453775157,0.0,10.0,20.2,Cloudy
5351,Từ Vòng Xoay Trần Phú đến ĐHSP,2025-07-30 07:26:00,200,FRC4,18,28,322,207,1,False,10.76013091221701,106.68072559786684,0.0,10.0,20.2,Cloudy
5352,Từ Vòng Xoay Trần Phú đến ĐHSP,2025-07-30 07:26:00,100,FRC4,19,28,302,205,1,False,10.760458845955434,106.6815638986815,0.0,10.0,20.2,Cloudy
5353,Từ Vòng Xoay Trần Phú đến ĐHSP,2025-07-30 07:26:00,0,FRC4,19,28,302,205,1,False,10.760883668675298,106.6826449653469,0.0,10.0,20.2,Cloudy
5354,Từ Ngã Sáu Cộng Hòa đến An Dương Vương,2025-07-30 07:46:00,500,FRC3,21,33,1195,760,1,False,10.765163027177051,106.68176325830919,0.0,10.0,20.2,Cloudy
5355,Từ Ngã Sáu Cộng Hòa đến An Dương Vương,2025-07-30 07:46:00,400,FRC3,21,33,1195,760,1,False,10.764283334954333,106.68210132878986,0.0,10.0,20.2,Cloudy
5356,Từ Ngã Sáu Cộng Hòa đến An Dương Vương,2025-07-30 07:46:00,300,FRC3,21,33,1195,760,1,False,10.763480856227291,106.68240386571111,0.0,10.0,20.2,Cloudy
5357,Từ Ngã Sáu Cộng Hòa đến An Dương Vương,2025-07-30 07:46:00,200,FRC3,21,33,1195,760,1,False,10.762642918836454,106.6827364596283,0.0,10.0,20.2,Cloudy
5358,Từ Ngã Sáu Cộng Hòa đến An Dương Vương,2025-07-30 07:46:00,100,FRC3,21,33,1195,760,1,False,10.7619261906941,106.68302613820323,0.0,10.0,20.2,Cloudy
5359,Từ Ngã Sáu Cộng Hòa đến An Dương Vương,2025-07-30 07:46:00,0,FRC3,21,33,1195,760,1,False,10.761156760056346,106.68331581677815,0.0,10.0,20.2,Cloudy
5360,Từ Cầu Nguyễn Văn Cừ đến An Dương Vương,2025-07-30 07:46:00,700,FRC2,26,35,611,454,1,False,10.755556817425111,106.68578400873503,0.0,10.0,20.2,Cloudy
5361,Từ Cầu Nguyễn Văn Cừ đến An Dương Vương,2025-07-30 07:46:00,600,FRC2,26,35,611,454,1,False,10.756358876280022,106.6853232069683,0.0,10.0,20.2,Cloudy
5362,Từ Cầu Nguyễn Văn Cừ đến An Dương Vương,2025-07-30 07:46:00,500,FRC2,26,35,611,454,1,False,10.757138847709548,106.684944289696,0.0,10.0,20.2,Cloudy
5363,Từ Cầu Nguyễn Văn Cừ đến An Dương Vương,2025-07-30 07:46:00,400,FRC2,26,35,611,454,1,False,10.757963133528543,106.68463303622572,0.0,10.0,20.2,Cloudy
5364,Từ Cầu Nguyễn Văn Cừ đến An Dương Vương,2025-07-30 07:46:00,300,FRC2,26,35,611,454,1,False,10.758623446871004,106.68435335919212,0.0,10.0,20.2,Cloudy
5365,Từ Cầu Nguyễn Văn Cừ đến An Dương Vương,2025-07-30 07:46:00,200,FRC6,19,26,893,652,1,False,10.759478749919925,106.68406917123804,0.0,10.0,20.2,Cloudy
5366,Từ Cầu Nguyễn Văn Cừ đến An Dương Vương,2025-07-30 07:46:00,100,FRC2,26,35,611,454,1,False,10.760311892549737,106.68371280856688,0.0,10.0,20.2,Cloudy
5367,Từ Cầu Nguyễn Văn Cừ đến An Dương Vương,2025-07-30 07:46:00,0,FRC2,26,35,611,454,1,False,10.761189348756318,106.68340155509297,0.0,10.0,20.2,Cloudy
5368,Từ Vòng Xoay Trần Phú đến ĐHSP,2025-07-30 07:46:00,1000,FRC4,21,28,273,205,1,False,10.757533515349062,106.67414436746735,0.0,10.0,20.2,Cloudy
5369,Từ Vòng Xoay Trần Phú đến ĐHSP,2025-07-30 07:46:00,900,FRC4,21,28,273,205,1,False,10.757824186413304,106.67502060044893,0.0,10.0,20.2,Cloudy
5370,Từ Vòng Xoay Trần Phú đến ĐHSP,2025-07-30 07:46:00,800,FRC4,21,28,273,205,1,False,10.758126036834728,106.67584372840122,0.0,10.0,20.2,Cloudy
5371,Từ Vòng Xoay Trần Phú đến ĐHSP,2025-07-30 07:46:00,700,FRC4,21,28,273,205,1,False,10.758483785091158,106.67667444278729,0.0,10.0,20.2,Cloudy
5372,Từ Vòng Xoay Trần Phú đến ĐHSP,2025-07-30 07:46:00,600,FRC4,21,28,273,205,1,False,10.758740916389923,106.67733446243443,0.0,10.0,20.2,Cloudy
5373,Từ Vòng Xoay Trần Phú đến ĐHSP,2025-07-30 07:46:00,500,FRC4,18,28,322,207,1,False,10.759121023128003,106.67817276325134,0.0,10.0,20.2,Cloudy
5374,Từ Vòng Xoay Trần Phú đến ĐHSP,2025-07-30 07:46:00,400,FRC4,18,28,322,207,1,False,10.759445231432741,106.6790186505005,0.0,10.0,20.2,Cloudy
5375,Từ Vòng Xoay Trần Phú đến ĐHSP,2025-07-30 07:46:00,300,FRC4,18,28,322,207,1,False,10.759784345493584,106.67986453775157,0.0,10.0,20.2,Cloudy
5376,Từ Vòng Xoay Trần Phú đến ĐHSP,2025-07-30 07:46:00,200,FRC4,18,28,322,207,1,False,10.76013091221701,106.68072559786684,0.0,10.0,20.2,Cloudy
5377,Từ Vòng Xoay Trần Phú đến ĐHSP,2025-07-30 07:46:00,100,FRC4,21,28,273,205,1,False,10.760458845955434,106.6815638986815,0.0,10.0,20.2,Cloudy
5378,Từ Vòng Xoay Trần Phú đến ĐHSP,2025-07-30 07:46:00,0,FRC4,21,28,273,205,1,False,10.760883668675298,106.6826449653469,0.0,10.0,20.2,Cloudy
5379,Từ Ngã Sáu Cộng Hòa đến An Dương Vương,2025-07-30 08:22:00,500,FRC3,23,33,1091,760,1,False,10.765163027177051,106.68176325830919,0.0,10.0,20.9,Partly cloudy
5380,Từ Ngã Sáu Cộng Hòa đến An Dương Vương,2025-07-30 08:22:00,400,FRC3,23,33,1091,760,1,False,10.764283334954333,106.68210132878986,0.0,10.0,20.9,Partly cloudy
5381,Từ Ngã Sáu Cộng Hòa đến An Dương Vương,2025-07-30 08:22:00,300,FRC3,23,33,1091,760,1,False,10.763480856227291,106.68240386571111,0.0,10.0,20.9,Partly cloudy
5382,Từ Ngã Sáu Cộng Hòa đến An Dương Vương,2025-07-30 08:22:00,200,FRC3,23,33,1091,760,1,False,10.762642918836454,106.6827364596283,0.0,10.0,20.9,Partly cloudy
5383,Từ Ngã Sáu Cộng Hòa đến An Dương Vương,2025-07-30 08:22:00,100,FRC3,23,33,1091,760,1,False,10.7619261906941,106.68302613820323,0.0,10.0,20.9,Partly cloudy
5384,Từ Ngã Sáu Cộng Hòa đến An Dương Vương,2025-07-30 08:22:00,0,FRC3,23,33,1091,760,1,False,10.761156760056346,106.68331581677815,0.0,10.0,20.9,Partly cloudy
5385,Từ Cầu Nguyễn Văn Cừ đến An Dương Vương,2025-07-30 08:22:00,700,FRC2,25,35,636,454,1,False,10.755556817425111,106.68578400873503,0.0,10.0,20.9,Partly cloudy
5386,Từ Cầu Nguyễn Văn Cừ đến An Dương Vương,2025-07-30 08:22:00,600,FRC2,25,35,636,454,1,False,10.756358876280022,106.6853232069683,0.0,10.0,20.9,Partly cloudy
5387,Từ Cầu Nguyễn Văn Cừ đến An Dương Vương,2025-07-30 08:22:00,500,FRC2,25,35,636,454,1,False,10.757138847709548,106.684944289696,0.0,10.0,20.9,Partly cloudy
5388,Từ Cầu Nguyễn Văn Cừ đến An Dương Vương,2025-07-30 08:22:00,400,FRC2,25,35,636,454,1,False,10.757963133528543,106.68463303622572,0.0,10.0,20.9,Partly cloudy
5389,Từ Cầu Nguyễn Văn Cừ đến An Dương Vương,2025-07-30 08:22:00,300,FRC2,25,35,636,454,1,False,10.758623446871004,106.68435335919212,0.0,10.0,20.9,Partly cloudy
5390,Từ Cầu Nguyễn Văn Cừ đến An Dương Vương,2025-07-30 08:22:00,200,FRC6,19,27,893,628,1,False,10.759478749919925,106.68406917123804,0.0,10.0,20.9,Partly cloudy
5391,Từ Cầu Nguyễn Văn Cừ đến An Dương Vương,2025-07-30 08:22:00,100,FRC2,25,35,636,454,1,False,10.760311892549737,106.68371280856688,0.0,10.0,20.9,Partly cloudy
5392,Từ Cầu Nguyễn Văn Cừ đến An Dương Vương,2025-07-30 08:22:00,0,FRC2,25,35,636,454,1,False,10.761189348756318,106.68340155509297,0.0,10.0,20.9,Partly cloudy
5393,Từ Vòng Xoay Trần Phú đến ĐHSP,2025-07-30 08:22:00,1000,FRC4,20,27,287,212,1,False,10.757533515349062,106.67414436746735,0.0,10.0,20.9,Partly cloudy
5394,Từ Vòng Xoay Trần Phú đến ĐHSP,2025-07-30 08:22:00,900,FRC4,20,27,287,212,1,False,10.757824186413304,106.67502060044893,0.0,10.0,20.9,Partly cloudy
5395,Từ Vòng Xoay Trần Phú đến ĐHSP,2025-07-30 08:22:00,800,FRC4,20,27,287,212,1,False,10.758126036834728,106.67584372840122,0.0,10.0,20.9,Partly cloudy
5396,Từ Vòng Xoay Trần Phú đến ĐHSP,2025-07-30 08:22:00,700,FRC4,20,27,287,212,1,False,10.758483785091158,106.67667444278729,0.0,10.0,20.9,Partly cloudy
5397,Từ Vòng Xoay Trần Phú đến ĐHSP,2025-07-30 08:22:00,600,FRC4,20,27,287,212,1,False,10.758740916389923,106.67733446243443,0.0,10.0,20.9,Partly cloudy
5398,Từ Vòng Xoay Trần Phú đến ĐHSP,2025-07-30 08:22:00,500,FRC4,22,28,263,207,1,False,10.759121023128003,106.67817276325134,0.0,10.0,20.9,Partly cloudy
5399,Từ Vòng Xoay Trần Phú đến ĐHSP,2025-07-30 08:22:00,400,FRC4,22,28,263,207,1,False,10.759445231432741,106.6790186505005,0.0,10.0,20.9,Partly cloudy
5400,Từ Vòng Xoay Trần Phú đến ĐHSP,2025-07-30 08:22:00,300,FRC4,22,28,263,207,1,False,10.759784345493584,106.67986453775157,0.0,10.0,20.9,Partly cloudy
5401,Từ Vòng Xoay Trần Phú đến ĐHSP,2025-07-30 08:22:00,200,FRC4,22,28,263,207,1,False,10.76013091221701,106.68072559786684,0.0,10.0,20.9,Partly cloudy
5402,Từ Vòng Xoay Trần Phú đến ĐHSP,2025-07-30 08:22:00,100,FRC4,20,27,287,212,1,False,10.760458845955434,106.6815638986815,0.0,10.0,20.9,Partly cloudy
5403,Từ Vòng Xoay Trần Phú đến ĐHSP,2025-07-30 08:22:00,0,FRC4,20,27,287,212,1,False,10.760883668675298,106.6826449653469,0.0,10.0,20.9,Partly cloudy
5404,Từ Ngã Sáu Cộng Hòa đến An Dương Vương,2025-07-30 08:52:00,500,FRC3,21,33,1195,760,1,False,10.765163027177051,106.68176325830919,0.0,10.0,23.4,Partly cloudy
5405,Từ Ngã Sáu Cộng Hòa đến An Dương Vương,2025-07-30 08:52:00,400,FRC3,21,33,1195,760,1,False,10.764283334954333,106.68210132878986,0.0,10.0,20.9,Partly cloudy
5406,Từ Ngã Sáu Cộng Hòa đến An Dương Vương,2025-07-30 08:52:00,300,FRC3,21,33,1195,760,1,False,10.763480856227291,106.68240386571111,0.0,10.0,23.4,Partly cloudy
5407,Từ Ngã Sáu Cộng Hòa đến An Dương Vương,2025-07-30 08:52:00,200,FRC3,21,33,1195,760,1,False,10.762642918836454,106.6827364596283,0.0,10.0,23.4,Partly cloudy
5408,Từ Ngã Sáu Cộng Hòa đến An Dương Vương,2025-07-30 08:52:00,100,FRC3,21,33,1195,760,1,False,10.7619261906941,106.68302613820323,0.0,10.0,20.9,Partly cloudy
5409,Từ Ngã Sáu Cộng Hòa đến An Dương Vương,2025-07-30 08:52:00,0,FRC3,21,33,1195,760,1,False,10.761156760056346,106.68331581677815,0.0,10.0,23.4,Partly cloudy
5410,Từ Cầu Nguyễn Văn Cừ đến An Dương Vương,2025-07-30 08:52:00,700,FRC2,26,35,611,454,1,False,10.755556817425111,106.68578400873503,0.0,10.0,23.4,Partly cloudy
5411,Từ Cầu Nguyễn Văn Cừ đến An Dương Vương,2025-07-30 08:52:00,600,FRC2,26,35,611,454,1,False,10.756358876280022,106.6853232069683,0.0,10.0,20.9,Partly cloudy
5412,Từ Cầu Nguyễn Văn Cừ đến An Dương Vương,2025-07-30 08:52:00,500,FRC2,26,35,611,454,1,False,10.757138847709548,106.684944289696,0.0,10.0,20.9,Partly cloudy
5413,Từ Cầu Nguyễn Văn Cừ đến An Dương Vương,2025-07-30 08:52:00,400,FRC2,26,35,611,454,1,False,10.757963133528543,106.68463303622572,0.0,10.0,20.9,Partly cloudy
5414,Từ Cầu Nguyễn Văn Cừ đến An Dương Vương,2025-07-30 08:52:00,300,FRC2,26,35,611,454,1,False,10.758623446871004,106.68435335919212,0.0,10.0,20.9,Partly cloudy
5415,Từ Cầu Nguyễn Văn Cừ đến An Dương Vương,2025-07-30 08:52:00,200,FRC6,18,26,943,652,1,False,10.759478749919925,106.68406917123804,0.0,10.0,23.4,Partly cloudy
5416,Từ Cầu Nguyễn Văn Cừ đến An Dương Vương,2025-07-30 08:52:00,100,FRC2,26,35,611,454,1,False,10.760311892549737,106.68371280856688,0.0,10.0,23.4,Partly cloudy
5417,Từ Cầu Nguyễn Văn Cừ đến An Dương Vương,2025-07-30 08:52:00,0,FRC2,26,35,611,454,1,False,10.761189348756318,106.68340155509297,0.0,10.0,20.9,Partly cloudy
5418,Từ Vòng Xoay Trần Phú đến ĐHSP,2025-07-30 08:52:00,1000,FRC4,21,29,273,198,1,False,10.757533515349062,106.67414436746735,0.0,10.0,23.4,Partly cloudy
5419,Từ Vòng Xoay Trần Phú đến ĐHSP,2025-07-30 08:52:00,900,FRC4,21,29,273,198,1,False,10.757824186413304,106.67502060044893,0.0,10.0,20.9,Partly cloudy
5420,Từ Vòng Xoay Trần Phú đến ĐHSP,2025-07-30 08:52:00,800,FRC4,21,29,273,198,1,False,10.758126036834728,106.67584372840122,0.0,10.0,23.4,Partly cloudy
5421,Từ Vòng Xoay Trần Phú đến ĐHSP,2025-07-30 08:52:00,700,FRC4,21,29,273,198,1,False,10.758483785091158,106.67667444278729,0.0,10.0,20.9,Partly cloudy
5422,Từ Vòng Xoay Trần Phú đến ĐHSP,2025-07-30 08:52:00,600,FRC4,21,29,273,198,1,False,10.758740916389923,106.67733446243443,0.0,10.0,23.4,Partly cloudy
5423,Từ Vòng Xoay Trần Phú đến ĐHSP,2025-07-30 08:52:00,500,FRC4,20,28,289,207,1,False,10.759121023128003,106.67817276325134,0.0,10.0,20.9,Partly cloudy
5424,Từ Vòng Xoay Trần Phú đến ĐHSP,2025-07-30 08:52:00,400,FRC4,20,28,289,207,1,False,10.759445231432741,106.6790186505005,0.0,10.0,20.9,Partly cloudy
5425,Từ Vòng Xoay Trần Phú đến ĐHSP,2025-07-30 08:52:00,300,FRC4,20,28,289,207,1,False,10.759784345493584,106.67986453775157,0.0,10.0,20.9,Partly cloudy
5426,Từ Vòng Xoay Trần Phú đến ĐHSP,2025-07-30 08:52:00,200,FRC4,20,28,289,207,1,False,10.76013091221701,106.68072559786684,0.0,10.0,20.9,Partly cloudy
5427,Từ Vòng Xoay Trần Phú đến ĐHSP,2025-07-30 08:52:00,100,FRC4,21,29,273,198,1,False,10.760458845955434,106.6815638986815,0.0,10.0,20.9,Partly cloudy
5428,Từ Vòng Xoay Trần Phú đến ĐHSP,2025-07-30 08:52:00,0,FRC4,21,29,273,198,1,False,10.760883668675298,106.6826449653469,0.0,10.0,20.9,Partly cloudy
5429,Từ Ngã Sáu Cộng Hòa đến An Dương Vương,2025-07-30 11:18:00,500,FRC3,18,33,1394,760,1,False,10.765163027177051,106.68176325830919,0.0,10.0,20.2,Partly Cloudy
5430,Từ Ngã Sáu Cộng Hòa đến An Dương Vương,2025-07-30 11:18:00,400,FRC3,18,33,1394,760,1,False,10.764283334954333,106.68210132878986,0.0,10.0,20.2,Partly Cloudy
5431,Từ Ngã Sáu Cộng Hòa đến An Dương Vương,2025-07-30 11:18:00,300,FRC3,18,33,1394,760,1,False,10.763480856227291,106.68240386571111,0.0,10.0,20.2,Partly Cloudy
5432,Từ Ngã Sáu Cộng Hòa đến An Dương Vương,2025-07-30 11:18:00,200,FRC3,18,33,1394,760,1,False,10.762642918836454,106.6827364596283,0.0,10.0,20.2,Partly Cloudy
5433,Từ Ngã Sáu Cộng Hòa đến An Dương Vương,2025-07-30 11:18:00,100,FRC3,18,33,1394,760,1,False,10.7619261906941,106.68302613820323,0.0,10.0,20.2,Partly Cloudy
5434,Từ Ngã Sáu Cộng Hòa đến An Dương Vương,2025-07-30 11:18:00,0,FRC3,18,33,1394,760,1,False,10.761156760056346,106.68331581677815,0.0,10.0,20.2,Partly Cloudy
5435,Từ Cầu Nguyễn Văn Cừ đến An Dương Vương,2025-07-30 11:18:00,700,FRC2,20,35,795,454,1,False,10.755556817425111,106.68578400873503,0.0,10.0,20.2,Partly Cloudy
5436,Từ Cầu Nguyễn Văn Cừ đến An Dương Vương,2025-07-30 11:18:00,600,FRC2,20,35,795,454,1,False,10.756358876280022,106.6853232069683,0.0,10.0,20.2,Partly Cloudy
5437,Từ Cầu Nguyễn Văn Cừ đến An Dương Vương,2025-07-30 11:18:00,500,FRC2,20,35,795,454,1,False,10.757138847709548,106.684944289696,0.0,10.0,20.2,Partly Cloudy
5438,Từ Cầu Nguyễn Văn Cừ đến An Dương Vương,2025-07-30 11:18:00,400,FRC2,20,35,795,454,1,False,10.757963133528543,106.68463303622572,0.0,10.0,20.2,Partly Cloudy
5439,Từ Cầu Nguyễn Văn Cừ đến An Dương Vương,2025-07-30 11:18:00,300,FRC2,20,35,795,454,1,False,10.758623446871004,106.68435335919212,0.0,10.0,20.2,Partly Cloudy
5440,Từ Cầu Nguyễn Văn Cừ đến An Dương Vương,2025-07-30 11:18:00,200,FRC6,18,27,943,628,1,False,10.759478749919925,106.68406917123804,0.0,10.0,20.2,Partly Cloudy
5441,Từ Cầu Nguyễn Văn Cừ đến An Dương Vương,2025-07-30 11:18:00,100,FRC2,20,35,795,454,1,False,10.760311892549737,106.68371280856688,0.0,10.0,20.2,Partly Cloudy
5442,Từ Cầu Nguyễn Văn Cừ đến An Dương Vương,2025-07-30 11:18:00,0,FRC2,20,35,795,454,1,False,10.761189348756318,106.68340155509297,0.0,10.0,20.2,Partly Cloudy
5443,Từ Vòng Xoay Trần Phú đến ĐHSP,2025-07-30 11:18:00,1000,FRC4,18,28,319,205,1,False,10.757533515349062,106.67414436746735,0.0,10.0,20.2,Partly Cloudy
5444,Từ Vòng Xoay Trần Phú đến ĐHSP,2025-07-30 11:18:00,900,FRC4,18,28,319,205,1,False,10.757824186413304,106.67502060044893,0.0,10.0,20.2,Partly Cloudy
5445,Từ Vòng Xoay Trần Phú đến ĐHSP,2025-07-30 11:18:00,800,FRC4,18,28,319,205,1,False,10.758126036834728,106.67584372840122,0.0,10.0,20.2,Partly Cloudy
5446,Từ Vòng Xoay Trần Phú đến ĐHSP,2025-07-30 11:18:00,700,FRC4,18,28,319,205,1,False,10.758483785091158,106.67667444278729,0.0,10.0,20.2,Partly Cloudy
5447,Từ Vòng Xoay Trần Phú đến ĐHSP,2025-07-30 11:18:00,600,FRC4,18,28,319,205,1,False,10.758740916389923,106.67733446243443,0.0,10.0,20.2,Partly Cloudy
5448,Từ Vòng Xoay Trần Phú đến ĐHSP,2025-07-30 11:18:00,500,FRC4,20,28,289,207,1,False,10.759121023128003,106.67817276325134,0.0,10.0,20.2,Partly Cloudy
5449,Từ Vòng Xoay Trần Phú đến ĐHSP,2025-07-30 11:18:00,400,FRC4,20,28,289,207,1,False,10.759445231432741,106.6790186505005,0.0,10.0,20.2,Partly Cloudy
5450,Từ Vòng Xoay Trần Phú đến ĐHSP,2025-07-30 11:18:00,300,FRC4,20,28,289,207,1,False,10.759784345493584,106.67986453775157,0.0,10.0,20.2,Partly Cloudy
5451,Từ Vòng Xoay Trần Phú đến ĐHSP,2025-07-30 11:18:00,200,FRC4,20,28,289,207,1,False,10.76013091221701,106.68072559786684,0.0,10.0,20.2,Partly Cloudy
5452,Từ Vòng Xoay Trần Phú đến ĐHSP,2025-07-30 11:18:00,100,FRC4,18,28,319,205,1,False,10.760458845955434,106.6815638986815,0.0,10.0,20.2,Partly Cloudy
5453,Từ Vòng Xoay Trần Phú đến ĐHSP,2025-07-30 11:18:00,0,FRC4,18,28,319,205,1,False,10.760883668675298,106.6826449653469,0.0,10.0,20.2,Partly Cloudy
5454,Từ Ngã Sáu Cộng Hòa đến An Dương Vương,2025-07-30 11:41:00,500,FRC3,18,33,1394,760,1,False,10.765163027177051,106.68176325830919,0.0,10.0,20.2,Partly Cloudy
5455,Từ Ngã Sáu Cộng Hòa đến An Dương Vương,2025-07-30 11:41:00,400,FRC3,18,33,1394,760,1,False,10.764283334954333,106.68210132878986,0.0,10.0,20.2,Partly Cloudy
5456,Từ Ngã Sáu Cộng Hòa đến An Dương Vương,2025-07-30 11:41:00,300,FRC3,18,33,1394,760,1,False,10.763480856227291,106.68240386571111,0.0,10.0,20.2,Partly Cloudy
5457,Từ Ngã Sáu Cộng Hòa đến An Dương Vương,2025-07-30 11:41:00,200,FRC3,18,33,1394,760,1,False,10.762642918836454,106.6827364596283,0.0,10.0,20.2,Partly Cloudy
5458,Từ Ngã Sáu Cộng Hòa đến An Dương Vương,2025-07-30 11:41:00,100,FRC3,18,33,1394,760,1,False,10.7619261906941,106.68302613820323,0.0,10.0,20.2,Partly Cloudy
5459,Từ Ngã Sáu Cộng Hòa đến An Dương Vương,2025-07-30 11:41:00,0,FRC3,18,33,1394,760,1,False,10.761156760056346,106.68331581677815,0.0,10.0,20.2,Partly Cloudy
5460,Từ Cầu Nguyễn Văn Cừ đến An Dương Vương,2025-07-30 11:41:00,700,FRC2,21,34,757,467,1,False,10.755556817425111,106.68578400873503,0.0,10.0,20.2,Partly Cloudy
5461,Từ Cầu Nguyễn Văn Cừ đến An Dương Vương,2025-07-30 11:41:00,600,FRC2,21,34,757,467,1,False,10.756358876280022,106.6853232069683,0.0,10.0,20.2,Partly Cloudy
5462,Từ Cầu Nguyễn Văn Cừ đến An Dương Vương,2025-07-30 11:41:00,500,FRC2,21,34,757,467,1,False,10.757138847709548,106.684944289696,0.0,10.0,20.2,Partly Cloudy
5463,Từ Cầu Nguyễn Văn Cừ đến An Dương Vương,2025-07-30 11:41:00,400,FRC2,21,34,757,467,1,False,10.757963133528543,106.68463303622572,0.0,10.0,20.2,Partly Cloudy
5464,Từ Cầu Nguyễn Văn Cừ đến An Dương Vương,2025-07-30 11:41:00,300,FRC2,21,34,757,467,1,False,10.758623446871004,106.68435335919212,0.0,10.0,20.2,Partly Cloudy
5465,Từ Cầu Nguyễn Văn Cừ đến An Dương Vương,2025-07-30 11:41:00,200,FRC6,18,26,943,652,1,False,10.759478749919925,106.68406917123804,0.0,10.0,20.2,Partly Cloudy
5466,Từ Cầu Nguyễn Văn Cừ đến An Dương Vương,2025-07-30 11:41:00,100,FRC2,21,34,757,467,1,False,10.760311892549737,106.68371280856688,0.0,10.0,20.2,Partly Cloudy
5467,Từ Cầu Nguyễn Văn Cừ đến An Dương Vương,2025-07-30 11:41:00,0,FRC2,21,34,757,467,1,False,10.761189348756318,106.68340155509297,0.0,10.0,20.2,Partly Cloudy
5468,Từ Vòng Xoay Trần Phú đến ĐHSP,2025-07-30 11:41:00,1000,FRC4,20,28,287,205,1,False,10.757533515349062,106.67414436746735,0.0,10.0,20.2,Partly Cloudy
5469,Từ Vòng Xoay Trần Phú đến ĐHSP,2025-07-30 11:41:00,900,FRC4,20,28,287,205,1,False,10.757824186413304,106.67502060044893,0.0,10.0,20.2,Partly Cloudy
5470,Từ Vòng Xoay Trần Phú đến ĐHSP,2025-07-30 11:41:00,800,FRC4,20,28,287,205,1,False,10.758126036834728,106.67584372840122,0.0,10.0,20.2,Partly Cloudy
5471,Từ Vòng Xoay Trần Phú đến ĐHSP,2025-07-30 11:41:00,700,FRC4,20,28,287,205,1,False,10.758483785091158,106.67667444278729,0.0,10.0,20.2,Partly Cloudy
5472,Từ Vòng Xoay Trần Phú đến ĐHSP,2025-07-30 11:41:00,600,FRC4,20,28,287,205,1,False,10.758740916389923,106.67733446243443,0.0,10.0,20.2,Partly Cloudy
5473,Từ Vòng Xoay Trần Phú đến ĐHSP,2025-07-30 11:41:00,500,FRC4,20,28,289,207,1,False,10.759121023128003,106.67817276325134,0.0,10.0,20.2,Partly Cloudy
5474,Từ Vòng Xoay Trần Phú đến ĐHSP,2025-07-30 11:41:00,400,FRC4,20,28,289,207,1,False,10.759445231432741,106.6790186505005,0.0,10.0,20.2,Partly Cloudy
5475,Từ Vòng Xoay Trần Phú đến ĐHSP,2025-07-30 11:41:00,300,FRC4,20,28,289,207,1,False,10.759784345493584,106.67986453775157,0.0,10.0,20.2,Partly Cloudy
5476,Từ Vòng Xoay Trần Phú đến ĐHSP,2025-07-30 11:41:00,200,FRC4,20,28,289,207,1,False,10.76013091221701,106.68072559786684,0.0,10.0,20.2,Partly Cloudy
5477,Từ Vòng Xoay Trần Phú đến ĐHSP,2025-07-30 11:41:00,100,FRC4,20,28,287,205,1,False,10.760458845955434,106.6815638986815,0.0,10.0,20.2,Partly Cloudy
5478,Từ Vòng Xoay Trần Phú đến ĐHSP,2025-07-30 11:41:00,0,FRC4,20,28,287,205,1,False,10.760883668675298,106.6826449653469,0.0,10.0,20.2,Partly Cloudy
5479,Từ Ngã Sáu Cộng Hòa đến An Dương Vương,2025-07-30 11:52:00,500,FRC3,19,33,1321,760,1,False,10.765163027177051,106.68176325830919,0.0,10.0,18.7,Partly Cloudy
5480,Từ Ngã Sáu Cộng Hòa đến An Dương Vương,2025-07-30 11:52:00,400,FRC3,19,33,1321,760,1,False,10.764283334954333,106.68210132878986,0.0,10.0,20.2,Partly Cloudy
5481,Từ Ngã Sáu Cộng Hòa đến An Dương Vương,2025-07-30 11:52:00,300,FRC3,19,33,1321,760,1,False,10.763480856227291,106.68240386571111,0.0,10.0,20.2,Partly Cloudy
5482,Từ Ngã Sáu Cộng Hòa đến An Dương Vương,2025-07-30 11:52:00,200,FRC3,19,33,1321,760,1,False,10.762642918836454,106.6827364596283,0.0,10.0,18.7,Partly Cloudy
5483,Từ Ngã Sáu Cộng Hòa đến An Dương Vương,2025-07-30 11:52:00,100,FRC3,19,33,1321,760,1,False,10.7619261906941,106.68302613820323,0.0,10.0,20.2,Partly Cloudy
5484,Từ Ngã Sáu Cộng Hòa đến An Dương Vương,2025-07-30 11:52:00,0,FRC3,19,33,1321,760,1,False,10.761156760056346,106.68331581677815,0.0,10.0,20.2,Partly Cloudy
5485,Từ Cầu Nguyễn Văn Cừ đến An Dương Vương,2025-07-30 11:52:00,700,FRC2,23,34,691,467,1,False,10.755556817425111,106.68578400873503,0.0,10.0,18.7,Partly Cloudy
5486,Từ Cầu Nguyễn Văn Cừ đến An Dương Vương,2025-07-30 11:52:00,600,FRC2,23,34,691,467,1,False,10.756358876280022,106.6853232069683,0.0,10.0,20.2,Partly Cloudy
5487,Từ Cầu Nguyễn Văn Cừ đến An Dương Vương,2025-07-30 11:52:00,500,FRC2,23,34,691,467,1,False,10.757138847709548,106.684944289696,0.0,10.0,18.7,Partly Cloudy
5488,Từ Cầu Nguyễn Văn Cừ đến An Dương Vương,2025-07-30 11:52:00,400,FRC2,23,34,691,467,1,False,10.757963133528543,106.68463303622572,0.0,10.0,18.7,Partly Cloudy
5489,Từ Cầu Nguyễn Văn Cừ đến An Dương Vương,2025-07-30 11:52:00,300,FRC2,23,34,691,467,1,False,10.758623446871004,106.68435335919212,0.0,10.0,20.2,Partly Cloudy
5490,Từ Cầu Nguyễn Văn Cừ đến An Dương Vương,2025-07-30 11:52:00,200,FRC6,18,27,943,628,1,False,10.759478749919925,106.68406917123804,0.0,10.0,20.2,Partly Cloudy
5491,Từ Cầu Nguyễn Văn Cừ đến An Dương Vương,2025-07-30 11:52:00,100,FRC2,22,34,722,467,1,False,10.760311892549737,106.68371280856688,0.0,10.0,20.2,Partly Cloudy
5492,Từ Cầu Nguyễn Văn Cừ đến An Dương Vương,2025-07-30 11:52:00,0,FRC2,22,34,722,467,1,False,10.761189348756318,106.68340155509297,0.0,10.0,18.7,Partly Cloudy
5493,Từ Vòng Xoay Trần Phú đến ĐHSP,2025-07-30 11:52:00,1000,FRC4,21,27,273,212,1,False,10.757533515349062,106.67414436746735,0.0,10.0,20.2,Partly Cloudy
5494,Từ Vòng Xoay Trần Phú đến ĐHSP,2025-07-30 11:52:00,900,FRC4,21,27,273,212,1,False,10.757824186413304,106.67502060044893,0.0,10.0,20.2,Partly Cloudy
5495,Từ Vòng Xoay Trần Phú đến ĐHSP,2025-07-30 11:52:00,800,FRC4,21,27,273,212,1,False,10.758126036834728,106.67584372840122,0.0,10.0,20.2,Partly Cloudy
5496,Từ Vòng Xoay Trần Phú đến ĐHSP,2025-07-30 11:52:00,700,FRC4,21,27,273,212,1,False,10.758483785091158,106.67667444278729,0.0,10.0,20.2,Partly Cloudy
5497,Từ Vòng Xoay Trần Phú đến ĐHSP,2025-07-30 11:52:00,600,FRC4,21,27,273,212,1,False,10.758740916389923,106.67733446243443,0.0,10.0,20.2,Partly Cloudy
5498,Từ Vòng Xoay Trần Phú đến ĐHSP,2025-07-30 11:52:00,500,FRC4,28,28,207,207,1,False,10.759121023128003,106.67817276325134,0.0,10.0,20.2,Partly Cloudy
5499,Từ Vòng Xoay Trần Phú đến ĐHSP,2025-07-30 11:52:00,400,FRC4,28,28,207,207,1,False,10.759445231432741,106.6790186505005,0.0,10.0,20.2,Partly Cloudy
5500,Từ Vòng Xoay Trần Phú đến ĐHSP,2025-07-30 11:52:00,300,FRC4,28,28,207,207,1,False,10.759784345493584,106.67986453775157,0.0,10.0,18.7,Partly Cloudy
5501,Từ Vòng Xoay Trần Phú đến ĐHSP,2025-07-30 11:52:00,200,FRC4,28,28,207,207,1,False,10.76013091221701,106.68072559786684,0.0,10.0,18.7,Partly Cloudy
5502,Từ Vòng Xoay Trần Phú đến ĐHSP,2025-07-30 11:52:00,100,FRC4,21,27,273,212,1,False,10.760458845955434,106.6815638986815,0.0,10.0,20.2,Partly Cloudy
5503,Từ Vòng Xoay Trần Phú đến ĐHSP,2025-07-30 11:52:00,0,FRC4,21,27,273,212,1,False,10.760883668675298,106.6826449653469,0.0,10.0,18.7,Partly Cloudy
5504,Từ Ngã Sáu Cộng Hòa đến An Dương Vương,2025-07-30 12:43:00,500,FRC3,21,33,1195,760,1,False,10.765163027177051,106.68176325830919,0.0,10.0,18.7,Partly Cloudy
5505,Từ Ngã Sáu Cộng Hòa đến An Dương Vương,2025-07-30 12:43:00,400,FRC3,21,33,1195,760,1,False,10.764283334954333,106.68210132878986,0.0,10.0,18.7,Partly Cloudy
5506,Từ Ngã Sáu Cộng Hòa đến An Dương Vương,2025-07-30 12:43:00,300,FRC3,21,33,1195,760,1,False,10.763480856227291,106.68240386571111,0.0,10.0,18.7,Partly Cloudy
5507,Từ Ngã Sáu Cộng Hòa đến An Dương Vương,2025-07-30 12:43:00,200,FRC3,21,33,1195,760,1,False,10.762642918836454,106.6827364596283,0.0,10.0,18.7,Partly Cloudy
5508,Từ Ngã Sáu Cộng Hòa đến An Dương Vương,2025-07-30 12:43:00,100,FRC3,21,33,1195,760,1,False,10.7619261906941,106.68302613820323,0.0,10.0,18.7,Partly Cloudy
5509,Từ Ngã Sáu Cộng Hòa đến An Dương Vương,2025-07-30 12:43:00,0,FRC3,21,33,1195,760,1,False,10.761156760056346,106.68331581677815,0.0,10.0,18.7,Partly Cloudy
5510,Từ Cầu Nguyễn Văn Cừ đến An Dương Vương,2025-07-30 12:43:00,700,FRC2,25,34,636,467,1,False,10.755556817425111,106.68578400873503,0.0,10.0,18.7,Partly Cloudy
5511,Từ Cầu Nguyễn Văn Cừ đến An Dương Vương,2025-07-30 12:43:00,600,FRC2,25,34,636,467,1,False,10.756358876280022,106.6853232069683,0.0,10.0,18.7,Partly Cloudy
5512,Từ Cầu Nguyễn Văn Cừ đến An Dương Vương,2025-07-30 12:43:00,500,FRC2,25,34,636,467,1,False,10.757138847709548,106.684944289696,0.0,10.0,18.7,Partly Cloudy
5513,Từ Cầu Nguyễn Văn Cừ đến An Dương Vương,2025-07-30 12:43:00,400,FRC2,25,34,636,467,1,False,10.757963133528543,106.68463303622572,0.0,10.0,18.7,Partly Cloudy
5514,Từ Cầu Nguyễn Văn Cừ đến An Dương Vương,2025-07-30 12:43:00,300,FRC2,25,34,636,467,1,False,10.758623446871004,106.68435335919212,0.0,10.0,18.7,Partly Cloudy
5515,Từ Cầu Nguyễn Văn Cừ đến An Dương Vương,2025-07-30 12:43:00,200,FRC6,18,26,943,652,1,False,10.759478749919925,106.68406917123804,0.0,10.0,18.7,Partly Cloudy
5516,Từ Cầu Nguyễn Văn Cừ đến An Dương Vương,2025-07-30 12:43:00,100,FRC2,25,34,636,467,1,False,10.760311892549737,106.68371280856688,0.0,10.0,18.7,Partly Cloudy
5517,Từ Cầu Nguyễn Văn Cừ đến An Dương Vương,2025-07-30 12:43:00,0,FRC2,25,34,636,467,1,False,10.761189348756318,106.68340155509297,0.0,10.0,18.7,Partly Cloudy
5518,Từ Vòng Xoay Trần Phú đến ĐHSP,2025-07-30 12:43:00,1000,FRC4,22,29,261,198,1,False,10.757533515349062,106.67414436746735,0.0,10.0,18.7,Partly Cloudy
5519,Từ Vòng Xoay Trần Phú đến ĐHSP,2025-07-30 12:43:00,900,FRC4,22,29,261,198,1,False,10.757824186413304,106.67502060044893,0.0,10.0,18.7,Partly Cloudy
5520,Từ Vòng Xoay Trần Phú đến ĐHSP,2025-07-30 12:43:00,800,FRC4,22,29,261,198,1,False,10.758126036834728,106.67584372840122,0.0,10.0,18.7,Partly Cloudy
5521,Từ Vòng Xoay Trần Phú đến ĐHSP,2025-07-30 12:43:00,700,FRC4,22,29,261,198,1,False,10.758483785091158,106.67667444278729,0.0,10.0,18.7,Partly Cloudy
5522,Từ Vòng Xoay Trần Phú đến ĐHSP,2025-07-30 12:43:00,600,FRC4,22,29,261,198,1,False,10.758740916389923,106.67733446243443,0.0,10.0,18.7,Partly Cloudy
5523,Từ Vòng Xoay Trần Phú đến ĐHSP,2025-07-30 12:43:00,500,FRC4,28,28,207,207,1,False,10.759121023128003,106.67817276325134,0.0,10.0,18.7,Partly Cloudy
5524,Từ Vòng Xoay Trần Phú đến ĐHSP,2025-07-30 12:43:00,400,FRC4,28,28,207,207,1,False,10.759445231432741,106.6790186505005,0.0,10.0,18.7,Partly Cloudy
5525,Từ Vòng Xoay Trần Phú đến ĐHSP,2025-07-30 12:43:00,300,FRC4,28,28,207,207,1,False,10.759784345493584,106.67986453775157,0.0,10.0,18.7,Partly Cloudy
5526,Từ Vòng Xoay Trần Phú đến ĐHSP,2025-07-30 12:43:00,200,FRC4,28,28,207,207,1,False,10.76013091221701,106.68072559786684,0.0,10.0,18.7,Partly Cloudy
5527,Từ Vòng Xoay Trần Phú đến ĐHSP,2025-07-30 12:43:00,100,FRC4,22,29,261,198,1,False,10.760458845955434,106.6815638986815,0.0,10.0,18.7,Partly Cloudy
5528,Từ Vòng Xoay Trần Phú đến ĐHSP,2025-07-30 12:43:00,0,FRC4,22,29,261,198,1,False,10.760883668675298,106.6826449653469,0.0,10.0,18.7,Partly Cloudy
5529,Từ Ngã Sáu Cộng Hòa đến An Dương Vương,2025-07-30 13:29:00,500,FRC3,22,32,1141,784,1,False,10.765163027177051,106.68176325830919,0.0,10.0,18.4,Partly Cloudy
5530,Từ Ngã Sáu Cộng Hòa đến An Dương Vương,2025-07-30 13:29:00,400,FRC3,22,32,1141,784,1,False,10.764283334954333,106.68210132878986,0.0,10.0,18.4,Partly Cloudy
5531,Từ Ngã Sáu Cộng Hòa đến An Dương Vương,2025-07-30 13:29:00,300,FRC3,22,32,1141,784,1,False,10.763480856227291,106.68240386571111,0.0,10.0,18.4,Partly Cloudy
5532,Từ Ngã Sáu Cộng Hòa đến An Dương Vương,2025-07-30 13:29:00,200,FRC3,22,32,1141,784,1,False,10.762642918836454,106.6827364596283,0.0,10.0,18.4,Partly Cloudy
5533,Từ Ngã Sáu Cộng Hòa đến An Dương Vương,2025-07-30 13:29:00,100,FRC3,22,32,1141,784,1,False,10.7619261906941,106.68302613820323,0.0,10.0,18.4,Partly Cloudy
5534,Từ Ngã Sáu Cộng Hòa đến An Dương Vương,2025-07-30 13:29:00,0,FRC3,22,32,1141,784,1,False,10.761156760056346,106.68331581677815,0.0,10.0,18.4,Partly Cloudy
5535,Từ Cầu Nguyễn Văn Cừ đến An Dương Vương,2025-07-30 13:29:00,700,FRC2,25,34,636,467,1,False,10.755556817425111,106.68578400873503,0.0,10.0,18.4,Partly Cloudy
5536,Từ Cầu Nguyễn Văn Cừ đến An Dương Vương,2025-07-30 13:29:00,600,FRC2,25,34,636,467,1,False,10.756358876280022,106.6853232069683,0.0,10.0,18.4,Partly Cloudy
5537,Từ Cầu Nguyễn Văn Cừ đến An Dương Vương,2025-07-30 13:29:00,500,FRC2,25,34,636,467,1,False,10.757138847709548,106.684944289696,0.0,10.0,18.4,Partly Cloudy
5538,Từ Cầu Nguyễn Văn Cừ đến An Dương Vương,2025-07-30 13:29:00,400,FRC2,25,34,636,467,1,False,10.757963133528543,106.68463303622572,0.0,10.0,18.4,Partly Cloudy
5539,Từ Cầu Nguyễn Văn Cừ đến An Dương Vương,2025-07-30 13:29:00,300,FRC2,25,34,636,467,1,False,10.758623446871004,106.68435335919212,0.0,10.0,18.4,Partly Cloudy
5540,Từ Cầu Nguyễn Văn Cừ đến An Dương Vương,2025-07-30 13:29:00,200,FRC6,19,27,893,628,1,False,10.759478749919925,106.68406917123804,0.0,10.0,18.4,Partly Cloudy
5541,Từ Cầu Nguyễn Văn Cừ đến An Dương Vương,2025-07-30 13:29:00,100,FRC2,25,34,636,467,1,False,10.760311892549737,106.68371280856688,0.0,10.0,18.4,Partly Cloudy
5542,Từ Cầu Nguyễn Văn Cừ đến An Dương Vương,2025-07-30 13:29:00,0,FRC2,25,34,636,467,1,False,10.761189348756318,106.68340155509297,0.0,10.0,18.4,Partly Cloudy
5543,Từ Vòng Xoay Trần Phú đến ĐHSP,2025-07-30 13:29:00,1000,FRC4,22,28,261,205,1,False,10.757533515349062,106.67414436746735,0.0,10.0,18.4,Partly Cloudy
5544,Từ Vòng Xoay Trần Phú đến ĐHSP,2025-07-30 13:29:00,900,FRC4,22,28,261,205,1,False,10.757824186413304,106.67502060044893,0.0,10.0,18.4,Partly Cloudy
5545,Từ Vòng Xoay Trần Phú đến ĐHSP,2025-07-30 13:29:00,800,FRC4,22,28,261,205,1,False,10.758126036834728,106.67584372840122,0.0,10.0,18.4,Partly Cloudy
5546,Từ Vòng Xoay Trần Phú đến ĐHSP,2025-07-30 13:29:00,700,FRC4,22,28,261,205,1,False,10.758483785091158,106.67667444278729,0.0,10.0,18.4,Partly Cloudy
5547,Từ Vòng Xoay Trần Phú đến ĐHSP,2025-07-30 13:29:00,600,FRC4,22,28,261,205,1,False,10.758740916389923,106.67733446243443,0.0,10.0,18.4,Partly Cloudy
5548,Từ Vòng Xoay Trần Phú đến ĐHSP,2025-07-30 13:29:00,500,FRC4,19,28,305,207,1,False,10.759121023128003,106.67817276325134,0.0,10.0,18.4,Partly Cloudy
5549,Từ Vòng Xoay Trần Phú đến ĐHSP,2025-07-30 13:29:00,400,FRC4,19,28,305,207,1,False,10.759445231432741,106.6790186505005,0.0,10.0,18.4,Partly Cloudy
5550,Từ Vòng Xoay Trần Phú đến ĐHSP,2025-07-30 13:29:00,300,FRC4,19,28,305,207,1,False,10.759784345493584,106.67986453775157,0.0,10.0,18.4,Partly Cloudy
5551,Từ Vòng Xoay Trần Phú đến ĐHSP,2025-07-30 13:29:00,200,FRC4,19,28,305,207,1,False,10.76013091221701,106.68072559786684,0.0,10.0,18.4,Partly Cloudy
5552,Từ Vòng Xoay Trần Phú đến ĐHSP,2025-07-30 13:29:00,100,FRC4,22,28,261,205,1,False,10.760458845955434,106.6815638986815,0.0,10.0,18.4,Partly Cloudy
5553,Từ Vòng Xoay Trần Phú đến ĐHSP,2025-07-30 13:29:00,0,FRC4,22,28,261,205,1,False,10.760883668675298,106.6826449653469,0.0,10.0,18.4,Partly Cloudy
5554,Từ Ngã Sáu Cộng Hòa đến An Dương Vương,2025-07-30 16:16:00,500,FRC3,33,33,760,760,1,False,10.765163027177051,106.68176325830919,0.0,10.0,19.1,Clear
5555,Từ Ngã Sáu Cộng Hòa đến An Dương Vương,2025-07-30 16:16:00,400,FRC3,33,33,760,760,1,False,10.764283334954333,106.68210132878986,0.0,10.0,19.1,Clear
5556,Từ Ngã Sáu Cộng Hòa đến An Dương Vương,2025-07-30 16:16:00,300,FRC3,33,33,760,760,1,False,10.763480856227291,106.68240386571111,0.0,10.0,19.1,Clear
5557,Từ Ngã Sáu Cộng Hòa đến An Dương Vương,2025-07-30 16:16:00,200,FRC3,33,33,760,760,1,False,10.762642918836454,106.6827364596283,0.0,10.0,19.1,Clear
5558,Từ Ngã Sáu Cộng Hòa đến An Dương Vương,2025-07-30 16:16:00,100,FRC3,33,33,760,760,1,False,10.7619261906941,106.68302613820323,0.0,10.0,19.1,Clear
5559,Từ Ngã Sáu Cộng Hòa đến An Dương Vương,2025-07-30 16:16:00,0,FRC3,33,33,760,760,1,False,10.761156760056346,106.68331581677815,0.0,10.0,19.1,Clear
5560,Từ Cầu Nguyễn Văn Cừ đến An Dương Vương,2025-07-30 16:16:00,700,FRC2,35,35,454,454,1,False,10.755556817425111,106.68578400873503,0.0,10.0,19.1,Clear
5561,Từ Cầu Nguyễn Văn Cừ đến An Dương Vương,2025-07-30 16:16:00,600,FRC2,35,35,454,454,1,False,10.756358876280022,106.6853232069683,0.0,10.0,19.1,Clear
5562,Từ Cầu Nguyễn Văn Cừ đến An Dương Vương,2025-07-30 16:16:00,500,FRC2,35,35,454,454,1,False,10.757138847709548,106.684944289696,0.0,10.0,19.1,Clear
5563,Từ Cầu Nguyễn Văn Cừ đến An Dương Vương,2025-07-30 16:16:00,400,FRC2,35,35,454,454,1,False,10.757963133528543,106.68463303622572,0.0,10.0,19.1,Clear
5564,Từ Cầu Nguyễn Văn Cừ đến An Dương Vương,2025-07-30 16:16:00,300,FRC2,35,35,454,454,1,False,10.758623446871004,106.68435335919212,0.0,10.0,19.1,Clear
5565,Từ Cầu Nguyễn Văn Cừ đến An Dương Vương,2025-07-30 16:16:00,200,FRC6,27,27,628,628,1,False,10.759478749919925,106.68406917123804,0.0,10.0,19.1,Clear
5566,Từ Cầu Nguyễn Văn Cừ đến An Dương Vương,2025-07-30 16:16:00,100,FRC2,35,35,454,454,1,False,10.760311892549737,106.68371280856688,0.0,10.0,19.1,Clear
5567,Từ Cầu Nguyễn Văn Cừ đến An Dương Vương,2025-07-30 16:16:00,0,FRC2,35,35,454,454,1,False,10.761189348756318,106.68340155509297,0.0,10.0,19.1,Clear
5568,Từ Vòng Xoay Trần Phú đến ĐHSP,2025-07-30 16:16:00,1000,FRC4,29,29,198,198,1,False,10.757533515349062,106.67414436746735,0.0,10.0,19.1,Clear
5569,Từ Vòng Xoay Trần Phú đến ĐHSP,2025-07-30 16:16:00,900,FRC4,29,29,198,198,1,False,10.757824186413304,106.67502060044893,0.0,10.0,19.1,Clear
5570,Từ Vòng Xoay Trần Phú đến ĐHSP,2025-07-30 16:16:00,800,FRC4,29,29,198,198,1,False,10.758126036834728,106.67584372840122,0.0,10.0,19.1,Clear
5571,Từ Vòng Xoay Trần Phú đến ĐHSP,2025-07-30 16:16:00,700,FRC4,29,29,198,198,1,False,10.758483785091158,106.67667444278729,0.0,10.0,19.1,Clear
5572,Từ Vòng Xoay Trần Phú đến ĐHSP,2025-07-30 16:16:00,600,FRC4,29,29,198,198,1,False,10.758740916389923,106.67733446243443,0.0,10.0,19.1,Clear
5573,Từ Vòng Xoay Trần Phú đến ĐHSP,2025-07-30 16:16:00,500,FRC4,22,28,263,207,0.996775,False,10.759121023128003,106.67817276325134,0.0,10.0,19.1,Clear
5574,Từ Vòng Xoay Trần Phú đến ĐHSP,2025-07-30 16:16:00,400,FRC4,22,28,263,207,0.996775,False,10.759445231432741,106.6790186505005,0.0,10.0,19.1,Clear
5575,Từ Vòng Xoay Trần Phú đến ĐHSP,2025-07-30 16:16:00,300,FRC4,22,28,263,207,0.996775,False,10.759784345493584,106.67986453775157,0.0,10.0,19.1,Clear
5576,Từ Vòng Xoay Trần Phú đến ĐHSP,2025-07-30 16:16:00,200,FRC4,22,28,263,207,0.996775,False,10.76013091221701,106.68072559786684,0.0,10.0,19.1,Clear
5577,Từ Vòng Xoay Trần Phú đến ĐHSP,2025-07-30 16:16:00,100,FRC4,29,29,198,198,1,False,10.760458845955434,106.6815638986815,0.0,10.0,19.1,Clear
5578,Từ Vòng Xoay Trần Phú đến ĐHSP,2025-07-30 16:16:00,0,FRC4,29,29,198,198,1,False,10.760883668675298,106.6826449653469,0.0,10.0,19.1,Clear
5579,Từ Ngã Sáu Cộng Hòa đến An Dương Vương,2025-07-30 16:49:00,500,FRC3,33,33,760,760,1,False,10.765163027177051,106.68176325830919,0.0,10.0,19.1,Clear
5580,Từ Ngã Sáu Cộng Hòa đến An Dương Vương,2025-07-30 16:49:00,400,FRC3,33,33,760,760,1,False,10.764283334954333,106.68210132878986,0.0,10.0,19.1,Clear
5581,Từ Ngã Sáu Cộng Hòa đến An Dương Vương,2025-07-30 16:49:00,300,FRC3,33,33,760,760,1,False,10.763480856227291,106.68240386571111,0.0,10.0,19.1,Clear
5582,Từ Ngã Sáu Cộng Hòa đến An Dương Vương,2025-07-30 16:49:00,200,FRC3,33,33,760,760,1,False,10.762642918836454,106.6827364596283,0.0,10.0,19.1,Clear
5583,Từ Ngã Sáu Cộng Hòa đến An Dương Vương,2025-07-30 16:49:00,100,FRC3,33,33,760,760,1,False,10.7619261906941,106.68302613820323,0.0,10.0,19.1,Clear
5584,Từ Ngã Sáu Cộng Hòa đến An Dương Vương,2025-07-30 16:49:00,0,FRC3,33,33,760,760,1,False,10.761156760056346,106.68331581677815,0.0,10.0,19.1,Clear
5585,Từ Cầu Nguyễn Văn Cừ đến An Dương Vương,2025-07-30 16:49:00,700,FRC2,35,35,454,454,1,False,10.755556817425111,106.68578400873503,0.0,10.0,19.1,Clear
5586,Từ Cầu Nguyễn Văn Cừ đến An Dương Vương,2025-07-30 16:49:00,600,FRC2,35,35,454,454,1,False,10.756358876280022,106.6853232069683,0.0,10.0,19.1,Clear
5587,Từ Cầu Nguyễn Văn Cừ đến An Dương Vương,2025-07-30 16:49:00,500,FRC2,35,35,454,454,1,False,10.757138847709548,106.684944289696,0.0,10.0,19.1,Clear
5588,Từ Cầu Nguyễn Văn Cừ đến An Dương Vương,2025-07-30 16:49:00,400,FRC2,35,35,454,454,1,False,10.757963133528543,106.68463303622572,0.0,10.0,19.1,Clear
5589,Từ Cầu Nguyễn Văn Cừ đến An Dương Vương,2025-07-30 16:49:00,300,FRC2,35,35,454,454,1,False,10.758623446871004,106.68435335919212,0.0,10.0,19.1,Clear
5590,Từ Cầu Nguyễn Văn Cừ đến An Dương Vương,2025-07-30 16:49:00,200,FRC6,27,27,628,628,1,False,10.759478749919925,106.68406917123804,0.0,10.0,19.1,Clear
5591,Từ Cầu Nguyễn Văn Cừ đến An Dương Vương,2025-07-30 16:49:00,100,FRC2,35,35,454,454,1,False,10.760311892549737,106.68371280856688,0.0,10.0,19.1,Clear
5592,Từ Cầu Nguyễn Văn Cừ đến An Dương Vương,2025-07-30 16:49:00,0,FRC2,35,35,454,454,1,False,10.761189348756318,106.68340155509297,0.0,10.0,19.1,Clear
5593,Từ Vòng Xoay Trần Phú đến ĐHSP,2025-07-30 16:49:00,1000,FRC4,29,29,198,198,1,False,10.757533515349062,106.67414436746735,0.0,10.0,19.1,Clear
5594,Từ Vòng Xoay Trần Phú đến ĐHSP,2025-07-30 16:49:00,900,FRC4,29,29,198,198,1,False,10.757824186413304,106.67502060044893,0.0,10.0,19.1,Clear
5595,Từ Vòng Xoay Trần Phú đến ĐHSP,2025-07-30 16:49:00,800,FRC4,29,29,198,198,1,False,10.758126036834728,106.67584372840122,0.0,10.0,19.1,Clear
5596,Từ Vòng Xoay Trần Phú đến ĐHSP,2025-07-30 16:49:00,700,FRC4,29,29,198,198,1,False,10.758483785091158,106.67667444278729,0.0,10.0,19.1,Clear
5597,Từ Vòng Xoay Trần Phú đến ĐHSP,2025-07-30 16:49:00,600,FRC4,29,29,198,198,1,False,10.758740916389923,106.67733446243443,0.0,10.0,19.1,Clear
5598,Từ Vòng Xoay Trần Phú đến ĐHSP,2025-07-30 16:49:00,500,FRC4,28,28,207,207,1,False,10.759121023128003,106.67817276325134,0.0,10.0,19.1,Clear
5599,Từ Vòng Xoay Trần Phú đến ĐHSP,2025-07-30 16:49:00,400,FRC4,28,28,207,207,1,False,10.759445231432741,106.6790186505005,0.0,10.0,19.1,Clear
5600,Từ Vòng Xoay Trần Phú đến ĐHSP,2025-07-30 16:49:00,300,FRC4,28,28,207,207,1,False,10.759784345493584,106.67986453775157,0.0,10.0,19.1,Clear
5601,Từ Vòng Xoay Trần Phú đến ĐHSP,2025-07-30 16:49:00,200,FRC4,28,28,207,207,1,False,10.76013091221701,106.68072559786684,0.0,10.0,19.1,Clear
5602,Từ Vòng Xoay Trần Phú đến ĐHSP,2025-07-30 16:49:00,100,FRC4,29,29,198,198,1,False,10.760458845955434,106.6815638986815,0.0,10.0,19.1,Clear
5603,Từ Vòng Xoay Trần Phú đến ĐHSP,2025-07-30 16:49:00,0,FRC4,29,29,198,198,1,False,10.760883668675298,106.6826449653469,0.0,10.0,19.1,Clear
5604,Từ Ngã Sáu Cộng Hòa đến An Dương Vương,2025-07-30 17:14:00,500,FRC3,33,33,760,760,1,False,10.765163027177051,106.68176325830919,0.0,10.0,16.6,Clear
5605,Từ Ngã Sáu Cộng Hòa đến An Dương Vương,2025-07-30 17:14:00,400,FRC3,33,33,760,760,1,False,10.764283334954333,106.68210132878986,0.0,10.0,16.6,Clear
5606,Từ Ngã Sáu Cộng Hòa đến An Dương Vương,2025-07-30 17:14:00,300,FRC3,33,33,760,760,1,False,10.763480856227291,106.68240386571111,0.0,10.0,16.6,Clear
5607,Từ Ngã Sáu Cộng Hòa đến An Dương Vương,2025-07-30 17:14:00,200,FRC3,33,33,760,760,1,False,10.762642918836454,106.6827364596283,0.0,10.0,16.6,Clear
5608,Từ Ngã Sáu Cộng Hòa đến An Dương Vương,2025-07-30 17:14:00,100,FRC3,33,33,760,760,1,False,10.7619261906941,106.68302613820323,0.0,10.0,16.6,Clear
5609,Từ Ngã Sáu Cộng Hòa đến An Dương Vương,2025-07-30 17:14:00,0,FRC3,33,33,760,760,1,False,10.761156760056346,106.68331581677815,0.0,10.0,16.6,Clear
5610,Từ Cầu Nguyễn Văn Cừ đến An Dương Vương,2025-07-30 17:14:00,700,FRC2,35,35,454,454,1,False,10.755556817425111,106.68578400873503,0.0,10.0,16.6,Clear
5611,Từ Cầu Nguyễn Văn Cừ đến An Dương Vương,2025-07-30 17:14:00,600,FRC2,35,35,454,454,1,False,10.756358876280022,106.6853232069683,0.0,10.0,16.6,Clear
5612,Từ Cầu Nguyễn Văn Cừ đến An Dương Vương,2025-07-30 17:14:00,500,FRC2,35,35,454,454,1,False,10.757138847709548,106.684944289696,0.0,10.0,16.6,Clear
5613,Từ Cầu Nguyễn Văn Cừ đến An Dương Vương,2025-07-30 17:14:00,400,FRC2,35,35,454,454,1,False,10.757963133528543,106.68463303622572,0.0,10.0,16.6,Clear
5614,Từ Cầu Nguyễn Văn Cừ đến An Dương Vương,2025-07-30 17:14:00,300,FRC2,35,35,454,454,1,False,10.758623446871004,106.68435335919212,0.0,10.0,16.6,Clear
5615,Từ Cầu Nguyễn Văn Cừ đến An Dương Vương,2025-07-30 17:14:00,200,FRC6,27,27,628,628,1,False,10.759478749919925,106.68406917123804,0.0,10.0,16.6,Clear
5616,Từ Cầu Nguyễn Văn Cừ đến An Dương Vương,2025-07-30 17:14:00,100,FRC2,35,35,454,454,1,False,10.760311892549737,106.68371280856688,0.0,10.0,16.6,Clear
5617,Từ Cầu Nguyễn Văn Cừ đến An Dương Vương,2025-07-30 17:14:00,0,FRC2,35,35,454,454,1,False,10.761189348756318,106.68340155509297,0.0,10.0,16.6,Clear
5618,Từ Vòng Xoay Trần Phú đến ĐHSP,2025-07-30 17:14:00,1000,FRC4,29,29,198,198,1,False,10.757533515349062,106.67414436746735,0.0,10.0,16.6,Clear
5619,Từ Vòng Xoay Trần Phú đến ĐHSP,2025-07-30 17:14:00,900,FRC4,29,29,198,198,1,False,10.757824186413304,106.67502060044893,0.0,10.0,16.6,Clear
5620,Từ Vòng Xoay Trần Phú đến ĐHSP,2025-07-30 17:14:00,800,FRC4,29,29,198,198,1,False,10.758126036834728,106.67584372840122,0.0,10.0,16.6,Clear
5621,Từ Vòng Xoay Trần Phú đến ĐHSP,2025-07-30 17:14:00,700,FRC4,29,29,198,198,1,False,10.758483785091158,106.67667444278729,0.0,10.0,16.6,Clear
5622,Từ Vòng Xoay Trần Phú đến ĐHSP,2025-07-30 17:14:00,600,FRC4,29,29,198,198,1,False,10.758740916389923,106.67733446243443,0.0,10.0,16.6,Clear
5623,Từ Vòng Xoay Trần Phú đến ĐHSP,2025-07-30 17:14:00,500,FRC4,28,28,207,207,1,False,10.759121023128003,106.67817276325134,0.0,10.0,16.6,Clear
5624,Từ Vòng Xoay Trần Phú đến ĐHSP,2025-07-30 17:14:00,400,FRC4,28,28,207,207,1,False,10.759445231432741,106.6790186505005,0.0,10.0,16.6,Clear
5625,Từ Vòng Xoay Trần Phú đến ĐHSP,2025-07-30 17:14:00,300,FRC4,28,28,207,207,1,False,10.759784345493584,106.67986453775157,0.0,10.0,16.6,Clear
5626,Từ Vòng Xoay Trần Phú đến ĐHSP,2025-07-30 17:14:00,200,FRC4,28,28,207,207,1,False,10.76013091221701,106.68072559786684,0.0,10.0,16.6,Clear
5627,Từ Vòng Xoay Trần Phú đến ĐHSP,2025-07-30 17:14:00,100,FRC4,29,29,198,198,1,False,10.760458845955434,106.6815638986815,0.0,10.0,16.6,Clear
5628,Từ Vòng Xoay Trần Phú đến ĐHSP,2025-07-30 17:14:00,0,FRC4,29,29,198,198,1,False,10.760883668675298,106.6826449653469,0.0,10.0,16.6,Clear
5629,Từ Ngã Sáu Cộng Hòa đến An Dương Vương,2025-07-30 17:37:00,500,FRC3,33,33,760,760,1,False,10.765163027177051,106.68176325830919,0.0,10.0,16.6,Clear
5630,Từ Ngã Sáu Cộng Hòa đến An Dương Vương,2025-07-30 17:37:00,400,FRC3,33,33,760,760,1,False,10.764283334954333,106.68210132878986,0.0,10.0,16.6,Clear
5631,Từ Ngã Sáu Cộng Hòa đến An Dương Vương,2025-07-30 17:37:00,300,FRC3,33,33,760,760,1,False,10.763480856227291,106.68240386571111,0.0,10.0,16.6,Clear
5632,Từ Ngã Sáu Cộng Hòa đến An Dương Vương,2025-07-30 17:37:00,200,FRC3,33,33,760,760,1,False,10.762642918836454,106.6827364596283,0.0,10.0,16.6,Clear
5633,Từ Ngã Sáu Cộng Hòa đến An Dương Vương,2025-07-30 17:37:00,100,FRC3,33,33,760,760,1,False,10.7619261906941,106.68302613820323,0.0,10.0,16.6,Clear
5634,Từ Ngã Sáu Cộng Hòa đến An Dương Vương,2025-07-30 17:37:00,0,FRC3,33,33,760,760,1,False,10.761156760056346,106.68331581677815,0.0,10.0,16.6,Clear
5635,Từ Cầu Nguyễn Văn Cừ đến An Dương Vương,2025-07-30 17:37:00,700,FRC2,35,35,454,454,1,False,10.755556817425111,106.68578400873503,0.0,10.0,16.6,Clear
5636,Từ Cầu Nguyễn Văn Cừ đến An Dương Vương,2025-07-30 17:37:00,600,FRC2,35,35,454,454,1,False,10.756358876280022,106.6853232069683,0.0,10.0,16.6,Clear
5637,Từ Cầu Nguyễn Văn Cừ đến An Dương Vương,2025-07-30 17:37:00,500,FRC2,35,35,454,454,1,False,10.757138847709548,106.684944289696,0.0,10.0,16.6,Clear
5638,Từ Cầu Nguyễn Văn Cừ đến An Dương Vương,2025-07-30 17:37:00,400,FRC2,35,35,454,454,1,False,10.757963133528543,106.68463303622572,0.0,10.0,16.6,Clear
5639,Từ Cầu Nguyễn Văn Cừ đến An Dương Vương,2025-07-30 17:37:00,300,FRC2,35,35,454,454,1,False,10.758623446871004,106.68435335919212,0.0,10.0,16.6,Clear
5640,Từ Cầu Nguyễn Văn Cừ đến An Dương Vương,2025-07-30 17:37:00,200,FRC6,27,27,628,628,1,False,10.759478749919925,106.68406917123804,0.0,10.0,16.6,Clear
5641,Từ Cầu Nguyễn Văn Cừ đến An Dương Vương,2025-07-30 17:37:00,100,FRC2,35,35,454,454,1,False,10.760311892549737,106.68371280856688,0.0,10.0,16.6,Clear
5642,Từ Cầu Nguyễn Văn Cừ đến An Dương Vương,2025-07-30 17:37:00,0,FRC2,35,35,454,454,1,False,10.761189348756318,106.68340155509297,0.0,10.0,16.6,Clear
5643,Từ Vòng Xoay Trần Phú đến ĐHSP,2025-07-30 17:37:00,1000,FRC4,29,29,198,198,1,False,10.757533515349062,106.67414436746735,0.0,10.0,16.6,Clear
5644,Từ Vòng Xoay Trần Phú đến ĐHSP,2025-07-30 17:37:00,900,FRC4,29,29,198,198,1,False,10.757824186413304,106.67502060044893,0.0,10.0,16.6,Clear
5645,Từ Vòng Xoay Trần Phú đến ĐHSP,2025-07-30 17:37:00,800,FRC4,29,29,198,198,1,False,10.758126036834728,106.67584372840122,0.0,10.0,16.6,Clear
5646,Từ Vòng Xoay Trần Phú đến ĐHSP,2025-07-30 17:37:00,700,FRC4,29,29,198,198,1,False,10.758483785091158,106.67667444278729,0.0,10.0,16.6,Clear
5647,Từ Vòng Xoay Trần Phú đến ĐHSP,2025-07-30 17:37:00,600,FRC4,29,29,198,198,1,False,10.758740916389923,106.67733446243443,0.0,10.0,16.6,Clear
5648,Từ Vòng Xoay Trần Phú đến ĐHSP,2025-07-30 17:37:00,500,FRC4,28,28,207,207,1,False,10.759121023128003,106.67817276325134,0.0,10.0,16.6,Clear
5649,Từ Vòng Xoay Trần Phú đến ĐHSP,2025-07-30 17:37:00,400,FRC4,28,28,207,207,1,False,10.759445231432741,106.6790186505005,0.0,10.0,16.6,Clear
5650,Từ Vòng Xoay Trần Phú đến ĐHSP,2025-07-30 17:37:00,300,FRC4,28,28,207,207,1,False,10.759784345493584,106.67986453775157,0.0,10.0,16.6,Clear
5651,Từ Vòng Xoay Trần Phú đến ĐHSP,2025-07-30 17:37:00,200,FRC4,28,28,207,207,1,False,10.76013091221701,106.68072559786684,0.0,10.0,16.6,Clear
5652,Từ Vòng Xoay Trần Phú đến ĐHSP,2025-07-30 17:37:00,100,FRC4,29,29,198,198,1,False,10.760458845955434,106.6815638986815,0.0,10.0,16.6,Clear
5653,Từ Vòng Xoay Trần Phú đến ĐHSP,2025-07-30 17:37:00,0,FRC4,29,29,198,198,1,False,10.760883668675298,106.6826449653469,0.0,10.0,16.6,Clear
5654,Từ Ngã Sáu Cộng Hòa đến An Dương Vương,2025-07-30 17:52:00,500,FRC3,33,33,760,760,1,False,10.765163027177051,106.68176325830919,0.0,10.0,16.6,Clear
5655,Từ Ngã Sáu Cộng Hòa đến An Dương Vương,2025-07-30 17:52:00,400,FRC3,33,33,760,760,1,False,10.764283334954333,106.68210132878986,0.0,10.0,16.6,Clear
5656,Từ Ngã Sáu Cộng Hòa đến An Dương Vương,2025-07-30 17:52:00,300,FRC3,33,33,760,760,1,False,10.763480856227291,106.68240386571111,0.0,10.0,16.6,Clear
5657,Từ Ngã Sáu Cộng Hòa đến An Dương Vương,2025-07-30 17:52:00,200,FRC3,33,33,760,760,1,False,10.762642918836454,106.6827364596283,0.0,10.0,16.6,Clear
5658,Từ Ngã Sáu Cộng Hòa đến An Dương Vương,2025-07-30 17:52:00,100,FRC3,33,33,760,760,1,False,10.7619261906941,106.68302613820323,0.0,10.0,16.6,Clear
5659,Từ Ngã Sáu Cộng Hòa đến An Dương Vương,2025-07-30 17:52:00,0,FRC3,33,33,760,760,1,False,10.761156760056346,106.68331581677815,0.0,10.0,16.6,Clear
5660,Từ Cầu Nguyễn Văn Cừ đến An Dương Vương,2025-07-30 17:52:00,700,FRC2,35,35,454,454,1,False,10.755556817425111,106.68578400873503,0.0,10.0,16.6,Clear
5661,Từ Cầu Nguyễn Văn Cừ đến An Dương Vương,2025-07-30 17:52:00,600,FRC2,35,35,454,454,1,False,10.756358876280022,106.6853232069683,0.0,10.0,16.6,Clear
5662,Từ Cầu Nguyễn Văn Cừ đến An Dương Vương,2025-07-30 17:52:00,500,FRC2,35,35,454,454,1,False,10.757138847709548,106.684944289696,0.0,10.0,16.6,Clear
5663,Từ Cầu Nguyễn Văn Cừ đến An Dương Vương,2025-07-30 17:52:00,400,FRC2,35,35,454,454,1,False,10.757963133528543,106.68463303622572,0.0,10.0,16.6,Clear
5664,Từ Cầu Nguyễn Văn Cừ đến An Dương Vương,2025-07-30 17:52:00,300,FRC2,35,35,454,454,1,False,10.758623446871004,106.68435335919212,0.0,10.0,16.6,Clear
5665,Từ Cầu Nguyễn Văn Cừ đến An Dương Vương,2025-07-30 17:52:00,200,FRC6,27,27,628,628,1,False,10.759478749919925,106.68406917123804,0.0,10.0,16.6,Clear
5666,Từ Cầu Nguyễn Văn Cừ đến An Dương Vương,2025-07-30 17:52:00,100,FRC2,35,35,454,454,1,False,10.760311892549737,106.68371280856688,0.0,10.0,16.6,Clear
5667,Từ Cầu Nguyễn Văn Cừ đến An Dương Vương,2025-07-30 17:52:00,0,FRC2,35,35,454,454,1,False,10.761189348756318,106.68340155509297,0.0,10.0,16.6,Clear
5668,Từ Vòng Xoay Trần Phú đến ĐHSP,2025-07-30 17:52:00,1000,FRC4,29,29,198,198,1,False,10.757533515349062,106.67414436746735,0.0,10.0,16.6,Clear
5669,Từ Vòng Xoay Trần Phú đến ĐHSP,2025-07-30 17:52:00,900,FRC4,29,29,198,198,1,False,10.757824186413304,106.67502060044893,0.0,10.0,16.6,Clear
5670,Từ Vòng Xoay Trần Phú đến ĐHSP,2025-07-30 17:52:00,800,FRC4,29,29,198,198,1,False,10.758126036834728,106.67584372840122,0.0,10.0,16.6,Clear
5671,Từ Vòng Xoay Trần Phú đến ĐHSP,2025-07-30 17:52:00,700,FRC4,29,29,198,198,1,False,10.758483785091158,106.67667444278729,0.0,10.0,16.6,Clear
5672,Từ Vòng Xoay Trần Phú đến ĐHSP,2025-07-30 17:52:00,600,FRC4,29,29,198,198,1,False,10.758740916389923,106.67733446243443,0.0,10.0,16.6,Clear
5673,Từ Vòng Xoay Trần Phú đến ĐHSP,2025-07-30 17:52:00,500,FRC4,28,28,207,207,1,False,10.759121023128003,106.67817276325134,0.0,10.0,16.6,Clear
5674,Từ Vòng Xoay Trần Phú đến ĐHSP,2025-07-30 17:52:00,400,FRC4,28,28,207,207,1,False,10.759445231432741,106.6790186505005,0.0,10.0,16.6,Clear
5675,Từ Vòng Xoay Trần Phú đến ĐHSP,2025-07-30 17:52:00,300,FRC4,28,28,207,207,1,False,10.759784345493584,106.67986453775157,0.0,10.0,16.6,Clear
5676,Từ Vòng Xoay Trần Phú đến ĐHSP,2025-07-30 17:52:00,200,FRC4,28,28,207,207,1,False,10.76013091221701,106.68072559786684,0.0,10.0,16.6,Clear
5677,Từ Vòng Xoay Trần Phú đến ĐHSP,2025-07-30 17:52:00,100,FRC4,29,29,198,198,1,False,10.760458845955434,106.6815638986815,0.0,10.0,16.6,Clear
5678,Từ Vòng Xoay Trần Phú đến ĐHSP,2025-07-30 17:52:00,0,FRC4,29,29,198,198,1,False,10.760883668675298,106.6826449653469,0.0,10.0,16.6,Clear
5679,Từ Ngã Sáu Cộng Hòa đến An Dương Vương,2025-07-31 06:25:00,500,FRC3,22,32,1141,784,1,False,10.765163027177051,106.68176325830919,0.0,10.0,21.2,Partly cloudy
5680,Từ Ngã Sáu Cộng Hòa đến An Dương Vương,2025-07-31 06:25:00,400,FRC3,22,32,1141,784,1,False,10.764283334954333,106.68210132878986,0.0,10.0,21.2,Partly cloudy
5681,Từ Ngã Sáu Cộng Hòa đến An Dương Vương,2025-07-31 06:25:00,300,FRC3,22,32,1141,784,1,False,10.763480856227291,106.68240386571111,0.0,10.0,21.2,Partly cloudy
5682,Từ Ngã Sáu Cộng Hòa đến An Dương Vương,2025-07-31 06:25:00,200,FRC3,22,32,1141,784,1,False,10.762642918836454,106.6827364596283,0.0,10.0,21.2,Partly cloudy
5683,Từ Ngã Sáu Cộng Hòa đến An Dương Vương,2025-07-31 06:25:00,100,FRC3,22,32,1141,784,1,False,10.7619261906941,106.68302613820323,0.0,10.0,21.2,Partly cloudy
5684,Từ Ngã Sáu Cộng Hòa đến An Dương Vương,2025-07-31 06:25:00,0,FRC3,22,32,1141,784,1,False,10.761156760056346,106.68331581677815,0.0,10.0,21.2,Partly cloudy
5685,Từ Cầu Nguyễn Văn Cừ đến An Dương Vương,2025-07-31 06:25:00,700,FRC2,25,34,636,467,1,False,10.755556817425111,106.68578400873503,0.0,10.0,21.2,Partly cloudy
5686,Từ Cầu Nguyễn Văn Cừ đến An Dương Vương,2025-07-31 06:25:00,600,FRC2,25,34,636,467,1,False,10.756358876280022,106.6853232069683,0.0,10.0,21.2,Partly cloudy
5687,Từ Cầu Nguyễn Văn Cừ đến An Dương Vương,2025-07-31 06:25:00,500,FRC2,25,34,636,467,1,False,10.757138847709548,106.684944289696,0.0,10.0,21.2,Partly cloudy
5688,Từ Cầu Nguyễn Văn Cừ đến An Dương Vương,2025-07-31 06:25:00,400,FRC2,25,34,636,467,1,False,10.757963133528543,106.68463303622572,0.0,10.0,21.2,Partly cloudy
5689,Từ Cầu Nguyễn Văn Cừ đến An Dương Vương,2025-07-31 06:25:00,300,FRC2,25,34,636,467,1,False,10.758623446871004,106.68435335919212,0.0,10.0,21.2,Partly cloudy
5690,Từ Cầu Nguyễn Văn Cừ đến An Dương Vương,2025-07-31 06:25:00,200,FRC6,19,26,893,652,1,False,10.759478749919925,106.68406917123804,0.0,10.0,21.2,Partly cloudy
5691,Từ Cầu Nguyễn Văn Cừ đến An Dương Vương,2025-07-31 06:25:00,100,FRC2,25,34,636,467,1,False,10.760311892549737,106.68371280856688,0.0,10.0,21.2,Partly cloudy
5692,Từ Cầu Nguyễn Văn Cừ đến An Dương Vương,2025-07-31 06:25:00,0,FRC2,25,34,636,467,1,False,10.761189348756318,106.68340155509297,0.0,10.0,21.2,Partly cloudy
5693,Từ Vòng Xoay Trần Phú đến ĐHSP,2025-07-31 06:25:00,1000,FRC4,20,29,287,198,1,False,10.757533515349062,106.67414436746735,0.0,10.0,21.2,Partly cloudy
5694,Từ Vòng Xoay Trần Phú đến ĐHSP,2025-07-31 06:25:00,900,FRC4,20,29,287,198,1,False,10.757824186413304,106.67502060044893,0.0,10.0,21.2,Partly cloudy
5695,Từ Vòng Xoay Trần Phú đến ĐHSP,2025-07-31 06:25:00,800,FRC4,20,29,287,198,1,False,10.758126036834728,106.67584372840122,0.0,10.0,21.2,Partly cloudy
5696,Từ Vòng Xoay Trần Phú đến ĐHSP,2025-07-31 06:25:00,700,FRC4,20,29,287,198,1,False,10.758483785091158,106.67667444278729,0.0,10.0,21.2,Partly cloudy
5697,Từ Vòng Xoay Trần Phú đến ĐHSP,2025-07-31 06:25:00,600,FRC4,20,29,287,198,1,False,10.758740916389923,106.67733446243443,0.0,10.0,21.2,Partly cloudy
5698,Từ Vòng Xoay Trần Phú đến ĐHSP,2025-07-31 06:25:00,500,FRC4,20,28,289,207,0.996775,False,10.759121023128003,106.67817276325134,0.0,10.0,21.2,Partly cloudy
5699,Từ Vòng Xoay Trần Phú đến ĐHSP,2025-07-31 06:25:00,400,FRC4,20,28,289,207,0.996775,False,10.759445231432741,106.6790186505005,0.0,10.0,21.2,Partly cloudy
5700,Từ Vòng Xoay Trần Phú đến ĐHSP,2025-07-31 06:25:00,300,FRC4,20,28,289,207,0.996775,False,10.759784345493584,106.67986453775157,0.0,10.0,21.2,Partly cloudy
5701,Từ Vòng Xoay Trần Phú đến ĐHSP,2025-07-31 06:25:00,200,FRC4,20,28,289,207,0.996775,False,10.76013091221701,106.68072559786684,0.0,10.0,21.2,Partly cloudy
5702,Từ Vòng Xoay Trần Phú đến ĐHSP,2025-07-31 06:25:00,100,FRC4,20,29,287,198,1,False,10.760458845955434,106.6815638986815,0.0,10.0,21.2,Partly cloudy
5703,Từ Vòng Xoay Trần Phú đến ĐHSP,2025-07-31 06:25:00,0,FRC4,20,29,287,198,1,False,10.760883668675298,106.6826449653469,0.0,10.0,21.2,Partly cloudy
5704,Từ Ngã Sáu Cộng Hòa đến An Dương Vương,2025-07-31 06:55:00,500,FRC3,22,33,1141,760,1,False,10.765163027177051,106.68176325830919,0.0,10.0,21.2,Partly cloudy
5705,Từ Ngã Sáu Cộng Hòa đến An Dương Vương,2025-07-31 06:55:00,400,FRC3,22,33,1141,760,1,False,10.764283334954333,106.68210132878986,0.0,10.0,21.2,Partly cloudy
5706,Từ Ngã Sáu Cộng Hòa đến An Dương Vương,2025-07-31 06:55:00,300,FRC3,22,33,1141,760,1,False,10.763480856227291,106.68240386571111,0.0,10.0,21.2,Partly cloudy
5707,Từ Ngã Sáu Cộng Hòa đến An Dương Vương,2025-07-31 06:55:00,200,FRC3,22,33,1141,760,1,False,10.762642918836454,106.6827364596283,0.0,10.0,21.2,Partly cloudy
5708,Từ Ngã Sáu Cộng Hòa đến An Dương Vương,2025-07-31 06:55:00,100,FRC3,22,33,1141,760,1,False,10.7619261906941,106.68302613820323,0.0,10.0,21.2,Partly cloudy
5709,Từ Ngã Sáu Cộng Hòa đến An Dương Vương,2025-07-31 06:55:00,0,FRC3,22,33,1141,760,1,False,10.761156760056346,106.68331581677815,0.0,10.0,21.2,Partly cloudy
5710,Từ Cầu Nguyễn Văn Cừ đến An Dương Vương,2025-07-31 06:55:00,700,FRC2,25,34,636,467,1,False,10.755556817425111,106.68578400873503,0.0,10.0,21.2,Partly cloudy
5711,Từ Cầu Nguyễn Văn Cừ đến An Dương Vương,2025-07-31 06:55:00,600,FRC2,25,34,636,467,1,False,10.756358876280022,106.6853232069683,0.0,10.0,21.2,Partly cloudy
5712,Từ Cầu Nguyễn Văn Cừ đến An Dương Vương,2025-07-31 06:55:00,500,FRC2,25,34,636,467,1,False,10.757138847709548,106.684944289696,0.0,10.0,21.2,Partly cloudy
5713,Từ Cầu Nguyễn Văn Cừ đến An Dương Vương,2025-07-31 06:55:00,400,FRC2,25,34,636,467,1,False,10.757963133528543,106.68463303622572,0.0,10.0,21.2,Partly cloudy
5714,Từ Cầu Nguyễn Văn Cừ đến An Dương Vương,2025-07-31 06:55:00,300,FRC2,25,34,636,467,1,False,10.758623446871004,106.68435335919212,0.0,10.0,21.2,Partly cloudy
5715,Từ Cầu Nguyễn Văn Cừ đến An Dương Vương,2025-07-31 06:55:00,200,FRC6,19,26,893,652,1,False,10.759478749919925,106.68406917123804,0.0,10.0,21.2,Partly cloudy
5716,Từ Cầu Nguyễn Văn Cừ đến An Dương Vương,2025-07-31 06:55:00,100,FRC2,25,34,636,467,1,False,10.760311892549737,106.68371280856688,0.0,10.0,21.2,Partly cloudy
5717,Từ Cầu Nguyễn Văn Cừ đến An Dương Vương,2025-07-31 06:55:00,0,FRC2,25,34,636,467,1,False,10.761189348756318,106.68340155509297,0.0,10.0,21.2,Partly cloudy
5718,Từ Vòng Xoay Trần Phú đến ĐHSP,2025-07-31 06:55:00,1000,FRC4,23,29,249,198,1,False,10.757533515349062,106.67414436746735,0.0,10.0,21.2,Partly cloudy
5719,Từ Vòng Xoay Trần Phú đến ĐHSP,2025-07-31 06:55:00,900,FRC4,23,29,249,198,1,False,10.757824186413304,106.67502060044893,0.0,10.0,21.2,Partly cloudy
5720,Từ Vòng Xoay Trần Phú đến ĐHSP,2025-07-31 06:55:00,800,FRC4,23,29,249,198,1,False,10.758126036834728,106.67584372840122,0.0,10.0,21.2,Partly cloudy
5721,Từ Vòng Xoay Trần Phú đến ĐHSP,2025-07-31 06:55:00,700,FRC4,23,29,249,198,1,False,10.758483785091158,106.67667444278729,0.0,10.0,21.2,Partly cloudy
5722,Từ Vòng Xoay Trần Phú đến ĐHSP,2025-07-31 06:55:00,600,FRC4,23,29,249,198,1,False,10.758740916389923,106.67733446243443,0.0,10.0,21.2,Partly cloudy
5723,Từ Vòng Xoay Trần Phú đến ĐHSP,2025-07-31 06:55:00,500,FRC4,21,28,276,207,1,False,10.759121023128003,106.67817276325134,0.0,10.0,21.2,Partly cloudy
5724,Từ Vòng Xoay Trần Phú đến ĐHSP,2025-07-31 06:55:00,400,FRC4,21,28,276,207,1,False,10.759445231432741,106.6790186505005,0.0,10.0,21.2,Partly cloudy
5725,Từ Vòng Xoay Trần Phú đến ĐHSP,2025-07-31 06:55:00,300,FRC4,21,28,276,207,1,False,10.759784345493584,106.67986453775157,0.0,10.0,21.2,Partly cloudy
5726,Từ Vòng Xoay Trần Phú đến ĐHSP,2025-07-31 06:55:00,200,FRC4,21,28,276,207,1,False,10.76013091221701,106.68072559786684,0.0,10.0,21.2,Partly cloudy
5727,Từ Vòng Xoay Trần Phú đến ĐHSP,2025-07-31 06:55:00,100,FRC4,23,29,249,198,1,False,10.760458845955434,106.6815638986815,0.0,10.0,21.2,Partly cloudy
5728,Từ Vòng Xoay Trần Phú đến ĐHSP,2025-07-31 06:55:00,0,FRC4,23,29,249,198,1,False,10.760883668675298,106.6826449653469,0.0,10.0,21.2,Partly cloudy
5729,Từ Ngã Sáu Cộng Hòa đến An Dương Vương,2025-07-31 07:21:00,500,FRC3,22,33,1141,760,1,False,10.765163027177051,106.68176325830919,0.02,10.0,20.9,Patchy rain nearby
5730,Từ Ngã Sáu Cộng Hòa đến An Dương Vương,2025-07-31 07:21:00,400,FRC3,22,33,1141,760,1,False,10.764283334954333,106.68210132878986,0.02,10.0,20.9,Patchy rain nearby
5731,Từ Ngã Sáu Cộng Hòa đến An Dương Vương,2025-07-31 07:21:00,300,FRC3,22,33,1141,760,1,False,10.763480856227291,106.68240386571111,0.02,10.0,20.9,Patchy rain nearby
5732,Từ Ngã Sáu Cộng Hòa đến An Dương Vương,2025-07-31 07:21:00,200,FRC3,22,33,1141,760,1,False,10.762642918836454,106.6827364596283,0.02,10.0,20.9,Patchy rain nearby
5733,Từ Ngã Sáu Cộng Hòa đến An Dương Vương,2025-07-31 07:21:00,100,FRC3,22,33,1141,760,1,False,10.7619261906941,106.68302613820323,0.02,10.0,20.9,Patchy rain nearby
5734,Từ Ngã Sáu Cộng Hòa đến An Dương Vương,2025-07-31 07:21:00,0,FRC3,22,33,1141,760,1,False,10.761156760056346,106.68331581677815,0.02,10.0,20.9,Patchy rain nearby
5735,Từ Cầu Nguyễn Văn Cừ đến An Dương Vương,2025-07-31 07:21:00,700,FRC2,25,34,636,467,1,False,10.755556817425111,106.68578400873503,0.02,10.0,20.9,Patchy rain nearby
5736,Từ Cầu Nguyễn Văn Cừ đến An Dương Vương,2025-07-31 07:21:00,600,FRC2,25,34,636,467,1,False,10.756358876280022,106.6853232069683,0.02,10.0,20.9,Patchy rain nearby
5737,Từ Cầu Nguyễn Văn Cừ đến An Dương Vương,2025-07-31 07:21:00,500,FRC2,25,34,636,467,1,False,10.757138847709548,106.684944289696,0.02,10.0,20.9,Patchy rain nearby
5738,Từ Cầu Nguyễn Văn Cừ đến An Dương Vương,2025-07-31 07:21:00,400,FRC2,25,34,636,467,1,False,10.757963133528543,106.68463303622572,0.02,10.0,20.9,Patchy rain nearby
5739,Từ Cầu Nguyễn Văn Cừ đến An Dương Vương,2025-07-31 07:21:00,300,FRC2,25,34,636,467,1,False,10.758623446871004,106.68435335919212,0.02,10.0,20.9,Patchy rain nearby
5740,Từ Cầu Nguyễn Văn Cừ đến An Dương Vương,2025-07-31 07:21:00,200,FRC6,18,26,943,652,1,False,10.759478749919925,106.68406917123804,0.02,10.0,20.9,Patchy rain nearby
5741,Từ Cầu Nguyễn Văn Cừ đến An Dương Vương,2025-07-31 07:21:00,100,FRC2,25,34,636,467,1,False,10.760311892549737,106.68371280856688,0.02,10.0,20.9,Patchy rain nearby
5742,Từ Cầu Nguyễn Văn Cừ đến An Dương Vương,2025-07-31 07:21:00,0,FRC2,25,34,636,467,1,False,10.761189348756318,106.68340155509297,0.02,10.0,20.9,Patchy rain nearby
5743,Từ Vòng Xoay Trần Phú đến ĐHSP,2025-07-31 07:21:00,1000,FRC4,20,29,287,198,1,False,10.757533515349062,106.67414436746735,0.02,10.0,20.9,Patchy rain nearby
5744,Từ Vòng Xoay Trần Phú đến ĐHSP,2025-07-31 07:21:00,900,FRC4,20,29,287,198,1,False,10.757824186413304,106.67502060044893,0.02,10.0,20.9,Patchy rain nearby
5745,Từ Vòng Xoay Trần Phú đến ĐHSP,2025-07-31 07:21:00,800,FRC4,20,29,287,198,1,False,10.758126036834728,106.67584372840122,0.02,10.0,20.9,Patchy rain nearby
5746,Từ Vòng Xoay Trần Phú đến ĐHSP,2025-07-31 07:21:00,700,FRC4,20,29,287,198,1,False,10.758483785091158,106.67667444278729,0.02,10.0,20.9,Patchy rain nearby
5747,Từ Vòng Xoay Trần Phú đến ĐHSP,2025-07-31 07:21:00,600,FRC4,20,29,287,198,1,False,10.758740916389923,106.67733446243443,0.02,10.0,20.9,Patchy rain nearby
5748,Từ Vòng Xoay Trần Phú đến ĐHSP,2025-07-31 07:21:00,500,FRC4,22,28,263,207,1,False,10.759121023128003,106.67817276325134,0.02,10.0,20.9,Patchy rain nearby
5749,Từ Vòng Xoay Trần Phú đến ĐHSP,2025-07-31 07:21:00,400,FRC4,22,28,263,207,1,False,10.759445231432741,106.6790186505005,0.02,10.0,20.9,Patchy rain nearby
5750,Từ Vòng Xoay Trần Phú đến ĐHSP,2025-07-31 07:21:00,300,FRC4,21,28,276,207,1,False,10.759784345493584,106.67986453775157,0.02,10.0,20.9,Patchy rain nearby
5751,Từ Vòng Xoay Trần Phú đến ĐHSP,2025-07-31 07:21:00,200,FRC4,21,28,276,207,1,False,10.76013091221701,106.68072559786684,0.02,10.0,20.9,Patchy rain nearby
5752,Từ Vòng Xoay Trần Phú đến ĐHSP,2025-07-31 07:21:00,100,FRC4,21,28,273,205,1,False,10.760458845955434,106.6815638986815,0.02,10.0,20.9,Patchy rain nearby
5753,Từ Vòng Xoay Trần Phú đến ĐHSP,2025-07-31 07:21:00,0,FRC4,21,28,273,205,1,False,10.760883668675298,106.6826449653469,0.02,10.0,20.9,Patchy rain nearby
5754,Từ Ngã Sáu Cộng Hòa đến An Dương Vương,2025-07-31 07:43:00,500,FRC3,20,33,1255,760,1,False,10.765163027177051,106.68176325830919,0.02,10.0,20.9,Patchy rain nearby
5755,Từ Ngã Sáu Cộng Hòa đến An Dương Vương,2025-07-31 07:43:00,400,FRC3,20,33,1255,760,1,False,10.764283334954333,106.68210132878986,0.02,10.0,20.9,Patchy rain nearby
5756,Từ Ngã Sáu Cộng Hòa đến An Dương Vương,2025-07-31 07:43:00,300,FRC3,20,33,1255,760,1,False,10.763480856227291,106.68240386571111,0.02,10.0,20.9,Patchy rain nearby
5757,Từ Ngã Sáu Cộng Hòa đến An Dương Vương,2025-07-31 07:43:00,200,FRC3,20,33,1255,760,1,False,10.762642918836454,106.6827364596283,0.02,10.0,20.9,Patchy rain nearby
5758,Từ Ngã Sáu Cộng Hòa đến An Dương Vương,2025-07-31 07:43:00,100,FRC3,20,33,1255,760,1,False,10.7619261906941,106.68302613820323,0.02,10.0,20.9,Patchy rain nearby
5759,Từ Ngã Sáu Cộng Hòa đến An Dương Vương,2025-07-31 07:43:00,0,FRC3,20,33,1255,760,1,False,10.761156760056346,106.68331581677815,0.02,10.0,20.9,Patchy rain nearby
5760,Từ Cầu Nguyễn Văn Cừ đến An Dương Vương,2025-07-31 07:43:00,700,FRC2,26,34,611,467,1,False,10.755556817425111,106.68578400873503,0.02,10.0,20.9,Patchy rain nearby
5761,Từ Cầu Nguyễn Văn Cừ đến An Dương Vương,2025-07-31 07:43:00,600,FRC2,26,34,611,467,1,False,10.756358876280022,106.6853232069683,0.02,10.0,20.9,Patchy rain nearby
5762,Từ Cầu Nguyễn Văn Cừ đến An Dương Vương,2025-07-31 07:43:00,500,FRC2,26,34,611,467,1,False,10.757138847709548,106.684944289696,0.02,10.0,20.9,Patchy rain nearby
5763,Từ Cầu Nguyễn Văn Cừ đến An Dương Vương,2025-07-31 07:43:00,400,FRC2,26,34,611,467,1,False,10.757963133528543,106.68463303622572,0.02,10.0,20.9,Patchy rain nearby
5764,Từ Cầu Nguyễn Văn Cừ đến An Dương Vương,2025-07-31 07:43:00,300,FRC2,26,34,611,467,1,False,10.758623446871004,106.68435335919212,0.02,10.0,20.9,Patchy rain nearby
5765,Từ Cầu Nguyễn Văn Cừ đến An Dương Vương,2025-07-31 07:43:00,200,FRC6,20,26,848,652,1,False,10.759478749919925,106.68406917123804,0.02,10.0,20.9,Patchy rain nearby
5766,Từ Cầu Nguyễn Văn Cừ đến An Dương Vương,2025-07-31 07:43:00,100,FRC2,26,34,611,467,1,False,10.760311892549737,106.68371280856688,0.02,10.0,20.9,Patchy rain nearby
5767,Từ Cầu Nguyễn Văn Cừ đến An Dương Vương,2025-07-31 07:43:00,0,FRC2,26,34,611,467,1,False,10.761189348756318,106.68340155509297,0.02,10.0,20.9,Patchy rain nearby
5768,Từ Vòng Xoay Trần Phú đến ĐHSP,2025-07-31 07:43:00,1000,FRC4,22,28,261,205,1,False,10.757533515349062,106.67414436746735,0.02,10.0,20.9,Patchy rain nearby
5769,Từ Vòng Xoay Trần Phú đến ĐHSP,2025-07-31 07:43:00,900,FRC4,22,28,261,205,1,False,10.757824186413304,106.67502060044893,0.02,10.0,20.9,Patchy rain nearby
5770,Từ Vòng Xoay Trần Phú đến ĐHSP,2025-07-31 07:43:00,800,FRC4,22,28,261,205,1,False,10.758126036834728,106.67584372840122,0.02,10.0,20.9,Patchy rain nearby
5771,Từ Vòng Xoay Trần Phú đến ĐHSP,2025-07-31 07:43:00,700,FRC4,22,28,261,205,1,False,10.758483785091158,106.67667444278729,0.02,10.0,20.9,Patchy rain nearby
5772,Từ Vòng Xoay Trần Phú đến ĐHSP,2025-07-31 07:43:00,600,FRC4,22,28,261,205,1,False,10.758740916389923,106.67733446243443,0.02,10.0,20.9,Patchy rain nearby
5773,Từ Vòng Xoay Trần Phú đến ĐHSP,2025-07-31 07:43:00,500,FRC4,18,28,322,207,1,False,10.759121023128003,106.67817276325134,0.02,10.0,20.9,Patchy rain nearby
5774,Từ Vòng Xoay Trần Phú đến ĐHSP,2025-07-31 07:43:00,400,FRC4,18,28,322,207,1,False,10.759445231432741,106.6790186505005,0.02,10.0,20.9,Patchy rain nearby
5775,Từ Vòng Xoay Trần Phú đến ĐHSP,2025-07-31 07:43:00,300,FRC4,18,28,322,207,1,False,10.759784345493584,106.67986453775157,0.02,10.0,20.9,Patchy rain nearby
5776,Từ Vòng Xoay Trần Phú đến ĐHSP,2025-07-31 07:43:00,200,FRC4,18,28,322,207,1,False,10.76013091221701,106.68072559786684,0.02,10.0,20.9,Patchy rain nearby
5777,Từ Vòng Xoay Trần Phú đến ĐHSP,2025-07-31 07:43:00,100,FRC4,22,28,261,205,1,False,10.760458845955434,106.6815638986815,0.02,10.0,20.9,Patchy rain nearby
5778,Từ Vòng Xoay Trần Phú đến ĐHSP,2025-07-31 07:43:00,0,FRC4,22,28,261,205,1,False,10.760883668675298,106.6826449653469,0.02,10.0,20.9,Patchy rain nearby
5779,Từ Ngã Sáu Cộng Hòa đến An Dương Vương,2025-07-31 07:54:00,500,FRC3,21,32,1195,784,1,False,10.765163027177051,106.68176325830919,0.02,10.0,20.9,Patchy rain nearby
5780,Từ Ngã Sáu Cộng Hòa đến An Dương Vương,2025-07-31 07:54:00,400,FRC3,21,32,1195,784,1,False,10.764283334954333,106.68210132878986,0.02,10.0,20.9,Patchy rain nearby
5781,Từ Ngã Sáu Cộng Hòa đến An Dương Vương,2025-07-31 07:54:00,300,FRC3,21,32,1195,784,1,False,10.763480856227291,106.68240386571111,0.02,10.0,20.9,Patchy rain nearby
5782,Từ Ngã Sáu Cộng Hòa đến An Dương Vương,2025-07-31 07:54:00,200,FRC3,21,32,1195,784,1,False,10.762642918836454,106.6827364596283,0.02,10.0,20.9,Patchy rain nearby
5783,Từ Ngã Sáu Cộng Hòa đến An Dương Vương,2025-07-31 07:54:00,100,FRC3,21,32,1195,784,1,False,10.7619261906941,106.68302613820323,0.02,10.0,20.9,Patchy rain nearby
5784,Từ Ngã Sáu Cộng Hòa đến An Dương Vương,2025-07-31 07:54:00,0,FRC3,21,32,1195,784,1,False,10.761156760056346,106.68331581677815,0.02,10.0,20.9,Patchy rain nearby
5785,Từ Cầu Nguyễn Văn Cừ đến An Dương Vương,2025-07-31 07:54:00,700,FRC2,26,34,611,467,1,False,10.755556817425111,106.68578400873503,0.02,10.0,20.9,Patchy rain nearby
5786,Từ Cầu Nguyễn Văn Cừ đến An Dương Vương,2025-07-31 07:54:00,600,FRC2,26,34,611,467,1,False,10.756358876280022,106.6853232069683,0.02,10.0,20.9,Patchy rain nearby
5787,Từ Cầu Nguyễn Văn Cừ đến An Dương Vương,2025-07-31 07:54:00,500,FRC2,26,34,611,467,1,False,10.757138847709548,106.684944289696,0.02,10.0,20.9,Patchy rain nearby
5788,Từ Cầu Nguyễn Văn Cừ đến An Dương Vương,2025-07-31 07:54:00,400,FRC2,26,34,611,467,1,False,10.757963133528543,106.68463303622572,0.02,10.0,20.9,Patchy rain nearby
5789,Từ Cầu Nguyễn Văn Cừ đến An Dương Vương,2025-07-31 07:54:00,300,FRC2,26,34,611,467,1,False,10.758623446871004,106.68435335919212,0.02,10.0,20.9,Patchy rain nearby
5790,Từ Cầu Nguyễn Văn Cừ đến An Dương Vương,2025-07-31 07:54:00,200,FRC6,20,26,848,652,1,False,10.759478749919925,106.68406917123804,0.02,10.0,20.9,Patchy rain nearby
5791,Từ Cầu Nguyễn Văn Cừ đến An Dương Vương,2025-07-31 07:54:00,100,FRC2,26,34,611,467,1,False,10.760311892549737,106.68371280856688,0.02,10.0,20.9,Patchy rain nearby
5792,Từ Cầu Nguyễn Văn Cừ đến An Dương Vương,2025-07-31 07:54:00,0,FRC2,26,34,611,467,1,False,10.761189348756318,106.68340155509297,0.02,10.0,20.9,Patchy rain nearby
5793,Từ Vòng Xoay Trần Phú đến ĐHSP,2025-07-31 07:54:00,1000,FRC4,18,28,319,205,1,False,10.757533515349062,106.67414436746735,0.02,10.0,20.9,Patchy rain nearby
5794,Từ Vòng Xoay Trần Phú đến ĐHSP,2025-07-31 07:54:00,900,FRC4,18,28,319,205,1,False,10.757824186413304,106.67502060044893,0.02,10.0,20.9,Patchy rain nearby
5795,Từ Vòng Xoay Trần Phú đến ĐHSP,2025-07-31 07:54:00,800,FRC4,18,28,319,205,1,False,10.758126036834728,106.67584372840122,0.02,10.0,20.9,Patchy rain nearby
5796,Từ Vòng Xoay Trần Phú đến ĐHSP,2025-07-31 07:54:00,700,FRC4,18,28,319,205,1,False,10.758483785091158,106.67667444278729,0.02,10.0,20.9,Patchy rain nearby
5797,Từ Vòng Xoay Trần Phú đến ĐHSP,2025-07-31 07:54:00,600,FRC4,18,28,319,205,1,False,10.758740916389923,106.67733446243443,0.02,10.0,20.9,Patchy rain nearby
5798,Từ Vòng Xoay Trần Phú đến ĐHSP,2025-07-31 07:54:00,500,FRC4,22,28,263,207,1,False,10.759121023128003,106.67817276325134,0.02,10.0,20.9,Patchy rain nearby
5799,Từ Vòng Xoay Trần Phú đến ĐHSP,2025-07-31 07:54:00,400,FRC4,22,28,263,207,1,False,10.759445231432741,106.6790186505005,0.02,10.0,20.9,Patchy rain nearby
5800,Từ Vòng Xoay Trần Phú đến ĐHSP,2025-07-31 07:54:00,300,FRC4,22,28,263,207,1,False,10.759784345493584,106.67986453775157,0.02,10.0,20.9,Patchy rain nearby
5801,Từ Vòng Xoay Trần Phú đến ĐHSP,2025-07-31 07:54:00,200,FRC4,22,28,263,207,1,False,10.76013091221701,106.68072559786684,0.02,10.0,20.9,Patchy rain nearby
5802,Từ Vòng Xoay Trần Phú đến ĐHSP,2025-07-31 07:54:00,100,FRC4,18,28,319,205,1,False,10.760458845955434,106.6815638986815,0.02,10.0,20.9,Patchy rain nearby
5803,Từ Vòng Xoay Trần Phú đến ĐHSP,2025-07-31 07:54:00,0,FRC4,18,28,319,205,1,False,10.760883668675298,106.6826449653469,0.02,10.0,20.9,Patchy rain nearby
5804,Từ Ngã Sáu Cộng Hòa đến An Dương Vương,2025-07-31 08:22:00,500,FRC3,22,33,1141,760,1,False,10.765163027177051,106.68176325830919,0.0,10.0,20.2,Partly Cloudy
5805,Từ Ngã Sáu Cộng Hòa đến An Dương Vương,2025-07-31 08:22:00,400,FRC3,22,33,1141,760,1,False,10.764283334954333,106.68210132878986,0.0,10.0,20.2,Partly Cloudy
5806,Từ Ngã Sáu Cộng Hòa đến An Dương Vương,2025-07-31 08:22:00,300,FRC3,22,33,1141,760,1,False,10.763480856227291,106.68240386571111,0.0,10.0,20.2,Partly Cloudy
5807,Từ Ngã Sáu Cộng Hòa đến An Dương Vương,2025-07-31 08:22:00,200,FRC3,22,33,1141,760,1,False,10.762642918836454,106.6827364596283,0.0,10.0,20.2,Partly Cloudy
5808,Từ Ngã Sáu Cộng Hòa đến An Dương Vương,2025-07-31 08:22:00,100,FRC3,22,33,1141,760,1,False,10.7619261906941,106.68302613820323,0.0,10.0,20.2,Partly Cloudy
5809,Từ Ngã Sáu Cộng Hòa đến An Dương Vương,2025-07-31 08:22:00,0,FRC3,22,33,1141,760,1,False,10.761156760056346,106.68331581677815,0.0,10.0,20.2,Partly Cloudy
5810,Từ Cầu Nguyễn Văn Cừ đến An Dương Vương,2025-07-31 08:22:00,700,FRC2,24,34,662,467,1,False,10.755556817425111,106.68578400873503,0.0,10.0,20.2,Partly Cloudy
5811,Từ Cầu Nguyễn Văn Cừ đến An Dương Vương,2025-07-31 08:22:00,600,FRC2,24,34,662,467,1,False,10.756358876280022,106.6853232069683,0.0,10.0,20.2,Partly Cloudy
5812,Từ Cầu Nguyễn Văn Cừ đến An Dương Vương,2025-07-31 08:22:00,500,FRC2,24,34,662,467,1,False,10.757138847709548,106.684944289696,0.0,10.0,20.2,Partly Cloudy
5813,Từ Cầu Nguyễn Văn Cừ đến An Dương Vương,2025-07-31 08:22:00,400,FRC2,24,34,662,467,1,False,10.757963133528543,106.68463303622572,0.0,10.0,20.2,Partly Cloudy
5814,Từ Cầu Nguyễn Văn Cừ đến An Dương Vương,2025-07-31 08:22:00,300,FRC2,24,34,662,467,1,False,10.758623446871004,106.68435335919212,0.0,10.0,20.2,Partly Cloudy
5815,Từ Cầu Nguyễn Văn Cừ đến An Dương Vương,2025-07-31 08:22:00,200,FRC6,19,26,893,652,1,False,10.759478749919925,106.68406917123804,0.0,10.0,20.2,Partly Cloudy
5816,Từ Cầu Nguyễn Văn Cừ đến An Dương Vương,2025-07-31 08:22:00,100,FRC2,24,34,662,467,1,False,10.760311892549737,106.68371280856688,0.0,10.0,20.2,Partly Cloudy
5817,Từ Cầu Nguyễn Văn Cừ đến An Dương Vương,2025-07-31 08:22:00,0,FRC2,24,34,662,467,1,False,10.761189348756318,106.68340155509297,0.0,10.0,20.2,Partly Cloudy
5818,Từ Vòng Xoay Trần Phú đến ĐHSP,2025-07-31 08:23:00,1000,FRC4,20,28,287,205,1,False,10.757533515349062,106.67414436746735,0.0,10.0,20.2,Partly Cloudy
5819,Từ Vòng Xoay Trần Phú đến ĐHSP,2025-07-31 08:23:00,900,FRC4,20,28,287,205,1,False,10.757824186413304,106.67502060044893,0.0,10.0,20.2,Partly Cloudy
5820,Từ Vòng Xoay Trần Phú đến ĐHSP,2025-07-31 08:23:00,800,FRC4,20,28,287,205,1,False,10.758126036834728,106.67584372840122,0.0,10.0,20.2,Partly Cloudy
5821,Từ Vòng Xoay Trần Phú đến ĐHSP,2025-07-31 08:23:00,700,FRC4,20,28,287,205,1,False,10.758483785091158,106.67667444278729,0.0,10.0,20.2,Partly Cloudy
5822,Từ Vòng Xoay Trần Phú đến ĐHSP,2025-07-31 08:23:00,600,FRC4,20,28,287,205,1,False,10.758740916389923,106.67733446243443,0.0,10.0,20.2,Partly Cloudy
5823,Từ Vòng Xoay Trần Phú đến ĐHSP,2025-07-31 08:23:00,500,FRC4,20,28,289,207,1,False,10.759121023128003,106.67817276325134,0.0,10.0,20.2,Partly Cloudy
5824,Từ Vòng Xoay Trần Phú đến ĐHSP,2025-07-31 08:23:00,400,FRC4,20,28,289,207,1,False,10.759445231432741,106.6790186505005,0.0,10.0,20.2,Partly Cloudy
5825,Từ Vòng Xoay Trần Phú đến ĐHSP,2025-07-31 08:23:00,300,FRC4,20,28,289,207,1,False,10.759784345493584,106.67986453775157,0.0,10.0,20.2,Partly Cloudy
5826,Từ Vòng Xoay Trần Phú đến ĐHSP,2025-07-31 08:23:00,200,FRC4,20,28,289,207,1,False,10.76013091221701,106.68072559786684,0.0,10.0,20.2,Partly Cloudy
5827,Từ Vòng Xoay Trần Phú đến ĐHSP,2025-07-31 08:23:00,100,FRC4,20,28,287,205,1,False,10.760458845955434,106.6815638986815,0.0,10.0,20.2,Partly Cloudy
5828,Từ Vòng Xoay Trần Phú đến ĐHSP,2025-07-31 08:23:00,0,FRC4,20,28,287,205,1,False,10.760883668675298,106.6826449653469,0.0,10.0,20.2,Partly Cloudy
5829,Từ Ngã Sáu Cộng Hòa đến An Dương Vương,2025-07-31 08:51:00,500,FRC3,20,33,1255,760,1,False,10.765163027177051,106.68176325830919,0.0,10.0,20.2,Partly cloudy
5830,Từ Ngã Sáu Cộng Hòa đến An Dương Vương,2025-07-31 08:51:00,400,FRC3,20,33,1255,760,1,False,10.764283334954333,106.68210132878986,0.0,10.0,20.2,Partly cloudy
5831,Từ Ngã Sáu Cộng Hòa đến An Dương Vương,2025-07-31 08:51:00,300,FRC3,20,33,1255,760,1,False,10.763480856227291,106.68240386571111,0.0,10.0,20.2,Partly cloudy
5832,Từ Ngã Sáu Cộng Hòa đến An Dương Vương,2025-07-31 08:51:00,200,FRC3,20,33,1255,760,1,False,10.762642918836454,106.6827364596283,0.0,10.0,20.2,Partly cloudy
5833,Từ Ngã Sáu Cộng Hòa đến An Dương Vương,2025-07-31 08:51:00,100,FRC3,20,33,1255,760,1,False,10.7619261906941,106.68302613820323,0.0,10.0,20.2,Partly cloudy
5834,Từ Ngã Sáu Cộng Hòa đến An Dương Vương,2025-07-31 08:51:00,0,FRC3,20,33,1255,760,1,False,10.761156760056346,106.68331581677815,0.0,10.0,20.2,Partly cloudy
5835,Từ Cầu Nguyễn Văn Cừ đến An Dương Vương,2025-07-31 08:51:00,700,FRC2,24,34,662,467,1,False,10.755556817425111,106.68578400873503,0.0,10.0,20.2,Partly cloudy
5836,Từ Cầu Nguyễn Văn Cừ đến An Dương Vương,2025-07-31 08:51:00,600,FRC2,24,34,662,467,1,False,10.756358876280022,106.6853232069683,0.0,10.0,20.2,Partly cloudy
5837,Từ Cầu Nguyễn Văn Cừ đến An Dương Vương,2025-07-31 08:51:00,500,FRC2,24,34,662,467,1,False,10.757138847709548,106.684944289696,0.0,10.0,20.2,Partly cloudy
5838,Từ Cầu Nguyễn Văn Cừ đến An Dương Vương,2025-07-31 08:51:00,400,FRC2,24,34,662,467,1,False,10.757963133528543,106.68463303622572,0.0,10.0,20.2,Partly cloudy
5839,Từ Cầu Nguyễn Văn Cừ đến An Dương Vương,2025-07-31 08:51:00,300,FRC2,24,34,662,467,1,False,10.758623446871004,106.68435335919212,0.0,10.0,20.2,Partly cloudy
5840,Từ Cầu Nguyễn Văn Cừ đến An Dương Vương,2025-07-31 08:51:00,200,FRC6,17,27,998,628,1,False,10.759478749919925,106.68406917123804,0.0,10.0,20.2,Partly cloudy
5841,Từ Cầu Nguyễn Văn Cừ đến An Dương Vương,2025-07-31 08:51:00,100,FRC2,24,34,662,467,1,False,10.760311892549737,106.68371280856688,0.0,10.0,20.2,Partly cloudy
5842,Từ Cầu Nguyễn Văn Cừ đến An Dương Vương,2025-07-31 08:51:00,0,FRC2,24,34,662,467,1,False,10.761189348756318,106.68340155509297,0.0,10.0,20.2,Partly cloudy
5843,Từ Vòng Xoay Trần Phú đến ĐHSP,2025-07-31 08:51:00,1000,FRC4,23,28,249,205,1,False,10.757533515349062,106.67414436746735,0.0,10.0,20.2,Partly cloudy
5844,Từ Vòng Xoay Trần Phú đến ĐHSP,2025-07-31 08:51:00,900,FRC4,23,28,249,205,1,False,10.757824186413304,106.67502060044893,0.0,10.0,20.2,Partly cloudy
5845,Từ Vòng Xoay Trần Phú đến ĐHSP,2025-07-31 08:51:00,800,FRC4,23,28,249,205,1,False,10.758126036834728,106.67584372840122,0.0,10.0,20.2,Partly cloudy
5846,Từ Vòng Xoay Trần Phú đến ĐHSP,2025-07-31 08:51:00,700,FRC4,23,28,249,205,1,False,10.758483785091158,106.67667444278729,0.0,10.0,20.2,Partly cloudy
5847,Từ Vòng Xoay Trần Phú đến ĐHSP,2025-07-31 08:51:00,600,FRC4,23,28,249,205,1,False,10.758740916389923,106.67733446243443,0.0,10.0,20.2,Partly cloudy
5848,Từ Vòng Xoay Trần Phú đến ĐHSP,2025-07-31 08:51:00,500,FRC4,19,28,305,207,1,False,10.759121023128003,106.67817276325134,0.0,10.0,20.2,Partly cloudy
5849,Từ Vòng Xoay Trần Phú đến ĐHSP,2025-07-31 08:51:00,400,FRC4,19,28,305,207,1,False,10.759445231432741,106.6790186505005,0.0,10.0,20.2,Partly cloudy
5850,Từ Vòng Xoay Trần Phú đến ĐHSP,2025-07-31 08:51:00,300,FRC4,19,28,305,207,1,False,10.759784345493584,106.67986453775157,0.0,10.0,20.2,Partly cloudy
5851,Từ Vòng Xoay Trần Phú đến ĐHSP,2025-07-31 08:51:00,200,FRC4,19,28,305,207,1,False,10.76013091221701,106.68072559786684,0.0,10.0,20.2,Partly cloudy
5852,Từ Vòng Xoay Trần Phú đến ĐHSP,2025-07-31 08:51:00,100,FRC4,23,28,249,205,1,False,10.760458845955434,106.6815638986815,0.0,10.0,20.2,Partly cloudy
5853,Từ Vòng Xoay Trần Phú đến ĐHSP,2025-07-31 08:51:00,0,FRC4,23,28,249,205,1,False,10.760883668675298,106.6826449653469,0.0,10.0,20.2,Partly cloudy
5854,Từ Ngã Sáu Cộng Hòa đến An Dương Vương,2025-07-31 11:17:00,500,FRC3,18,32,1394,784,1,False,10.765163027177051,106.68176325830919,0.0,10.0,19.4,Partly Cloudy
5855,Từ Ngã Sáu Cộng Hòa đến An Dương Vương,2025-07-31 11:17:00,400,FRC3,18,32,1394,784,1,False,10.764283334954333,106.68210132878986,0.0,10.0,19.4,Partly Cloudy
5856,Từ Ngã Sáu Cộng Hòa đến An Dương Vương,2025-07-31 11:17:00,300,FRC3,18,32,1394,784,1,False,10.763480856227291,106.68240386571111,0.0,10.0,19.4,Partly Cloudy
5857,Từ Ngã Sáu Cộng Hòa đến An Dương Vương,2025-07-31 11:17:00,200,FRC3,18,32,1394,784,1,False,10.762642918836454,106.6827364596283,0.0,10.0,19.4,Partly Cloudy
5858,Từ Ngã Sáu Cộng Hòa đến An Dương Vương,2025-07-31 11:17:00,100,FRC3,18,32,1394,784,1,False,10.7619261906941,106.68302613820323,0.0,10.0,19.4,Partly Cloudy
5859,Từ Ngã Sáu Cộng Hòa đến An Dương Vương,2025-07-31 11:17:00,0,FRC3,18,32,1394,784,1,False,10.761156760056346,106.68331581677815,0.0,10.0,19.4,Partly Cloudy
5860,Từ Cầu Nguyễn Văn Cừ đến An Dương Vương,2025-07-31 11:17:00,700,FRC2,21,34,757,467,1,False,10.755556817425111,106.68578400873503,0.0,10.0,19.4,Partly Cloudy
5861,Từ Cầu Nguyễn Văn Cừ đến An Dương Vương,2025-07-31 11:17:00,600,FRC2,21,34,757,467,1,False,10.756358876280022,106.6853232069683,0.0,10.0,19.4,Partly Cloudy
5862,Từ Cầu Nguyễn Văn Cừ đến An Dương Vương,2025-07-31 11:17:00,500,FRC2,21,34,757,467,1,False,10.757138847709548,106.684944289696,0.0,10.0,19.4,Partly Cloudy
5863,Từ Cầu Nguyễn Văn Cừ đến An Dương Vương,2025-07-31 11:17:00,400,FRC2,21,34,757,467,1,False,10.757963133528543,106.68463303622572,0.0,10.0,19.4,Partly Cloudy
5864,Từ Cầu Nguyễn Văn Cừ đến An Dương Vương,2025-07-31 11:17:00,300,FRC2,21,34,757,467,1,False,10.758623446871004,106.68435335919212,0.0,10.0,19.4,Partly Cloudy
5865,Từ Cầu Nguyễn Văn Cừ đến An Dương Vương,2025-07-31 11:17:00,200,FRC6,19,26,893,652,1,False,10.759478749919925,106.68406917123804,0.0,10.0,19.4,Partly Cloudy
5866,Từ Cầu Nguyễn Văn Cừ đến An Dương Vương,2025-07-31 11:17:00,100,FRC2,21,34,757,467,1,False,10.760311892549737,106.68371280856688,0.0,10.0,19.4,Partly Cloudy
5867,Từ Cầu Nguyễn Văn Cừ đến An Dương Vương,2025-07-31 11:17:00,0,FRC2,21,34,757,467,1,False,10.761189348756318,106.68340155509297,0.0,10.0,19.4,Partly Cloudy
5868,Từ Vòng Xoay Trần Phú đến ĐHSP,2025-07-31 11:17:00,1000,FRC4,22,28,261,205,1,False,10.757533515349062,106.67414436746735,0.0,10.0,19.4,Partly Cloudy
5869,Từ Vòng Xoay Trần Phú đến ĐHSP,2025-07-31 11:17:00,900,FRC4,22,28,261,205,1,False,10.757824186413304,106.67502060044893,0.0,10.0,19.4,Partly Cloudy
5870,Từ Vòng Xoay Trần Phú đến ĐHSP,2025-07-31 11:17:00,800,FRC4,22,28,261,205,1,False,10.758126036834728,106.67584372840122,0.0,10.0,19.4,Partly Cloudy
5871,Từ Vòng Xoay Trần Phú đến ĐHSP,2025-07-31 11:17:00,700,FRC4,22,28,261,205,1,False,10.758483785091158,106.67667444278729,0.0,10.0,19.4,Partly Cloudy
5872,Từ Vòng Xoay Trần Phú đến ĐHSP,2025-07-31 11:17:00,600,FRC4,22,28,261,205,1,False,10.758740916389923,106.67733446243443,0.0,10.0,19.4,Partly Cloudy
5873,Từ Vòng Xoay Trần Phú đến ĐHSP,2025-07-31 11:17:00,500,FRC4,19,27,305,214,0.99,False,10.759121023128003,106.67817276325134,0.0,10.0,19.4,Partly Cloudy
5874,Từ Vòng Xoay Trần Phú đến ĐHSP,2025-07-31 11:17:00,400,FRC4,19,27,305,214,0.99,False,10.759445231432741,106.6790186505005,0.0,10.0,19.4,Partly Cloudy
5875,Từ Vòng Xoay Trần Phú đến ĐHSP,2025-07-31 11:17:00,300,FRC4,19,27,305,214,0.99,False,10.759784345493584,106.67986453775157,0.0,10.0,19.4,Partly Cloudy
5876,Từ Vòng Xoay Trần Phú đến ĐHSP,2025-07-31 11:17:00,200,FRC4,19,27,305,214,0.99,False,10.76013091221701,106.68072559786684,0.0,10.0,19.4,Partly Cloudy
5877,Từ Vòng Xoay Trần Phú đến ĐHSP,2025-07-31 11:17:00,100,FRC4,22,28,261,205,1,False,10.760458845955434,106.6815638986815,0.0,10.0,19.4,Partly Cloudy
5878,Từ Vòng Xoay Trần Phú đến ĐHSP,2025-07-31 11:17:00,0,FRC4,22,28,261,205,1,False,10.760883668675298,106.6826449653469,0.0,10.0,19.4,Partly Cloudy
5879,Từ Ngã Sáu Cộng Hòa đến An Dương Vương,2025-07-31 11:41:00,500,FRC3,17,32,1476,784,1,False,10.765163027177051,106.68176325830919,0.0,10.0,19.4,Partly Cloudy
5880,Từ Ngã Sáu Cộng Hòa đến An Dương Vương,2025-07-31 11:41:00,400,FRC3,17,32,1476,784,1,False,10.764283334954333,106.68210132878986,0.0,10.0,19.4,Partly Cloudy
5881,Từ Ngã Sáu Cộng Hòa đến An Dương Vương,2025-07-31 11:41:00,300,FRC3,17,32,1476,784,1,False,10.763480856227291,106.68240386571111,0.0,10.0,19.4,Partly Cloudy
5882,Từ Ngã Sáu Cộng Hòa đến An Dương Vương,2025-07-31 11:41:00,200,FRC3,17,32,1476,784,1,False,10.762642918836454,106.6827364596283,0.0,10.0,19.4,Partly Cloudy
5883,Từ Ngã Sáu Cộng Hòa đến An Dương Vương,2025-07-31 11:41:00,100,FRC3,17,32,1476,784,1,False,10.7619261906941,106.68302613820323,0.0,10.0,19.4,Partly Cloudy
5884,Từ Ngã Sáu Cộng Hòa đến An Dương Vương,2025-07-31 11:41:00,0,FRC3,17,32,1476,784,1,False,10.761156760056346,106.68331581677815,0.0,10.0,19.4,Partly Cloudy
5885,Từ Cầu Nguyễn Văn Cừ đến An Dương Vương,2025-07-31 11:41:00,700,FRC2,21,34,757,467,1,False,10.755556817425111,106.68578400873503,0.0,10.0,19.4,Partly Cloudy
5886,Từ Cầu Nguyễn Văn Cừ đến An Dương Vương,2025-07-31 11:41:00,600,FRC2,21,34,757,467,1,False,10.756358876280022,106.6853232069683,0.0,10.0,19.4,Partly Cloudy
5887,Từ Cầu Nguyễn Văn Cừ đến An Dương Vương,2025-07-31 11:41:00,500,FRC2,21,34,757,467,1,False,10.757138847709548,106.684944289696,0.0,10.0,19.4,Partly Cloudy
5888,Từ Cầu Nguyễn Văn Cừ đến An Dương Vương,2025-07-31 11:41:00,400,FRC2,21,34,757,467,1,False,10.757963133528543,106.68463303622572,0.0,10.0,19.4,Partly Cloudy
5889,Từ Cầu Nguyễn Văn Cừ đến An Dương Vương,2025-07-31 11:41:00,300,FRC2,21,34,757,467,1,False,10.758623446871004,106.68435335919212,0.0,10.0,19.4,Partly Cloudy
5890,Từ Cầu Nguyễn Văn Cừ đến An Dương Vương,2025-07-31 11:41:00,200,FRC6,17,26,998,652,1,False,10.759478749919925,106.68406917123804,0.0,10.0,19.4,Partly Cloudy
5891,Từ Cầu Nguyễn Văn Cừ đến An Dương Vương,2025-07-31 11:41:00,100,FRC2,21,34,757,467,1,False,10.760311892549737,106.68371280856688,0.0,10.0,19.4,Partly Cloudy
5892,Từ Cầu Nguyễn Văn Cừ đến An Dương Vương,2025-07-31 11:41:00,0,FRC2,21,34,757,467,1,False,10.761189348756318,106.68340155509297,0.0,10.0,19.4,Partly Cloudy
5893,Từ Vòng Xoay Trần Phú đến ĐHSP,2025-07-31 11:41:00,1000,FRC4,20,28,287,205,1,False,10.757533515349062,106.67414436746735,0.0,10.0,19.4,Partly Cloudy
5894,Từ Vòng Xoay Trần Phú đến ĐHSP,2025-07-31 11:41:00,900,FRC4,20,28,287,205,1,False,10.757824186413304,106.67502060044893,0.0,10.0,19.4,Partly Cloudy
5895,Từ Vòng Xoay Trần Phú đến ĐHSP,2025-07-31 11:41:00,800,FRC4,20,28,287,205,1,False,10.758126036834728,106.67584372840122,0.0,10.0,19.4,Partly Cloudy
5896,Từ Vòng Xoay Trần Phú đến ĐHSP,2025-07-31 11:41:00,700,FRC4,20,28,287,205,1,False,10.758483785091158,106.67667444278729,0.0,10.0,19.4,Partly Cloudy
5897,Từ Vòng Xoay Trần Phú đến ĐHSP,2025-07-31 11:41:00,600,FRC4,20,28,287,205,1,False,10.758740916389923,106.67733446243443,0.0,10.0,19.4,Partly Cloudy
5898,Từ Vòng Xoay Trần Phú đến ĐHSP,2025-07-31 11:41:00,500,FRC4,20,28,289,207,1,False,10.759121023128003,106.67817276325134,0.0,10.0,19.4,Partly Cloudy
5899,Từ Vòng Xoay Trần Phú đến ĐHSP,2025-07-31 11:41:00,400,FRC4,20,28,289,207,1,False,10.759445231432741,106.6790186505005,0.0,10.0,19.4,Partly Cloudy
5900,Từ Vòng Xoay Trần Phú đến ĐHSP,2025-07-31 11:41:00,300,FRC4,20,28,289,207,1,False,10.759784345493584,106.67986453775157,0.0,10.0,19.4,Partly Cloudy
5901,Từ Vòng Xoay Trần Phú đến ĐHSP,2025-07-31 11:41:00,200,FRC4,20,28,289,207,1,False,10.76013091221701,106.68072559786684,0.0,10.0,19.4,Partly Cloudy
5902,Từ Vòng Xoay Trần Phú đến ĐHSP,2025-07-31 11:41:00,100,FRC4,20,28,287,205,1,False,10.760458845955434,106.6815638986815,0.0,10.0,19.4,Partly Cloudy
5903,Từ Vòng Xoay Trần Phú đến ĐHSP,2025-07-31 11:41:00,0,FRC4,20,28,287,205,1,False,10.760883668675298,106.6826449653469,0.0,10.0,19.4,Partly Cloudy
5904,Từ Ngã Sáu Cộng Hòa đến An Dương Vương,2025-07-31 11:52:00,500,FRC3,19,33,1321,760,1,False,10.765163027177051,106.68176325830919,0.0,10.0,19.4,Partly Cloudy
5905,Từ Ngã Sáu Cộng Hòa đến An Dương Vương,2025-07-31 11:52:00,400,FRC3,19,33,1321,760,1,False,10.764283334954333,106.68210132878986,0.0,10.0,19.4,Partly Cloudy
5906,Từ Ngã Sáu Cộng Hòa đến An Dương Vương,2025-07-31 11:52:00,300,FRC3,19,33,1321,760,1,False,10.763480856227291,106.68240386571111,0.0,10.0,19.4,Partly Cloudy
5907,Từ Ngã Sáu Cộng Hòa đến An Dương Vương,2025-07-31 11:52:00,200,FRC3,19,33,1321,760,1,False,10.762642918836454,106.6827364596283,0.0,10.0,19.4,Partly Cloudy
5908,Từ Ngã Sáu Cộng Hòa đến An Dương Vương,2025-07-31 11:52:00,100,FRC3,19,33,1321,760,1,False,10.7619261906941,106.68302613820323,0.0,10.0,19.4,Partly Cloudy
5909,Từ Ngã Sáu Cộng Hòa đến An Dương Vương,2025-07-31 11:52:00,0,FRC3,19,33,1321,760,1,False,10.761156760056346,106.68331581677815,0.0,10.0,19.4,Partly Cloudy
5910,Từ Cầu Nguyễn Văn Cừ đến An Dương Vương,2025-07-31 11:52:00,700,FRC2,23,35,691,454,1,False,10.755556817425111,106.68578400873503,0.0,10.0,19.4,Partly Cloudy
5911,Từ Cầu Nguyễn Văn Cừ đến An Dương Vương,2025-07-31 11:52:00,600,FRC2,23,34,691,467,1,False,10.756358876280022,106.6853232069683,0.0,10.0,19.4,Partly Cloudy
5912,Từ Cầu Nguyễn Văn Cừ đến An Dương Vương,2025-07-31 11:52:00,500,FRC2,23,34,691,467,1,False,10.757138847709548,106.684944289696,0.0,10.0,19.4,Partly Cloudy
5913,Từ Cầu Nguyễn Văn Cừ đến An Dương Vương,2025-07-31 11:52:00,400,FRC2,23,34,691,467,1,False,10.757963133528543,106.68463303622572,0.0,10.0,19.4,Partly Cloudy
5914,Từ Cầu Nguyễn Văn Cừ đến An Dương Vương,2025-07-31 11:52:00,300,FRC2,23,34,691,467,1,False,10.758623446871004,106.68435335919212,0.0,10.0,19.4,Partly Cloudy
5915,Từ Cầu Nguyễn Văn Cừ đến An Dương Vương,2025-07-31 11:52:00,200,FRC6,17,26,998,652,1,False,10.759478749919925,106.68406917123804,0.0,10.0,19.4,Partly Cloudy
5916,Từ Cầu Nguyễn Văn Cừ đến An Dương Vương,2025-07-31 11:52:00,100,FRC2,23,34,691,467,1,False,10.760311892549737,106.68371280856688,0.0,10.0,19.4,Partly Cloudy
5917,Từ Cầu Nguyễn Văn Cừ đến An Dương Vương,2025-07-31 11:52:00,0,FRC2,23,34,691,467,1,False,10.761189348756318,106.68340155509297,0.0,10.0,19.4,Partly Cloudy
5918,Từ Vòng Xoay Trần Phú đến ĐHSP,2025-07-31 11:52:00,1000,FRC4,19,27,302,212,1,False,10.757533515349062,106.67414436746735,0.0,10.0,19.4,Partly Cloudy
5919,Từ Vòng Xoay Trần Phú đến ĐHSP,2025-07-31 11:52:00,900,FRC4,19,27,302,212,1,False,10.757824186413304,106.67502060044893,0.0,10.0,19.4,Partly Cloudy
5920,Từ Vòng Xoay Trần Phú đến ĐHSP,2025-07-31 11:52:00,800,FRC4,19,27,302,212,1,False,10.758126036834728,106.67584372840122,0.0,10.0,19.4,Partly Cloudy
5921,Từ Vòng Xoay Trần Phú đến ĐHSP,2025-07-31 11:52:00,700,FRC4,19,27,302,212,1,False,10.758483785091158,106.67667444278729,0.0,10.0,19.4,Partly Cloudy
5922,Từ Vòng Xoay Trần Phú đến ĐHSP,2025-07-31 11:52:00,600,FRC4,19,27,302,212,1,False,10.758740916389923,106.67733446243443,0.0,10.0,19.4,Partly Cloudy
5923,Từ Vòng Xoay Trần Phú đến ĐHSP,2025-07-31 11:52:00,500,FRC4,22,28,263,207,1,False,10.759121023128003,106.67817276325134,0.0,10.0,19.4,Partly Cloudy
5924,Từ Vòng Xoay Trần Phú đến ĐHSP,2025-07-31 11:52:00,400,FRC4,22,28,263,207,1,False,10.759445231432741,106.6790186505005,0.0,10.0,19.4,Partly Cloudy
5925,Từ Vòng Xoay Trần Phú đến ĐHSP,2025-07-31 11:52:00,300,FRC4,22,28,263,207,1,False,10.759784345493584,106.67986453775157,0.0,10.0,19.4,Partly Cloudy
5926,Từ Vòng Xoay Trần Phú đến ĐHSP,2025-07-31 11:52:00,200,FRC4,22,28,263,207,1,False,10.76013091221701,106.68072559786684,0.0,10.0,19.4,Partly Cloudy
5927,Từ Vòng Xoay Trần Phú đến ĐHSP,2025-07-31 11:52:00,100,FRC4,19,27,302,212,1,False,10.760458845955434,106.6815638986815,0.0,10.0,19.4,Partly Cloudy
5928,Từ Vòng Xoay Trần Phú đến ĐHSP,2025-07-31 11:52:00,0,FRC4,19,27,302,212,1,False,10.760883668675298,106.6826449653469,0.0,10.0,19.4,Partly Cloudy
5929,Từ Ngã Sáu Cộng Hòa đến An Dương Vương,2025-07-31 12:41:00,500,FRC3,20,33,1255,760,1,False,10.765163027177051,106.68176325830919,0.0,10.0,21.2,Partly Cloudy
5930,Từ Ngã Sáu Cộng Hòa đến An Dương Vương,2025-07-31 12:41:00,400,FRC3,20,33,1255,760,1,False,10.764283334954333,106.68210132878986,0.0,10.0,21.2,Partly Cloudy
5931,Từ Ngã Sáu Cộng Hòa đến An Dương Vương,2025-07-31 12:41:00,300,FRC3,20,33,1255,760,1,False,10.763480856227291,106.68240386571111,0.0,10.0,21.2,Partly Cloudy
5932,Từ Ngã Sáu Cộng Hòa đến An Dương Vương,2025-07-31 12:41:00,200,FRC3,20,33,1255,760,1,False,10.762642918836454,106.6827364596283,0.0,10.0,21.2,Partly Cloudy
5933,Từ Ngã Sáu Cộng Hòa đến An Dương Vương,2025-07-31 12:41:00,100,FRC3,20,33,1255,760,1,False,10.7619261906941,106.68302613820323,0.0,10.0,21.2,Partly Cloudy
5934,Từ Ngã Sáu Cộng Hòa đến An Dương Vương,2025-07-31 12:41:00,0,FRC3,20,33,1255,760,1,False,10.761156760056346,106.68331581677815,0.0,10.0,21.2,Partly Cloudy
5935,Từ Cầu Nguyễn Văn Cừ đến An Dương Vương,2025-07-31 12:41:00,700,FRC2,24,34,662,467,1,False,10.755556817425111,106.68578400873503,0.0,10.0,21.2,Partly Cloudy
5936,Từ Cầu Nguyễn Văn Cừ đến An Dương Vương,2025-07-31 12:41:00,600,FRC2,24,34,662,467,1,False,10.756358876280022,106.6853232069683,0.0,10.0,21.2,Partly Cloudy
5937,Từ Cầu Nguyễn Văn Cừ đến An Dương Vương,2025-07-31 12:41:00,500,FRC2,24,34,662,467,1,False,10.757138847709548,106.684944289696,0.0,10.0,21.2,Partly Cloudy
5938,Từ Cầu Nguyễn Văn Cừ đến An Dương Vương,2025-07-31 12:41:00,400,FRC2,24,34,662,467,1,False,10.757963133528543,106.68463303622572,0.0,10.0,21.2,Partly Cloudy
5939,Từ Cầu Nguyễn Văn Cừ đến An Dương Vương,2025-07-31 12:41:00,300,FRC2,24,34,662,467,1,False,10.758623446871004,106.68435335919212,0.0,10.0,21.2,Partly Cloudy
5940,Từ Cầu Nguyễn Văn Cừ đến An Dương Vương,2025-07-31 12:41:00,200,FRC6,18,26,943,652,1,False,10.759478749919925,106.68406917123804,0.0,10.0,21.2,Partly Cloudy
5941,Từ Cầu Nguyễn Văn Cừ đến An Dương Vương,2025-07-31 12:41:00,100,FRC2,24,34,662,467,1,False,10.760311892549737,106.68371280856688,0.0,10.0,21.2,Partly Cloudy
5942,Từ Cầu Nguyễn Văn Cừ đến An Dương Vương,2025-07-31 12:41:00,0,FRC2,24,34,662,467,1,False,10.761189348756318,106.68340155509297,0.0,10.0,21.2,Partly Cloudy
5943,Từ Vòng Xoay Trần Phú đến ĐHSP,2025-07-31 12:41:00,1000,FRC4,22,29,261,198,1,False,10.757533515349062,106.67414436746735,0.0,10.0,21.2,Partly Cloudy
5944,Từ Vòng Xoay Trần Phú đến ĐHSP,2025-07-31 12:41:00,900,FRC4,22,29,261,198,1,False,10.757824186413304,106.67502060044893,0.0,10.0,21.2,Partly Cloudy
5945,Từ Vòng Xoay Trần Phú đến ĐHSP,2025-07-31 12:41:00,800,FRC4,22,29,261,198,1,False,10.758126036834728,106.67584372840122,0.0,10.0,21.2,Partly Cloudy
5946,Từ Vòng Xoay Trần Phú đến ĐHSP,2025-07-31 12:41:00,700,FRC4,22,29,261,198,1,False,10.758483785091158,106.67667444278729,0.0,10.0,21.2,Partly Cloudy
5947,Từ Vòng Xoay Trần Phú đến ĐHSP,2025-07-31 12:41:00,600,FRC4,22,29,261,198,1,False,10.758740916389923,106.67733446243443,0.0,10.0,21.2,Partly Cloudy
5948,Từ Vòng Xoay Trần Phú đến ĐHSP,2025-07-31 12:41:00,500,FRC4,20,27,289,214,1,False,10.759121023128003,106.67817276325134,0.0,10.0,21.2,Partly Cloudy
5949,Từ Vòng Xoay Trần Phú đến ĐHSP,2025-07-31 12:41:00,400,FRC4,20,27,289,214,1,False,10.759445231432741,106.6790186505005,0.0,10.0,21.2,Partly Cloudy
5950,Từ Vòng Xoay Trần Phú đến ĐHSP,2025-07-31 12:41:00,300,FRC4,20,27,289,214,1,False,10.759784345493584,106.67986453775157,0.0,10.0,21.2,Partly Cloudy
5951,Từ Vòng Xoay Trần Phú đến ĐHSP,2025-07-31 12:41:00,200,FRC4,20,27,289,214,1,False,10.76013091221701,106.68072559786684,0.0,10.0,21.2,Partly Cloudy
5952,Từ Vòng Xoay Trần Phú đến ĐHSP,2025-07-31 12:41:00,100,FRC4,22,29,261,198,1,False,10.760458845955434,106.6815638986815,0.0,10.0,21.2,Partly Cloudy
5953,Từ Vòng Xoay Trần Phú đến ĐHSP,2025-07-31 12:41:00,0,FRC4,22,29,261,198,1,False,10.760883668675298,106.6826449653469,0.0,10.0,21.2,Partly Cloudy
5954,Từ Ngã Sáu Cộng Hòa đến An Dương Vương,2025-07-31 13:27:00,500,FRC3,21,32,1195,784,1,False,10.765163027177051,106.68176325830919,0.0,10.0,20.5,Clear
5955,Từ Ngã Sáu Cộng Hòa đến An Dương Vương,2025-07-31 13:27:00,400,FRC3,21,32,1195,784,1,False,10.764283334954333,106.68210132878986,0.0,10.0,20.5,Clear
5956,Từ Ngã Sáu Cộng Hòa đến An Dương Vương,2025-07-31 13:27:00,300,FRC3,21,32,1195,784,1,False,10.763480856227291,106.68240386571111,0.0,10.0,20.5,Clear
5957,Từ Ngã Sáu Cộng Hòa đến An Dương Vương,2025-07-31 13:27:00,200,FRC3,21,32,1195,784,1,False,10.762642918836454,106.6827364596283,0.0,10.0,20.5,Clear
5958,Từ Ngã Sáu Cộng Hòa đến An Dương Vương,2025-07-31 13:27:00,100,FRC3,21,32,1195,784,1,False,10.7619261906941,106.68302613820323,0.0,10.0,20.5,Clear
5959,Từ Ngã Sáu Cộng Hòa đến An Dương Vương,2025-07-31 13:27:00,0,FRC3,21,32,1195,784,1,False,10.761156760056346,106.68331581677815,0.0,10.0,20.5,Clear
5960,Từ Cầu Nguyễn Văn Cừ đến An Dương Vương,2025-07-31 13:27:00,700,FRC2,23,34,691,467,1,False,10.755556817425111,106.68578400873503,0.0,10.0,20.5,Clear
5961,Từ Cầu Nguyễn Văn Cừ đến An Dương Vương,2025-07-31 13:27:00,600,FRC2,23,34,691,467,1,False,10.756358876280022,106.6853232069683,0.0,10.0,20.5,Clear
5962,Từ Cầu Nguyễn Văn Cừ đến An Dương Vương,2025-07-31 13:27:00,500,FRC2,23,34,691,467,1,False,10.757138847709548,106.684944289696,0.0,10.0,20.5,Clear
5963,Từ Cầu Nguyễn Văn Cừ đến An Dương Vương,2025-07-31 13:27:00,400,FRC2,23,34,691,467,1,False,10.757963133528543,106.68463303622572,0.0,10.0,20.5,Clear
5964,Từ Cầu Nguyễn Văn Cừ đến An Dương Vương,2025-07-31 13:27:00,300,FRC2,23,34,691,467,1,False,10.758623446871004,106.68435335919212,0.0,10.0,20.5,Clear
5965,Từ Cầu Nguyễn Văn Cừ đến An Dương Vương,2025-07-31 13:27:00,200,FRC6,18,26,943,652,1,False,10.759478749919925,106.68406917123804,0.0,10.0,20.5,Clear
5966,Từ Cầu Nguyễn Văn Cừ đến An Dương Vương,2025-07-31 13:27:00,100,FRC2,23,34,691,467,1,False,10.760311892549737,106.68371280856688,0.0,10.0,20.5,Clear
5967,Từ Cầu Nguyễn Văn Cừ đến An Dương Vương,2025-07-31 13:27:00,0,FRC2,23,34,691,467,1,False,10.761189348756318,106.68340155509297,0.0,10.0,20.5,Clear
5968,Từ Vòng Xoay Trần Phú đến ĐHSP,2025-07-31 13:27:00,1000,FRC4,21,28,273,205,1,False,10.757533515349062,106.67414436746735,0.0,10.0,20.5,Clear
5969,Từ Vòng Xoay Trần Phú đến ĐHSP,2025-07-31 13:27:00,900,FRC4,21,28,273,205,1,False,10.757824186413304,106.67502060044893,0.0,10.0,20.5,Clear
5970,Từ Vòng Xoay Trần Phú đến ĐHSP,2025-07-31 13:27:00,800,FRC4,21,28,273,205,1,False,10.758126036834728,106.67584372840122,0.0,10.0,20.5,Clear
5971,Từ Vòng Xoay Trần Phú đến ĐHSP,2025-07-31 13:27:00,700,FRC4,21,28,273,205,1,False,10.758483785091158,106.67667444278729,0.0,10.0,20.5,Clear
5972,Từ Vòng Xoay Trần Phú đến ĐHSP,2025-07-31 13:27:00,600,FRC4,21,28,273,205,1,False,10.758740916389923,106.67733446243443,0.0,10.0,20.5,Clear
5973,Từ Vòng Xoay Trần Phú đến ĐHSP,2025-07-31 13:27:00,500,FRC4,19,27,305,214,1,False,10.759121023128003,106.67817276325134,0.0,10.0,20.5,Clear
5974,Từ Vòng Xoay Trần Phú đến ĐHSP,2025-07-31 13:27:00,400,FRC4,19,27,305,214,1,False,10.759445231432741,106.6790186505005,0.0,10.0,20.5,Clear
5975,Từ Vòng Xoay Trần Phú đến ĐHSP,2025-07-31 13:27:00,300,FRC4,19,27,305,214,1,False,10.759784345493584,106.67986453775157,0.0,10.0,20.5,Clear
5976,Từ Vòng Xoay Trần Phú đến ĐHSP,2025-07-31 13:27:00,200,FRC4,19,27,305,214,1,False,10.76013091221701,106.68072559786684,0.0,10.0,20.5,Clear
5977,Từ Vòng Xoay Trần Phú đến ĐHSP,2025-07-31 13:27:00,100,FRC4,21,28,273,205,1,False,10.760458845955434,106.6815638986815,0.0,10.0,20.5,Clear
5978,Từ Vòng Xoay Trần Phú đến ĐHSP,2025-07-31 13:27:00,0,FRC4,21,28,273,205,1,False,10.760883668675298,106.6826449653469,0.0,10.0,20.5,Clear
5979,Từ Ngã Sáu Cộng Hòa đến An Dương Vương,2025-07-31 16:16:00,500,FRC3,33,33,760,760,1,False,10.765163027177051,106.68176325830919,0.0,10.0,19.1,Clear
5980,Từ Ngã Sáu Cộng Hòa đến An Dương Vương,2025-07-31 16:16:00,400,FRC3,33,33,760,760,1,False,10.764283334954333,106.68210132878986,0.0,10.0,19.1,Clear
5981,Từ Ngã Sáu Cộng Hòa đến An Dương Vương,2025-07-31 16:16:00,300,FRC3,33,33,760,760,1,False,10.763480856227291,106.68240386571111,0.0,10.0,19.1,Clear
5982,Từ Ngã Sáu Cộng Hòa đến An Dương Vương,2025-07-31 16:16:00,200,FRC3,33,33,760,760,1,False,10.762642918836454,106.6827364596283,0.0,10.0,19.1,Clear
5983,Từ Ngã Sáu Cộng Hòa đến An Dương Vương,2025-07-31 16:16:00,100,FRC3,33,33,760,760,1,False,10.7619261906941,106.68302613820323,0.0,10.0,19.1,Clear
5984,Từ Ngã Sáu Cộng Hòa đến An Dương Vương,2025-07-31 16:16:00,0,FRC3,33,33,760,760,1,False,10.761156760056346,106.68331581677815,0.0,10.0,19.1,Clear
5985,Từ Cầu Nguyễn Văn Cừ đến An Dương Vương,2025-07-31 16:16:00,700,FRC2,35,35,454,454,1,False,10.755556817425111,106.68578400873503,0.0,10.0,19.1,Clear
5986,Từ Cầu Nguyễn Văn Cừ đến An Dương Vương,2025-07-31 16:16:00,600,FRC2,35,35,454,454,1,False,10.756358876280022,106.6853232069683,0.0,10.0,19.1,Clear
5987,Từ Cầu Nguyễn Văn Cừ đến An Dương Vương,2025-07-31 16:16:00,500,FRC2,35,35,454,454,1,False,10.757138847709548,106.684944289696,0.0,10.0,19.1,Clear
5988,Từ Cầu Nguyễn Văn Cừ đến An Dương Vương,2025-07-31 16:16:00,400,FRC2,35,35,454,454,1,False,10.757963133528543,106.68463303622572,0.0,10.0,19.1,Clear
5989,Từ Cầu Nguyễn Văn Cừ đến An Dương Vương,2025-07-31 16:16:00,300,FRC2,35,35,454,454,1,False,10.758623446871004,106.68435335919212,0.0,10.0,19.1,Clear
5990,Từ Cầu Nguyễn Văn Cừ đến An Dương Vương,2025-07-31 16:16:00,200,FRC6,21,26,808,652,1,False,10.759478749919925,106.68406917123804,0.0,10.0,19.1,Clear
5991,Từ Cầu Nguyễn Văn Cừ đến An Dương Vương,2025-07-31 16:16:00,100,FRC2,35,35,454,454,1,False,10.760311892549737,106.68371280856688,0.0,10.0,19.1,Clear
5992,Từ Cầu Nguyễn Văn Cừ đến An Dương Vương,2025-07-31 16:16:00,0,FRC2,35,35,454,454,1,False,10.761189348756318,106.68340155509297,0.0,10.0,19.1,Clear
5993,Từ Vòng Xoay Trần Phú đến ĐHSP,2025-07-31 16:16:00,1000,FRC4,29,29,198,198,1,False,10.757533515349062,106.67414436746735,0.0,10.0,19.1,Clear
5994,Từ Vòng Xoay Trần Phú đến ĐHSP,2025-07-31 16:16:00,900,FRC4,29,29,198,198,1,False,10.757824186413304,106.67502060044893,0.0,10.0,19.1,Clear
5995,Từ Vòng Xoay Trần Phú đến ĐHSP,2025-07-31 16:16:00,800,FRC4,29,29,198,198,1,False,10.758126036834728,106.67584372840122,0.0,10.0,19.1,Clear
5996,Từ Vòng Xoay Trần Phú đến ĐHSP,2025-07-31 16:16:00,700,FRC4,29,29,198,198,1,False,10.758483785091158,106.67667444278729,0.0,10.0,19.1,Clear
5997,Từ Vòng Xoay Trần Phú đến ĐHSP,2025-07-31 16:16:00,600,FRC4,29,29,198,198,1,False,10.758740916389923,106.67733446243443,0.0,10.0,19.1,Clear
5998,Từ Vòng Xoay Trần Phú đến ĐHSP,2025-07-31 16:16:00,500,FRC4,28,28,207,207,1,False,10.759121023128003,106.67817276325134,0.0,10.0,19.1,Clear
5999,Từ Vòng Xoay Trần Phú đến ĐHSP,2025-07-31 16:16:00,400,FRC4,28,28,207,207,1,False,10.759445231432741,106.6790186505005,0.0,10.0,19.1,Clear
6000,Từ Vòng Xoay Trần Phú đến ĐHSP,2025-07-31 16:16:00,300,FRC4,28,28,207,207,1,False,10.759784345493584,106.67986453775157,0.0,10.0,19.1,Clear
6001,Từ Vòng Xoay Trần Phú đến ĐHSP,2025-07-31 16:16:00,200,FRC4,28,28,207,207,1,False,10.76013091221701,106.68072559786684,0.0,10.0,19.1,Clear
6002,Từ Vòng Xoay Trần Phú đến ĐHSP,2025-07-31 16:16:00,100,FRC4,29,29,198,198,1,False,10.760458845955434,106.6815638986815,0.0,10.0,19.1,Clear
6003,Từ Vòng Xoay Trần Phú đến ĐHSP,2025-07-31 16:16:00,0,FRC4,29,29,198,198,1,False,10.760883668675298,106.6826449653469,0.0,10.0,19.1,Clear
6004,Từ Ngã Sáu Cộng Hòa đến An Dương Vương,2025-07-31 16:49:00,500,FRC3,33,33,760,760,1,False,10.765163027177051,106.68176325830919,0.0,10.0,19.1,Clear
6005,Từ Ngã Sáu Cộng Hòa đến An Dương Vương,2025-07-31 16:49:00,400,FRC3,33,33,760,760,1,False,10.764283334954333,106.68210132878986,0.0,10.0,19.1,Clear
6006,Từ Ngã Sáu Cộng Hòa đến An Dương Vương,2025-07-31 16:49:00,300,FRC3,33,33,760,760,1,False,10.763480856227291,106.68240386571111,0.0,10.0,19.1,Clear
6007,Từ Ngã Sáu Cộng Hòa đến An Dương Vương,2025-07-31 16:49:00,200,FRC3,33,33,760,760,1,False,10.762642918836454,106.6827364596283,0.0,10.0,19.1,Clear
6008,Từ Ngã Sáu Cộng Hòa đến An Dương Vương,2025-07-31 16:49:00,100,FRC3,33,33,760,760,1,False,10.7619261906941,106.68302613820323,0.0,10.0,19.1,Clear
6009,Từ Ngã Sáu Cộng Hòa đến An Dương Vương,2025-07-31 16:49:00,0,FRC3,33,33,760,760,1,False,10.761156760056346,106.68331581677815,0.0,10.0,19.1,Clear
6010,Từ Cầu Nguyễn Văn Cừ đến An Dương Vương,2025-07-31 16:49:00,700,FRC2,35,35,454,454,1,False,10.755556817425111,106.68578400873503,0.0,10.0,19.1,Clear
6011,Từ Cầu Nguyễn Văn Cừ đến An Dương Vương,2025-07-31 16:49:00,600,FRC2,35,35,454,454,1,False,10.756358876280022,106.6853232069683,0.0,10.0,19.1,Clear
6012,Từ Cầu Nguyễn Văn Cừ đến An Dương Vương,2025-07-31 16:49:00,500,FRC2,35,35,454,454,1,False,10.757138847709548,106.684944289696,0.0,10.0,19.1,Clear
6013,Từ Cầu Nguyễn Văn Cừ đến An Dương Vương,2025-07-31 16:49:00,400,FRC2,35,35,454,454,1,False,10.757963133528543,106.68463303622572,0.0,10.0,19.1,Clear
6014,Từ Cầu Nguyễn Văn Cừ đến An Dương Vương,2025-07-31 16:49:00,300,FRC2,35,35,454,454,1,False,10.758623446871004,106.68435335919212,0.0,10.0,19.1,Clear
6015,Từ Cầu Nguyễn Văn Cừ đến An Dương Vương,2025-07-31 16:49:00,200,FRC6,27,27,628,628,1,False,10.759478749919925,106.68406917123804,0.0,10.0,19.1,Clear
6016,Từ Cầu Nguyễn Văn Cừ đến An Dương Vương,2025-07-31 16:49:00,100,FRC2,35,35,454,454,1,False,10.760311892549737,106.68371280856688,0.0,10.0,19.1,Clear
6017,Từ Cầu Nguyễn Văn Cừ đến An Dương Vương,2025-07-31 16:49:00,0,FRC2,35,35,454,454,1,False,10.761189348756318,106.68340155509297,0.0,10.0,19.1,Clear
6018,Từ Vòng Xoay Trần Phú đến ĐHSP,2025-07-31 16:49:00,1000,FRC4,29,29,198,198,1,False,10.757533515349062,106.67414436746735,0.0,10.0,19.1,Clear
6019,Từ Vòng Xoay Trần Phú đến ĐHSP,2025-07-31 16:49:00,900,FRC4,29,29,198,198,1,False,10.757824186413304,106.67502060044893,0.0,10.0,19.1,Clear
6020,Từ Vòng Xoay Trần Phú đến ĐHSP,2025-07-31 16:49:00,800,FRC4,29,29,198,198,1,False,10.758126036834728,106.67584372840122,0.0,10.0,19.1,Clear
6021,Từ Vòng Xoay Trần Phú đến ĐHSP,2025-07-31 16:49:00,700,FRC4,29,29,198,198,1,False,10.758483785091158,106.67667444278729,0.0,10.0,19.1,Clear
6022,Từ Vòng Xoay Trần Phú đến ĐHSP,2025-07-31 16:49:00,600,FRC4,29,29,198,198,1,False,10.758740916389923,106.67733446243443,0.0,10.0,19.1,Clear
6023,Từ Vòng Xoay Trần Phú đến ĐHSP,2025-07-31 16:49:00,500,FRC4,28,28,207,207,1,False,10.759121023128003,106.67817276325134,0.0,10.0,19.1,Clear
6024,Từ Vòng Xoay Trần Phú đến ĐHSP,2025-07-31 16:49:00,400,FRC4,28,28,207,207,1,False,10.759445231432741,106.6790186505005,0.0,10.0,19.1,Clear
6025,Từ Vòng Xoay Trần Phú đến ĐHSP,2025-07-31 16:49:00,300,FRC4,28,28,207,207,1,False,10.759784345493584,106.67986453775157,0.0,10.0,19.1,Clear
6026,Từ Vòng Xoay Trần Phú đến ĐHSP,2025-07-31 16:49:00,200,FRC4,28,28,207,207,1,False,10.76013091221701,106.68072559786684,0.0,10.0,19.1,Clear
6027,Từ Vòng Xoay Trần Phú đến ĐHSP,2025-07-31 16:49:00,100,FRC4,29,29,198,198,1,False,10.760458845955434,106.6815638986815,0.0,10.0,19.1,Clear
6028,Từ Vòng Xoay Trần Phú đến ĐHSP,2025-07-31 16:49:00,0,FRC4,29,29,198,198,1,False,10.760883668675298,106.6826449653469,0.0,10.0,19.1,Clear
6029,Từ Ngã Sáu Cộng Hòa đến An Dương Vương,2025-07-31 17:14:00,500,FRC3,33,33,760,760,1,False,10.765163027177051,106.68176325830919,0.0,10.0,17.6,Partly Cloudy
6030,Từ Ngã Sáu Cộng Hòa đến An Dương Vương,2025-07-31 17:14:00,400,FRC3,33,33,760,760,1,False,10.764283334954333,106.68210132878986,0.0,10.0,17.6,Partly Cloudy
6031,Từ Ngã Sáu Cộng Hòa đến An Dương Vương,2025-07-31 17:14:00,300,FRC3,33,33,760,760,1,False,10.763480856227291,106.68240386571111,0.0,10.0,17.6,Partly Cloudy
6032,Từ Ngã Sáu Cộng Hòa đến An Dương Vương,2025-07-31 17:14:00,200,FRC3,33,33,760,760,1,False,10.762642918836454,106.6827364596283,0.0,10.0,17.6,Partly Cloudy
6033,Từ Ngã Sáu Cộng Hòa đến An Dương Vương,2025-07-31 17:14:00,100,FRC3,33,33,760,760,1,False,10.7619261906941,106.68302613820323,0.0,10.0,17.6,Partly Cloudy
6034,Từ Ngã Sáu Cộng Hòa đến An Dương Vương,2025-07-31 17:14:00,0,FRC3,33,33,760,760,1,False,10.761156760056346,106.68331581677815,0.0,10.0,17.6,Partly Cloudy
6035,Từ Cầu Nguyễn Văn Cừ đến An Dương Vương,2025-07-31 17:14:00,700,FRC2,35,35,454,454,1,False,10.755556817425111,106.68578400873503,0.0,10.0,17.6,Partly Cloudy
6036,Từ Cầu Nguyễn Văn Cừ đến An Dương Vương,2025-07-31 17:14:00,600,FRC2,35,35,454,454,1,False,10.756358876280022,106.6853232069683,0.0,10.0,17.6,Partly Cloudy
6037,Từ Cầu Nguyễn Văn Cừ đến An Dương Vương,2025-07-31 17:14:00,500,FRC2,35,35,454,454,1,False,10.757138847709548,106.684944289696,0.0,10.0,17.6,Partly Cloudy
6038,Từ Cầu Nguyễn Văn Cừ đến An Dương Vương,2025-07-31 17:14:00,400,FRC2,35,35,454,454,1,False,10.757963133528543,106.68463303622572,0.0,10.0,17.6,Partly Cloudy
6039,Từ Cầu Nguyễn Văn Cừ đến An Dương Vương,2025-07-31 17:14:00,300,FRC2,35,35,454,454,1,False,10.758623446871004,106.68435335919212,0.0,10.0,17.6,Partly Cloudy
6040,Từ Cầu Nguyễn Văn Cừ đến An Dương Vương,2025-07-31 17:14:00,200,FRC6,27,27,628,628,1,False,10.759478749919925,106.68406917123804,0.0,10.0,17.6,Partly Cloudy
6041,Từ Cầu Nguyễn Văn Cừ đến An Dương Vương,2025-07-31 17:14:00,100,FRC2,35,35,454,454,1,False,10.760311892549737,106.68371280856688,0.0,10.0,17.6,Partly Cloudy
6042,Từ Cầu Nguyễn Văn Cừ đến An Dương Vương,2025-07-31 17:14:00,0,FRC2,35,35,454,454,1,False,10.761189348756318,106.68340155509297,0.0,10.0,17.6,Partly Cloudy
6043,Từ Vòng Xoay Trần Phú đến ĐHSP,2025-07-31 17:14:00,1000,FRC4,29,29,198,198,1,False,10.757533515349062,106.67414436746735,0.0,10.0,17.6,Partly Cloudy
6044,Từ Vòng Xoay Trần Phú đến ĐHSP,2025-07-31 17:14:00,900,FRC4,29,29,198,198,1,False,10.757824186413304,106.67502060044893,0.0,10.0,17.6,Partly Cloudy
6045,Từ Vòng Xoay Trần Phú đến ĐHSP,2025-07-31 17:14:00,800,FRC4,29,29,198,198,1,False,10.758126036834728,106.67584372840122,0.0,10.0,17.6,Partly Cloudy
6046,Từ Vòng Xoay Trần Phú đến ĐHSP,2025-07-31 17:14:00,700,FRC4,29,29,198,198,1,False,10.758483785091158,106.67667444278729,0.0,10.0,17.6,Partly Cloudy
6047,Từ Vòng Xoay Trần Phú đến ĐHSP,2025-07-31 17:14:00,600,FRC4,29,29,198,198,1,False,10.758740916389923,106.67733446243443,0.0,10.0,17.6,Partly Cloudy
6048,Từ Vòng Xoay Trần Phú đến ĐHSP,2025-07-31 17:14:00,500,FRC4,28,28,207,207,1,False,10.759121023128003,106.67817276325134,0.0,10.0,17.6,Partly Cloudy
6049,Từ Vòng Xoay Trần Phú đến ĐHSP,2025-07-31 17:14:00,400,FRC4,28,28,207,207,1,False,10.759445231432741,106.6790186505005,0.0,10.0,17.6,Partly Cloudy
6050,Từ Vòng Xoay Trần Phú đến ĐHSP,2025-07-31 17:14:00,300,FRC4,28,28,207,207,1,False,10.759784345493584,106.67986453775157,0.0,10.0,17.6,Partly Cloudy
6051,Từ Vòng Xoay Trần Phú đến ĐHSP,2025-07-31 17:14:00,200,FRC4,28,28,207,207,1,False,10.76013091221701,106.68072559786684,0.0,10.0,17.6,Partly Cloudy
6052,Từ Vòng Xoay Trần Phú đến ĐHSP,2025-07-31 17:14:00,100,FRC4,29,29,198,198,1,False,10.760458845955434,106.6815638986815,0.0,10.0,17.6,Partly Cloudy
6053,Từ Vòng Xoay Trần Phú đến ĐHSP,2025-07-31 17:14:00,0,FRC4,29,29,198,198,1,False,10.760883668675298,106.6826449653469,0.0,10.0,17.6,Partly Cloudy
6054,Từ Ngã Sáu Cộng Hòa đến An Dương Vương,2025-07-31 17:37:00,500,FRC3,33,33,760,760,1,False,10.765163027177051,106.68176325830919,0.0,10.0,17.6,Partly Cloudy
6055,Từ Ngã Sáu Cộng Hòa đến An Dương Vương,2025-07-31 17:37:00,400,FRC3,33,33,760,760,1,False,10.764283334954333,106.68210132878986,0.0,10.0,17.6,Partly Cloudy
6056,Từ Ngã Sáu Cộng Hòa đến An Dương Vương,2025-07-31 17:37:00,300,FRC3,33,33,760,760,1,False,10.763480856227291,106.68240386571111,0.0,10.0,17.6,Partly Cloudy
6057,Từ Ngã Sáu Cộng Hòa đến An Dương Vương,2025-07-31 17:37:00,200,FRC3,33,33,760,760,1,False,10.762642918836454,106.6827364596283,0.0,10.0,17.6,Partly Cloudy
6058,Từ Ngã Sáu Cộng Hòa đến An Dương Vương,2025-07-31 17:37:00,100,FRC3,33,33,760,760,1,False,10.7619261906941,106.68302613820323,0.0,10.0,17.6,Partly Cloudy
6059,Từ Ngã Sáu Cộng Hòa đến An Dương Vương,2025-07-31 17:37:00,0,FRC3,33,33,760,760,1,False,10.761156760056346,106.68331581677815,0.0,10.0,17.6,Partly Cloudy
6060,Từ Cầu Nguyễn Văn Cừ đến An Dương Vương,2025-07-31 17:37:00,700,FRC2,35,35,454,454,1,False,10.755556817425111,106.68578400873503,0.0,10.0,17.6,Partly Cloudy
6061,Từ Cầu Nguyễn Văn Cừ đến An Dương Vương,2025-07-31 17:37:00,600,FRC2,35,35,454,454,1,False,10.756358876280022,106.6853232069683,0.0,10.0,17.6,Partly Cloudy
6062,Từ Cầu Nguyễn Văn Cừ đến An Dương Vương,2025-07-31 17:37:00,500,FRC2,35,35,454,454,1,False,10.757138847709548,106.684944289696,0.0,10.0,17.6,Partly Cloudy
6063,Từ Cầu Nguyễn Văn Cừ đến An Dương Vương,2025-07-31 17:37:00,400,FRC2,35,35,454,454,1,False,10.757963133528543,106.68463303622572,0.0,10.0,17.6,Partly Cloudy
6064,Từ Cầu Nguyễn Văn Cừ đến An Dương Vương,2025-07-31 17:37:00,300,FRC2,35,35,454,454,1,False,10.758623446871004,106.68435335919212,0.0,10.0,17.6,Partly Cloudy
6065,Từ Cầu Nguyễn Văn Cừ đến An Dương Vương,2025-07-31 17:37:00,200,FRC6,27,27,628,628,1,False,10.759478749919925,106.68406917123804,0.0,10.0,17.6,Partly Cloudy
6066,Từ Cầu Nguyễn Văn Cừ đến An Dương Vương,2025-07-31 17:37:00,100,FRC2,35,35,454,454,1,False,10.760311892549737,106.68371280856688,0.0,10.0,17.6,Partly Cloudy
6067,Từ Cầu Nguyễn Văn Cừ đến An Dương Vương,2025-07-31 17:37:00,0,FRC2,35,35,454,454,1,False,10.761189348756318,106.68340155509297,0.0,10.0,17.6,Partly Cloudy
6068,Từ Vòng Xoay Trần Phú đến ĐHSP,2025-07-31 17:37:00,1000,FRC4,29,29,198,198,1,False,10.757533515349062,106.67414436746735,0.0,10.0,17.6,Partly Cloudy
6069,Từ Vòng Xoay Trần Phú đến ĐHSP,2025-07-31 17:37:00,900,FRC4,29,29,198,198,1,False,10.757824186413304,106.67502060044893,0.0,10.0,17.6,Partly Cloudy
6070,Từ Vòng Xoay Trần Phú đến ĐHSP,2025-07-31 17:37:00,800,FRC4,29,29,198,198,1,False,10.758126036834728,106.67584372840122,0.0,10.0,17.6,Partly Cloudy
6071,Từ Vòng Xoay Trần Phú đến ĐHSP,2025-07-31 17:37:00,700,FRC4,29,29,198,198,1,False,10.758483785091158,106.67667444278729,0.0,10.0,17.6,Partly Cloudy
6072,Từ Vòng Xoay Trần Phú đến ĐHSP,2025-07-31 17:37:00,600,FRC4,29,29,198,198,1,False,10.758740916389923,106.67733446243443,0.0,10.0,17.6,Partly Cloudy
6073,Từ Vòng Xoay Trần Phú đến ĐHSP,2025-07-31 17:37:00,500,FRC4,28,28,207,207,1,False,10.759121023128003,106.67817276325134,0.0,10.0,17.6,Partly Cloudy
6074,Từ Vòng Xoay Trần Phú đến ĐHSP,2025-07-31 17:37:00,400,FRC4,28,28,207,207,1,False,10.759445231432741,106.6790186505005,0.0,10.0,17.6,Partly Cloudy
6075,Từ Vòng Xoay Trần Phú đến ĐHSP,2025-07-31 17:37:00,300,FRC4,28,28,207,207,1,False,10.759784345493584,106.67986453775157,0.0,10.0,17.6,Partly Cloudy
6076,Từ Vòng Xoay Trần Phú đến ĐHSP,2025-07-31 17:37:00,200,FRC4,28,28,207,207,1,False,10.76013091221701,106.68072559786684,0.0,10.0,17.6,Partly Cloudy
6077,Từ Vòng Xoay Trần Phú đến ĐHSP,2025-07-31 17:37:00,100,FRC4,29,29,198,198,1,False,10.760458845955434,106.6815638986815,0.0,10.0,17.6,Partly Cloudy
6078,Từ Vòng Xoay Trần Phú đến ĐHSP,2025-07-31 17:37:00,0,FRC4,29,29,198,198,1,False,10.760883668675298,106.6826449653469,0.0,10.0,17.6,Partly Cloudy
6079,Từ Ngã Sáu Cộng Hòa đến An Dương Vương,2025-07-31 17:52:00,500,FRC3,33,33,760,760,1,False,10.765163027177051,106.68176325830919,0.0,10.0,17.6,Partly Cloudy
6080,Từ Ngã Sáu Cộng Hòa đến An Dương Vương,2025-07-31 17:52:00,400,FRC3,33,33,760,760,1,False,10.764283334954333,106.68210132878986,0.0,10.0,17.6,Partly Cloudy
6081,Từ Ngã Sáu Cộng Hòa đến An Dương Vương,2025-07-31 17:52:00,300,FRC3,33,33,760,760,1,False,10.763480856227291,106.68240386571111,0.0,10.0,17.6,Partly Cloudy
6082,Từ Ngã Sáu Cộng Hòa đến An Dương Vương,2025-07-31 17:52:00,200,FRC3,33,33,760,760,1,False,10.762642918836454,106.6827364596283,0.0,10.0,17.6,Partly Cloudy
6083,Từ Ngã Sáu Cộng Hòa đến An Dương Vương,2025-07-31 17:52:00,100,FRC3,33,33,760,760,1,False,10.7619261906941,106.68302613820323,0.0,10.0,17.6,Partly Cloudy
6084,Từ Ngã Sáu Cộng Hòa đến An Dương Vương,2025-07-31 17:52:00,0,FRC3,33,33,760,760,1,False,10.761156760056346,106.68331581677815,0.0,10.0,17.6,Partly Cloudy
6085,Từ Cầu Nguyễn Văn Cừ đến An Dương Vương,2025-07-31 17:52:00,700,FRC2,35,35,454,454,1,False,10.755556817425111,106.68578400873503,0.0,10.0,17.6,Partly Cloudy
6086,Từ Cầu Nguyễn Văn Cừ đến An Dương Vương,2025-07-31 17:52:00,600,FRC2,35,35,454,454,1,False,10.756358876280022,106.6853232069683,0.0,10.0,17.6,Partly Cloudy
6087,Từ Cầu Nguyễn Văn Cừ đến An Dương Vương,2025-07-31 17:52:00,500,FRC2,35,35,454,454,1,False,10.757138847709548,106.684944289696,0.0,10.0,17.6,Partly Cloudy
6088,Từ Cầu Nguyễn Văn Cừ đến An Dương Vương,2025-07-31 17:52:00,400,FRC2,35,35,454,454,1,False,10.757963133528543,106.68463303622572,0.0,10.0,17.6,Partly Cloudy
6089,Từ Cầu Nguyễn Văn Cừ đến An Dương Vương,2025-07-31 17:52:00,300,FRC2,35,35,454,454,1,False,10.758623446871004,106.68435335919212,0.0,10.0,17.6,Partly Cloudy
6090,Từ Cầu Nguyễn Văn Cừ đến An Dương Vương,2025-07-31 17:52:00,200,FRC6,27,27,628,628,1,False,10.759478749919925,106.68406917123804,0.0,10.0,17.6,Partly Cloudy
6091,Từ Cầu Nguyễn Văn Cừ đến An Dương Vương,2025-07-31 17:52:00,100,FRC2,35,35,454,454,1,False,10.760311892549737,106.68371280856688,0.0,10.0,17.6,Partly Cloudy
6092,Từ Cầu Nguyễn Văn Cừ đến An Dương Vương,2025-07-31 17:52:00,0,FRC2,35,35,454,454,1,False,10.761189348756318,106.68340155509297,0.0,10.0,17.6,Partly Cloudy
6093,Từ Vòng Xoay Trần Phú đến ĐHSP,2025-07-31 17:52:00,1000,FRC4,29,29,198,198,1,False,10.757533515349062,106.67414436746735,0.0,10.0,17.6,Partly Cloudy
6094,Từ Vòng Xoay Trần Phú đến ĐHSP,2025-07-31 17:52:00,900,FRC4,29,29,198,198,1,False,10.757824186413304,106.67502060044893,0.0,10.0,17.6,Partly Cloudy
6095,Từ Vòng Xoay Trần Phú đến ĐHSP,2025-07-31 17:52:00,800,FRC4,29,29,198,198,1,False,10.758126036834728,106.67584372840122,0.0,10.0,17.6,Partly Cloudy
6096,Từ Vòng Xoay Trần Phú đến ĐHSP,2025-07-31 17:52:00,700,FRC4,29,29,198,198,1,False,10.758483785091158,106.67667444278729,0.0,10.0,17.6,Partly Cloudy
6097,Từ Vòng Xoay Trần Phú đến ĐHSP,2025-07-31 17:52:00,600,FRC4,29,29,198,198,1,False,10.758740916389923,106.67733446243443,0.0,10.0,17.6,Partly Cloudy
6098,Từ Vòng Xoay Trần Phú đến ĐHSP,2025-07-31 17:52:00,500,FRC4,28,28,207,207,1,False,10.759121023128003,106.67817276325134,0.0,10.0,17.6,Partly Cloudy
6099,Từ Vòng Xoay Trần Phú đến ĐHSP,2025-07-31 17:52:00,400,FRC4,28,28,207,207,1,False,10.759445231432741,106.6790186505005,0.0,10.0,17.6,Partly Cloudy
6100,Từ Vòng Xoay Trần Phú đến ĐHSP,2025-07-31 17:52:00,300,FRC4,28,28,207,207,1,False,10.759784345493584,106.67986453775157,0.0,10.0,17.6,Partly Cloudy
6101,Từ Vòng Xoay Trần Phú đến ĐHSP,2025-07-31 17:52:00,200,FRC4,28,28,207,207,1,False,10.76013091221701,106.68072559786684,0.0,10.0,17.6,Partly Cloudy
6102,Từ Vòng Xoay Trần Phú đến ĐHSP,2025-07-31 17:52:00,100,FRC4,29,29,198,198,1,False,10.760458845955434,106.6815638986815,0.0,10.0,17.6,Partly Cloudy
6103,Từ Vòng Xoay Trần Phú đến ĐHSP,2025-07-31 17:52:00,0,FRC4,29,29,198,198,1,False,10.760883668675298,106.6826449653469,0.0,10.0,17.6,Partly Cloudy
6104,Từ Ngã Sáu Cộng Hòa đến An Dương Vương,2025-08-01 06:26:00,500,FRC3,22,32,1141,784,1,False,10.765163027177051,106.68176325830919,0.0,10.0,15.8,Partly cloudy
6105,Từ Ngã Sáu Cộng Hòa đến An Dương Vương,2025-08-01 06:26:00,400,FRC3,22,32,1141,784,1,False,10.764283334954333,106.68210132878986,0.0,10.0,15.8,Partly cloudy
6106,Từ Ngã Sáu Cộng Hòa đến An Dương Vương,2025-08-01 06:26:00,300,FRC3,22,32,1141,784,1,False,10.763480856227291,106.68240386571111,0.0,10.0,15.8,Partly cloudy
6107,Từ Ngã Sáu Cộng Hòa đến An Dương Vương,2025-08-01 06:26:00,200,FRC3,22,32,1141,784,1,False,10.762642918836454,106.6827364596283,0.0,10.0,15.8,Partly cloudy
6108,Từ Ngã Sáu Cộng Hòa đến An Dương Vương,2025-08-01 06:26:00,100,FRC3,22,32,1141,784,1,False,10.7619261906941,106.68302613820323,0.0,10.0,15.8,Partly cloudy
6109,Từ Ngã Sáu Cộng Hòa đến An Dương Vương,2025-08-01 06:26:00,0,FRC3,22,32,1141,784,1,False,10.761156760056346,106.68331581677815,0.0,10.0,15.8,Partly cloudy
6110,Từ Cầu Nguyễn Văn Cừ đến An Dương Vương,2025-08-01 06:26:00,700,FRC2,25,33,636,481,1,False,10.755556817425111,106.68578400873503,0.0,10.0,15.8,Partly cloudy
6111,Từ Cầu Nguyễn Văn Cừ đến An Dương Vương,2025-08-01 06:26:00,600,FRC2,25,33,636,481,1,False,10.756358876280022,106.6853232069683,0.0,10.0,15.8,Partly cloudy
6112,Từ Cầu Nguyễn Văn Cừ đến An Dương Vương,2025-08-01 06:26:00,500,FRC2,25,33,636,481,1,False,10.757138847709548,106.684944289696,0.0,10.0,15.8,Partly cloudy
6113,Từ Cầu Nguyễn Văn Cừ đến An Dương Vương,2025-08-01 06:26:00,400,FRC2,25,33,636,481,1,False,10.757963133528543,106.68463303622572,0.0,10.0,15.8,Partly cloudy
6114,Từ Cầu Nguyễn Văn Cừ đến An Dương Vương,2025-08-01 06:26:00,300,FRC2,25,33,636,481,1,False,10.758623446871004,106.68435335919212,0.0,10.0,15.8,Partly cloudy
6115,Từ Cầu Nguyễn Văn Cừ đến An Dương Vương,2025-08-01 06:26:00,200,FRC6,20,26,848,652,1,False,10.759478749919925,106.68406917123804,0.0,10.0,15.8,Partly cloudy
6116,Từ Cầu Nguyễn Văn Cừ đến An Dương Vương,2025-08-01 06:26:00,100,FRC2,25,33,636,481,1,False,10.760311892549737,106.68371280856688,0.0,10.0,15.8,Partly cloudy
6117,Từ Cầu Nguyễn Văn Cừ đến An Dương Vương,2025-08-01 06:26:00,0,FRC2,25,33,636,481,1,False,10.761189348756318,106.68340155509297,0.0,10.0,15.8,Partly cloudy
6118,Từ Vòng Xoay Trần Phú đến ĐHSP,2025-08-01 06:26:00,1000,FRC4,20,28,287,205,1,False,10.757533515349062,106.67414436746735,0.0,10.0,15.8,Partly cloudy
6119,Từ Vòng Xoay Trần Phú đến ĐHSP,2025-08-01 06:26:00,900,FRC4,20,28,287,205,1,False,10.757824186413304,106.67502060044893,0.0,10.0,15.8,Partly cloudy
6120,Từ Vòng Xoay Trần Phú đến ĐHSP,2025-08-01 06:26:00,800,FRC4,20,28,287,205,1,False,10.758126036834728,106.67584372840122,0.0,10.0,15.8,Partly cloudy
6121,Từ Vòng Xoay Trần Phú đến ĐHSP,2025-08-01 06:26:00,700,FRC4,20,28,287,205,1,False,10.758483785091158,106.67667444278729,0.0,10.0,15.8,Partly cloudy
6122,Từ Vòng Xoay Trần Phú đến ĐHSP,2025-08-01 06:26:00,600,FRC4,20,28,287,205,1,False,10.758740916389923,106.67733446243443,0.0,10.0,15.8,Partly cloudy
6123,Từ Vòng Xoay Trần Phú đến ĐHSP,2025-08-01 06:26:00,500,FRC4,18,27,322,214,1,False,10.759121023128003,106.67817276325134,0.0,10.0,15.8,Partly cloudy
6124,Từ Vòng Xoay Trần Phú đến ĐHSP,2025-08-01 06:26:00,400,FRC4,18,27,322,214,1,False,10.759445231432741,106.6790186505005,0.0,10.0,15.8,Partly cloudy
6125,Từ Vòng Xoay Trần Phú đến ĐHSP,2025-08-01 06:26:00,300,FRC4,18,27,322,214,1,False,10.759784345493584,106.67986453775157,0.0,10.0,15.8,Partly cloudy
6126,Từ Vòng Xoay Trần Phú đến ĐHSP,2025-08-01 06:26:00,200,FRC4,18,27,322,214,1,False,10.76013091221701,106.68072559786684,0.0,10.0,15.8,Partly cloudy
6127,Từ Vòng Xoay Trần Phú đến ĐHSP,2025-08-01 06:26:00,100,FRC4,20,28,287,205,1,False,10.760458845955434,106.6815638986815,0.0,10.0,15.8,Partly cloudy
6128,Từ Vòng Xoay Trần Phú đến ĐHSP,2025-08-01 06:26:00,0,FRC4,20,28,287,205,1,False,10.760883668675298,106.6826449653469,0.0,10.0,15.8,Partly cloudy
6129,Từ Ngã Sáu Cộng Hòa đến An Dương Vương,2025-08-01 06:58:00,500,FRC3,22,33,1141,760,1,False,10.765163027177051,106.68176325830919,0.0,10.0,15.8,Partly cloudy
6130,Từ Ngã Sáu Cộng Hòa đến An Dương Vương,2025-08-01 06:58:00,400,FRC3,22,33,1141,760,1,False,10.764283334954333,106.68210132878986,0.0,10.0,15.8,Partly cloudy
6131,Từ Ngã Sáu Cộng Hòa đến An Dương Vương,2025-08-01 06:58:00,300,FRC3,22,33,1141,760,1,False,10.763480856227291,106.68240386571111,0.0,10.0,15.8,Partly cloudy
6132,Từ Ngã Sáu Cộng Hòa đến An Dương Vương,2025-08-01 06:58:00,200,FRC3,22,33,1141,760,1,False,10.762642918836454,106.6827364596283,0.0,10.0,15.8,Partly cloudy
6133,Từ Ngã Sáu Cộng Hòa đến An Dương Vương,2025-08-01 06:58:00,100,FRC3,22,33,1141,760,1,False,10.7619261906941,106.68302613820323,0.0,10.0,15.8,Partly cloudy
6134,Từ Ngã Sáu Cộng Hòa đến An Dương Vương,2025-08-01 06:58:00,0,FRC3,22,33,1141,760,1,False,10.761156760056346,106.68331581677815,0.0,10.0,15.8,Partly cloudy
6135,Từ Cầu Nguyễn Văn Cừ đến An Dương Vương,2025-08-01 06:58:00,700,FRC2,27,34,589,467,1,False,10.755556817425111,106.68578400873503,0.0,10.0,15.8,Partly cloudy
6136,Từ Cầu Nguyễn Văn Cừ đến An Dương Vương,2025-08-01 06:58:00,600,FRC2,27,34,589,467,1,False,10.756358876280022,106.6853232069683,0.0,10.0,15.8,Partly cloudy
6137,Từ Cầu Nguyễn Văn Cừ đến An Dương Vương,2025-08-01 06:58:00,500,FRC2,27,34,589,467,1,False,10.757138847709548,106.684944289696,0.0,10.0,15.8,Partly cloudy
6138,Từ Cầu Nguyễn Văn Cừ đến An Dương Vương,2025-08-01 06:58:00,400,FRC2,27,34,589,467,1,False,10.757963133528543,106.68463303622572,0.0,10.0,15.8,Partly cloudy
6139,Từ Cầu Nguyễn Văn Cừ đến An Dương Vương,2025-08-01 06:58:00,300,FRC2,27,34,589,467,1,False,10.758623446871004,106.68435335919212,0.0,10.0,15.8,Partly cloudy
6140,Từ Cầu Nguyễn Văn Cừ đến An Dương Vương,2025-08-01 06:58:00,200,FRC6,19,26,893,652,1,False,10.759478749919925,106.68406917123804,0.0,10.0,15.8,Partly cloudy
6141,Từ Cầu Nguyễn Văn Cừ đến An Dương Vương,2025-08-01 06:58:00,100,FRC2,27,34,589,467,1,False,10.760311892549737,106.68371280856688,0.0,10.0,15.8,Partly cloudy
6142,Từ Cầu Nguyễn Văn Cừ đến An Dương Vương,2025-08-01 06:58:00,0,FRC2,27,34,589,467,1,False,10.761189348756318,106.68340155509297,0.0,10.0,15.8,Partly cloudy
6143,Từ Vòng Xoay Trần Phú đến ĐHSP,2025-08-01 06:58:00,1000,FRC4,22,29,261,198,1,False,10.757533515349062,106.67414436746735,0.0,10.0,15.8,Partly cloudy
6144,Từ Vòng Xoay Trần Phú đến ĐHSP,2025-08-01 06:58:00,900,FRC4,22,29,261,198,1,False,10.757824186413304,106.67502060044893,0.0,10.0,15.8,Partly cloudy
6145,Từ Vòng Xoay Trần Phú đến ĐHSP,2025-08-01 06:58:00,800,FRC4,22,29,261,198,1,False,10.758126036834728,106.67584372840122,0.0,10.0,15.8,Partly cloudy
6146,Từ Vòng Xoay Trần Phú đến ĐHSP,2025-08-01 06:58:00,700,FRC4,22,29,261,198,1,False,10.758483785091158,106.67667444278729,0.0,10.0,15.8,Partly cloudy
6147,Từ Vòng Xoay Trần Phú đến ĐHSP,2025-08-01 06:58:00,600,FRC4,22,29,261,198,1,False,10.758740916389923,106.67733446243443,0.0,10.0,15.8,Partly cloudy
6148,Từ Vòng Xoay Trần Phú đến ĐHSP,2025-08-01 06:58:00,500,FRC4,21,28,276,207,1,False,10.759121023128003,106.67817276325134,0.0,10.0,15.8,Partly cloudy
6149,Từ Vòng Xoay Trần Phú đến ĐHSP,2025-08-01 06:58:00,400,FRC4,21,28,276,207,1,False,10.759445231432741,106.6790186505005,0.0,10.0,15.8,Partly cloudy
6150,Từ Vòng Xoay Trần Phú đến ĐHSP,2025-08-01 06:58:00,300,FRC4,21,28,276,207,1,False,10.759784345493584,106.67986453775157,0.0,10.0,15.8,Partly cloudy
6151,Từ Vòng Xoay Trần Phú đến ĐHSP,2025-08-01 06:58:00,200,FRC4,21,28,276,207,1,False,10.76013091221701,106.68072559786684,0.0,10.0,15.8,Partly cloudy
6152,Từ Vòng Xoay Trần Phú đến ĐHSP,2025-08-01 06:58:00,100,FRC4,22,29,261,198,1,False,10.760458845955434,106.6815638986815,0.0,10.0,15.8,Partly cloudy
6153,Từ Vòng Xoay Trần Phú đến ĐHSP,2025-08-01 06:58:00,0,FRC4,22,29,261,198,1,False,10.760883668675298,106.6826449653469,0.0,10.0,15.8,Partly cloudy
6154,Từ Ngã Sáu Cộng Hòa đến An Dương Vương,2025-08-01 07:28:00,500,FRC3,20,33,1255,760,1,False,10.765163027177051,106.68176325830919,0.0,10.0,15.1,Partly cloudy
6155,Từ Ngã Sáu Cộng Hòa đến An Dương Vương,2025-08-01 07:28:00,400,FRC3,20,33,1255,760,1,False,10.764283334954333,106.68210132878986,0.0,10.0,15.1,Partly cloudy
6156,Từ Ngã Sáu Cộng Hòa đến An Dương Vương,2025-08-01 07:28:00,300,FRC3,20,33,1255,760,1,False,10.763480856227291,106.68240386571111,0.0,10.0,15.1,Partly cloudy
6157,Từ Ngã Sáu Cộng Hòa đến An Dương Vương,2025-08-01 07:28:00,200,FRC3,20,33,1255,760,1,False,10.762642918836454,106.6827364596283,0.0,10.0,15.1,Partly cloudy
6158,Từ Ngã Sáu Cộng Hòa đến An Dương Vương,2025-08-01 07:28:00,100,FRC3,20,33,1255,760,1,False,10.7619261906941,106.68302613820323,0.0,10.0,15.1,Partly cloudy
6159,Từ Ngã Sáu Cộng Hòa đến An Dương Vương,2025-08-01 07:28:00,0,FRC3,20,33,1255,760,1,False,10.761156760056346,106.68331581677815,0.0,10.0,15.1,Partly cloudy
6160,Từ Cầu Nguyễn Văn Cừ đến An Dương Vương,2025-08-01 07:28:00,700,FRC2,26,34,611,467,1,False,10.755556817425111,106.68578400873503,0.0,10.0,15.1,Partly cloudy
6161,Từ Cầu Nguyễn Văn Cừ đến An Dương Vương,2025-08-01 07:28:00,600,FRC2,26,34,611,467,1,False,10.756358876280022,106.6853232069683,0.0,10.0,15.1,Partly cloudy
6162,Từ Cầu Nguyễn Văn Cừ đến An Dương Vương,2025-08-01 07:28:00,500,FRC2,26,34,611,467,1,False,10.757138847709548,106.684944289696,0.0,10.0,15.1,Partly cloudy
6163,Từ Cầu Nguyễn Văn Cừ đến An Dương Vương,2025-08-01 07:28:00,400,FRC2,26,34,611,467,1,False,10.757963133528543,106.68463303622572,0.0,10.0,15.1,Partly cloudy
6164,Từ Cầu Nguyễn Văn Cừ đến An Dương Vương,2025-08-01 07:28:00,300,FRC2,26,34,611,467,1,False,10.758623446871004,106.68435335919212,0.0,10.0,15.1,Partly cloudy
6165,Từ Cầu Nguyễn Văn Cừ đến An Dương Vương,2025-08-01 07:28:00,200,FRC6,19,26,893,652,1,False,10.759478749919925,106.68406917123804,0.0,10.0,15.1,Partly cloudy
6166,Từ Cầu Nguyễn Văn Cừ đến An Dương Vương,2025-08-01 07:28:00,100,FRC2,26,34,611,467,1,False,10.760311892549737,106.68371280856688,0.0,10.0,15.1,Partly cloudy
6167,Từ Cầu Nguyễn Văn Cừ đến An Dương Vương,2025-08-01 07:28:00,0,FRC2,26,34,611,467,1,False,10.761189348756318,106.68340155509297,0.0,10.0,15.1,Partly cloudy
6168,Từ Vòng Xoay Trần Phú đến ĐHSP,2025-08-01 07:28:00,1000,FRC4,22,29,261,198,1,False,10.757533515349062,106.67414436746735,0.0,10.0,15.1,Partly cloudy
6169,Từ Vòng Xoay Trần Phú đến ĐHSP,2025-08-01 07:28:00,900,FRC4,22,29,261,198,1,False,10.757824186413304,106.67502060044893,0.0,10.0,15.1,Partly cloudy
6170,Từ Vòng Xoay Trần Phú đến ĐHSP,2025-08-01 07:28:00,800,FRC4,22,29,261,198,1,False,10.758126036834728,106.67584372840122,0.0,10.0,15.1,Partly cloudy
6171,Từ Vòng Xoay Trần Phú đến ĐHSP,2025-08-01 07:28:00,700,FRC4,22,29,261,198,1,False,10.758483785091158,106.67667444278729,0.0,10.0,15.1,Partly cloudy
6172,Từ Vòng Xoay Trần Phú đến ĐHSP,2025-08-01 07:28:00,600,FRC4,22,29,261,198,1,False,10.758740916389923,106.67733446243443,0.0,10.0,15.1,Partly cloudy
6173,Từ Vòng Xoay Trần Phú đến ĐHSP,2025-08-01 07:28:00,500,FRC4,22,27,263,214,1,False,10.759121023128003,106.67817276325134,0.0,10.0,15.1,Partly cloudy
6174,Từ Vòng Xoay Trần Phú đến ĐHSP,2025-08-01 07:28:00,400,FRC4,22,27,263,214,1,False,10.759445231432741,106.6790186505005,0.0,10.0,15.1,Partly cloudy
6175,Từ Vòng Xoay Trần Phú đến ĐHSP,2025-08-01 07:28:00,300,FRC4,22,27,263,214,1,False,10.759784345493584,106.67986453775157,0.0,10.0,15.1,Partly cloudy
6176,Từ Vòng Xoay Trần Phú đến ĐHSP,2025-08-01 07:28:00,200,FRC4,22,27,263,214,1,False,10.76013091221701,106.68072559786684,0.0,10.0,15.1,Partly cloudy
6177,Từ Vòng Xoay Trần Phú đến ĐHSP,2025-08-01 07:28:00,100,FRC4,22,29,261,198,1,False,10.760458845955434,106.6815638986815,0.0,10.0,15.1,Partly cloudy
6178,Từ Vòng Xoay Trần Phú đến ĐHSP,2025-08-01 07:28:00,0,FRC4,22,29,261,198,1,False,10.760883668675298,106.6826449653469,0.0,10.0,15.1,Partly cloudy
6179,Từ Ngã Sáu Cộng Hòa đến An Dương Vương,2025-08-01 07:47:00,500,FRC3,21,33,1195,760,1,False,10.765163027177051,106.68176325830919,0.0,10.0,15.1,Partly cloudy
6180,Từ Ngã Sáu Cộng Hòa đến An Dương Vương,2025-08-01 07:47:00,400,FRC3,21,33,1195,760,1,False,10.764283334954333,106.68210132878986,0.0,10.0,15.1,Partly cloudy
6181,Từ Ngã Sáu Cộng Hòa đến An Dương Vương,2025-08-01 07:47:00,300,FRC3,21,33,1195,760,1,False,10.763480856227291,106.68240386571111,0.0,10.0,15.1,Partly cloudy
6182,Từ Ngã Sáu Cộng Hòa đến An Dương Vương,2025-08-01 07:47:00,200,FRC3,21,33,1195,760,1,False,10.762642918836454,106.6827364596283,0.0,10.0,15.1,Partly cloudy
6183,Từ Ngã Sáu Cộng Hòa đến An Dương Vương,2025-08-01 07:47:00,100,FRC3,21,33,1195,760,1,False,10.7619261906941,106.68302613820323,0.0,10.0,15.1,Partly cloudy
6184,Từ Ngã Sáu Cộng Hòa đến An Dương Vương,2025-08-01 07:47:00,0,FRC3,21,33,1195,760,1,False,10.761156760056346,106.68331581677815,0.0,10.0,15.1,Partly cloudy
6185,Từ Cầu Nguyễn Văn Cừ đến An Dương Vương,2025-08-01 07:47:00,700,FRC2,26,34,611,467,1,False,10.755556817425111,106.68578400873503,0.0,10.0,15.1,Partly cloudy
6186,Từ Cầu Nguyễn Văn Cừ đến An Dương Vương,2025-08-01 07:47:00,600,FRC2,26,34,611,467,1,False,10.756358876280022,106.6853232069683,0.0,10.0,15.1,Partly cloudy
6187,Từ Cầu Nguyễn Văn Cừ đến An Dương Vương,2025-08-01 07:47:00,500,FRC2,26,34,611,467,1,False,10.757138847709548,106.684944289696,0.0,10.0,15.1,Partly cloudy
6188,Từ Cầu Nguyễn Văn Cừ đến An Dương Vương,2025-08-01 07:47:00,400,FRC2,26,34,611,467,1,False,10.757963133528543,106.68463303622572,0.0,10.0,15.1,Partly cloudy
6189,Từ Cầu Nguyễn Văn Cừ đến An Dương Vương,2025-08-01 07:47:00,300,FRC2,26,34,611,467,1,False,10.758623446871004,106.68435335919212,0.0,10.0,15.1,Partly cloudy
6190,Từ Cầu Nguyễn Văn Cừ đến An Dương Vương,2025-08-01 07:47:00,200,FRC6,18,26,943,652,1,False,10.759478749919925,106.68406917123804,0.0,10.0,15.1,Partly cloudy
6191,Từ Cầu Nguyễn Văn Cừ đến An Dương Vương,2025-08-01 07:47:00,100,FRC2,26,34,611,467,1,False,10.760311892549737,106.68371280856688,0.0,10.0,15.1,Partly cloudy
6192,Từ Cầu Nguyễn Văn Cừ đến An Dương Vương,2025-08-01 07:47:00,0,FRC2,26,34,611,467,1,False,10.761189348756318,106.68340155509297,0.0,10.0,15.1,Partly cloudy
6193,Từ Vòng Xoay Trần Phú đến ĐHSP,2025-08-01 07:47:00,1000,FRC4,20,28,287,205,1,False,10.757533515349062,106.67414436746735,0.0,10.0,15.1,Partly cloudy
6194,Từ Vòng Xoay Trần Phú đến ĐHSP,2025-08-01 07:47:00,900,FRC4,20,28,287,205,1,False,10.757824186413304,106.67502060044893,0.0,10.0,15.1,Partly cloudy
6195,Từ Vòng Xoay Trần Phú đến ĐHSP,2025-08-01 07:47:00,800,FRC4,20,28,287,205,1,False,10.758126036834728,106.67584372840122,0.0,10.0,15.1,Partly cloudy
6196,Từ Vòng Xoay Trần Phú đến ĐHSP,2025-08-01 07:47:00,700,FRC4,20,28,287,205,1,False,10.758483785091158,106.67667444278729,0.0,10.0,15.1,Partly cloudy
6197,Từ Vòng Xoay Trần Phú đến ĐHSP,2025-08-01 07:47:00,600,FRC4,20,28,287,205,1,False,10.758740916389923,106.67733446243443,0.0,10.0,15.1,Partly cloudy
6198,Từ Vòng Xoay Trần Phú đến ĐHSP,2025-08-01 07:47:00,500,FRC4,18,28,322,207,1,False,10.759121023128003,106.67817276325134,0.0,10.0,15.1,Partly cloudy
6199,Từ Vòng Xoay Trần Phú đến ĐHSP,2025-08-01 07:47:00,400,FRC4,18,28,322,207,1,False,10.759445231432741,106.6790186505005,0.0,10.0,15.1,Partly cloudy
6200,Từ Vòng Xoay Trần Phú đến ĐHSP,2025-08-01 07:47:00,300,FRC4,18,28,322,207,1,False,10.759784345493584,106.67986453775157,0.0,10.0,15.1,Partly cloudy
6201,Từ Vòng Xoay Trần Phú đến ĐHSP,2025-08-01 07:47:00,200,FRC4,18,28,322,207,1,False,10.76013091221701,106.68072559786684,0.0,10.0,15.1,Partly cloudy
6202,Từ Vòng Xoay Trần Phú đến ĐHSP,2025-08-01 07:47:00,100,FRC4,20,28,287,205,1,False,10.760458845955434,106.6815638986815,0.0,10.0,15.1,Partly cloudy
6203,Từ Vòng Xoay Trần Phú đến ĐHSP,2025-08-01 07:47:00,0,FRC4,20,28,287,205,1,False,10.760883668675298,106.6826449653469,0.0,10.0,15.1,Partly cloudy
6204,Từ Ngã Sáu Cộng Hòa đến An Dương Vương,2025-08-01 08:22:00,500,FRC3,21,33,1195,760,1,False,10.765163027177051,106.68176325830919,0.0,10.0,16.6,Partly cloudy
6205,Từ Ngã Sáu Cộng Hòa đến An Dương Vương,2025-08-01 08:22:00,400,FRC3,21,33,1195,760,1,False,10.764283334954333,106.68210132878986,0.0,10.0,16.6,Partly cloudy
6206,Từ Ngã Sáu Cộng Hòa đến An Dương Vương,2025-08-01 08:22:00,300,FRC3,21,33,1195,760,1,False,10.763480856227291,106.68240386571111,0.0,10.0,16.6,Partly cloudy
6207,Từ Ngã Sáu Cộng Hòa đến An Dương Vương,2025-08-01 08:22:00,200,FRC3,21,33,1195,760,1,False,10.762642918836454,106.6827364596283,0.0,10.0,16.6,Partly cloudy
6208,Từ Ngã Sáu Cộng Hòa đến An Dương Vương,2025-08-01 08:22:00,100,FRC3,21,33,1195,760,1,False,10.7619261906941,106.68302613820323,0.0,10.0,16.6,Partly cloudy
6209,Từ Ngã Sáu Cộng Hòa đến An Dương Vương,2025-08-01 08:22:00,0,FRC3,21,33,1195,760,1,False,10.761156760056346,106.68331581677815,0.0,10.0,16.6,Partly cloudy
6210,Từ Cầu Nguyễn Văn Cừ đến An Dương Vương,2025-08-01 08:22:00,700,FRC2,24,34,662,467,1,False,10.755556817425111,106.68578400873503,0.0,10.0,16.6,Partly cloudy
6211,Từ Cầu Nguyễn Văn Cừ đến An Dương Vương,2025-08-01 08:22:00,600,FRC2,24,34,662,467,1,False,10.756358876280022,106.6853232069683,0.0,10.0,16.6,Partly cloudy
6212,Từ Cầu Nguyễn Văn Cừ đến An Dương Vương,2025-08-01 08:22:00,500,FRC2,24,34,662,467,1,False,10.757138847709548,106.684944289696,0.0,10.0,16.6,Partly cloudy
6213,Từ Cầu Nguyễn Văn Cừ đến An Dương Vương,2025-08-01 08:22:00,400,FRC2,24,34,662,467,1,False,10.757963133528543,106.68463303622572,0.0,10.0,16.6,Partly cloudy
6214,Từ Cầu Nguyễn Văn Cừ đến An Dương Vương,2025-08-01 08:22:00,300,FRC2,24,34,662,467,1,False,10.758623446871004,106.68435335919212,0.0,10.0,16.6,Partly cloudy
6215,Từ Cầu Nguyễn Văn Cừ đến An Dương Vương,2025-08-01 08:22:00,200,FRC6,18,27,943,628,1,False,10.759478749919925,106.68406917123804,0.0,10.0,16.6,Partly cloudy
6216,Từ Cầu Nguyễn Văn Cừ đến An Dương Vương,2025-08-01 08:22:00,100,FRC2,24,34,662,467,1,False,10.760311892549737,106.68371280856688,0.0,10.0,16.6,Partly cloudy
6217,Từ Cầu Nguyễn Văn Cừ đến An Dương Vương,2025-08-01 08:22:00,0,FRC2,24,34,662,467,1,False,10.761189348756318,106.68340155509297,0.0,10.0,16.6,Partly cloudy
6218,Từ Vòng Xoay Trần Phú đến ĐHSP,2025-08-01 08:22:00,1000,FRC4,22,29,261,198,1,False,10.757533515349062,106.67414436746735,0.0,10.0,16.6,Partly cloudy
6219,Từ Vòng Xoay Trần Phú đến ĐHSP,2025-08-01 08:22:00,900,FRC4,22,29,261,198,1,False,10.757824186413304,106.67502060044893,0.0,10.0,16.6,Partly cloudy
6220,Từ Vòng Xoay Trần Phú đến ĐHSP,2025-08-01 08:22:00,800,FRC4,22,29,261,198,1,False,10.758126036834728,106.67584372840122,0.0,10.0,16.6,Partly cloudy
6221,Từ Vòng Xoay Trần Phú đến ĐHSP,2025-08-01 08:22:00,700,FRC4,22,29,261,198,1,False,10.758483785091158,106.67667444278729,0.0,10.0,16.6,Partly cloudy
6222,Từ Vòng Xoay Trần Phú đến ĐHSP,2025-08-01 08:22:00,600,FRC4,22,29,261,198,1,False,10.758740916389923,106.67733446243443,0.0,10.0,16.6,Partly cloudy
6223,Từ Vòng Xoay Trần Phú đến ĐHSP,2025-08-01 08:22:00,500,FRC4,17,28,341,207,1,False,10.759121023128003,106.67817276325134,0.0,10.0,16.6,Partly cloudy
6224,Từ Vòng Xoay Trần Phú đến ĐHSP,2025-08-01 08:22:00,400,FRC4,17,28,341,207,1,False,10.759445231432741,106.6790186505005,0.0,10.0,16.6,Partly cloudy
6225,Từ Vòng Xoay Trần Phú đến ĐHSP,2025-08-01 08:22:00,300,FRC4,17,28,341,207,1,False,10.759784345493584,106.67986453775157,0.0,10.0,16.6,Partly cloudy
6226,Từ Vòng Xoay Trần Phú đến ĐHSP,2025-08-01 08:22:00,200,FRC4,17,28,341,207,1,False,10.76013091221701,106.68072559786684,0.0,10.0,16.6,Partly cloudy
6227,Từ Vòng Xoay Trần Phú đến ĐHSP,2025-08-01 08:22:00,100,FRC4,22,29,261,198,1,False,10.760458845955434,106.6815638986815,0.0,10.0,16.6,Partly cloudy
6228,Từ Vòng Xoay Trần Phú đến ĐHSP,2025-08-01 08:22:00,0,FRC4,22,29,261,198,1,False,10.760883668675298,106.6826449653469,0.0,10.0,16.6,Partly cloudy
6229,Từ Ngã Sáu Cộng Hòa đến An Dương Vương,2025-08-01 08:51:00,500,FRC3,20,32,1255,784,1,False,10.765163027177051,106.68176325830919,0.0,10.0,16.6,Partly cloudy
6230,Từ Ngã Sáu Cộng Hòa đến An Dương Vương,2025-08-01 08:51:00,400,FRC3,20,32,1255,784,1,False,10.764283334954333,106.68210132878986,0.0,10.0,16.6,Partly cloudy
6231,Từ Ngã Sáu Cộng Hòa đến An Dương Vương,2025-08-01 08:51:00,300,FRC3,20,32,1255,784,1,False,10.763480856227291,106.68240386571111,0.0,10.0,16.6,Partly cloudy
6232,Từ Ngã Sáu Cộng Hòa đến An Dương Vương,2025-08-01 08:51:00,200,FRC3,20,32,1255,784,1,False,10.762642918836454,106.6827364596283,0.0,10.0,16.6,Partly cloudy
6233,Từ Ngã Sáu Cộng Hòa đến An Dương Vương,2025-08-01 08:51:00,100,FRC3,20,32,1255,784,1,False,10.7619261906941,106.68302613820323,0.0,10.0,16.6,Partly cloudy
6234,Từ Ngã Sáu Cộng Hòa đến An Dương Vương,2025-08-01 08:51:00,0,FRC3,20,32,1255,784,1,False,10.761156760056346,106.68331581677815,0.0,10.0,16.6,Partly cloudy
6235,Từ Cầu Nguyễn Văn Cừ đến An Dương Vương,2025-08-01 08:51:00,700,FRC2,25,34,636,467,1,False,10.755556817425111,106.68578400873503,0.0,10.0,16.6,Partly cloudy
6236,Từ Cầu Nguyễn Văn Cừ đến An Dương Vương,2025-08-01 08:51:00,600,FRC2,25,34,636,467,1,False,10.756358876280022,106.6853232069683,0.0,10.0,16.6,Partly cloudy
6237,Từ Cầu Nguyễn Văn Cừ đến An Dương Vương,2025-08-01 08:51:00,500,FRC2,25,34,636,467,1,False,10.757138847709548,106.684944289696,0.0,10.0,16.6,Partly cloudy
6238,Từ Cầu Nguyễn Văn Cừ đến An Dương Vương,2025-08-01 08:51:00,400,FRC2,25,34,636,467,1,False,10.757963133528543,106.68463303622572,0.0,10.0,16.6,Partly cloudy
6239,Từ Cầu Nguyễn Văn Cừ đến An Dương Vương,2025-08-01 08:51:00,300,FRC2,25,34,636,467,1,False,10.758623446871004,106.68435335919212,0.0,10.0,16.6,Partly cloudy
6240,Từ Cầu Nguyễn Văn Cừ đến An Dương Vương,2025-08-01 08:51:00,200,FRC6,18,26,943,652,1,False,10.759478749919925,106.68406917123804,0.0,10.0,16.6,Partly cloudy
6241,Từ Cầu Nguyễn Văn Cừ đến An Dương Vương,2025-08-01 08:51:00,100,FRC2,25,34,636,467,1,False,10.760311892549737,106.68371280856688,0.0,10.0,16.6,Partly cloudy
6242,Từ Cầu Nguyễn Văn Cừ đến An Dương Vương,2025-08-01 08:51:00,0,FRC2,25,34,636,467,1,False,10.761189348756318,106.68340155509297,0.0,10.0,16.6,Partly cloudy
6243,Từ Vòng Xoay Trần Phú đến ĐHSP,2025-08-01 08:51:00,1000,FRC4,24,28,239,205,1,False,10.757533515349062,106.67414436746735,0.0,10.0,16.6,Partly cloudy
6244,Từ Vòng Xoay Trần Phú đến ĐHSP,2025-08-01 08:51:00,900,FRC4,24,28,239,205,1,False,10.757824186413304,106.67502060044893,0.0,10.0,16.6,Partly cloudy
6245,Từ Vòng Xoay Trần Phú đến ĐHSP,2025-08-01 08:51:00,800,FRC4,24,28,239,205,1,False,10.758126036834728,106.67584372840122,0.0,10.0,16.6,Partly cloudy
6246,Từ Vòng Xoay Trần Phú đến ĐHSP,2025-08-01 08:51:00,700,FRC4,24,28,239,205,1,False,10.758483785091158,106.67667444278729,0.0,10.0,16.6,Partly cloudy
6247,Từ Vòng Xoay Trần Phú đến ĐHSP,2025-08-01 08:51:00,600,FRC4,24,28,239,205,1,False,10.758740916389923,106.67733446243443,0.0,10.0,16.6,Partly cloudy
6248,Từ Vòng Xoay Trần Phú đến ĐHSP,2025-08-01 08:51:00,500,FRC4,15,27,386,214,1,False,10.759121023128003,106.67817276325134,0.0,10.0,16.6,Partly cloudy
6249,Từ Vòng Xoay Trần Phú đến ĐHSP,2025-08-01 08:51:00,400,FRC4,15,27,386,214,1,False,10.759445231432741,106.6790186505005,0.0,10.0,16.6,Partly cloudy
6250,Từ Vòng Xoay Trần Phú đến ĐHSP,2025-08-01 08:51:00,300,FRC4,15,27,386,214,1,False,10.759784345493584,106.67986453775157,0.0,10.0,16.6,Partly cloudy
6251,Từ Vòng Xoay Trần Phú đến ĐHSP,2025-08-01 08:51:00,200,FRC4,15,27,386,214,1,False,10.76013091221701,106.68072559786684,0.0,10.0,16.6,Partly cloudy
6252,Từ Vòng Xoay Trần Phú đến ĐHSP,2025-08-01 08:51:00,100,FRC4,29,29,198,198,1,False,10.760458845955434,106.6815638986815,0.0,10.0,16.6,Partly cloudy
6253,Từ Vòng Xoay Trần Phú đến ĐHSP,2025-08-01 08:51:00,0,FRC4,29,29,198,198,1,False,10.760883668675298,106.6826449653469,0.0,10.0,16.6,Partly cloudy
6254,Từ Ngã Sáu Cộng Hòa đến An Dương Vương,2025-08-01 11:17:00,500,FRC3,16,33,1569,760,1,False,10.765163027177051,106.68176325830919,0.0,10.0,14.4,Sunny
6255,Từ Ngã Sáu Cộng Hòa đến An Dương Vương,2025-08-01 11:17:00,400,FRC3,16,33,1569,760,1,False,10.764283334954333,106.68210132878986,0.0,10.0,14.4,Sunny
6256,Từ Ngã Sáu Cộng Hòa đến An Dương Vương,2025-08-01 11:17:00,300,FRC3,16,33,1569,760,1,False,10.763480856227291,106.68240386571111,0.0,10.0,14.4,Sunny
6257,Từ Ngã Sáu Cộng Hòa đến An Dương Vương,2025-08-01 11:17:00,200,FRC3,16,33,1569,760,1,False,10.762642918836454,106.6827364596283,0.0,10.0,14.4,Sunny
6258,Từ Ngã Sáu Cộng Hòa đến An Dương Vương,2025-08-01 11:17:00,100,FRC3,16,33,1569,760,1,False,10.7619261906941,106.68302613820323,0.0,10.0,14.4,Sunny
6259,Từ Ngã Sáu Cộng Hòa đến An Dương Vương,2025-08-01 11:17:00,0,FRC3,16,33,1569,760,1,False,10.761156760056346,106.68331581677815,0.0,10.0,14.4,Sunny
6260,Từ Cầu Nguyễn Văn Cừ đến An Dương Vương,2025-08-01 11:17:00,700,FRC2,18,34,883,467,1,False,10.755556817425111,106.68578400873503,0.0,10.0,14.4,Sunny
6261,Từ Cầu Nguyễn Văn Cừ đến An Dương Vương,2025-08-01 11:17:00,600,FRC2,18,34,883,467,1,False,10.756358876280022,106.6853232069683,0.0,10.0,14.4,Sunny
6262,Từ Cầu Nguyễn Văn Cừ đến An Dương Vương,2025-08-01 11:17:00,500,FRC2,18,34,883,467,1,False,10.757138847709548,106.684944289696,0.0,10.0,14.4,Sunny
6263,Từ Cầu Nguyễn Văn Cừ đến An Dương Vương,2025-08-01 11:17:00,400,FRC2,18,34,883,467,1,False,10.757963133528543,106.68463303622572,0.0,10.0,14.4,Sunny
6264,Từ Cầu Nguyễn Văn Cừ đến An Dương Vương,2025-08-01 11:17:00,300,FRC2,18,34,883,467,1,False,10.758623446871004,106.68435335919212,0.0,10.0,14.4,Sunny
6265,Từ Cầu Nguyễn Văn Cừ đến An Dương Vương,2025-08-01 11:17:00,200,FRC6,19,26,893,652,1,False,10.759478749919925,106.68406917123804,0.0,10.0,14.4,Sunny
6266,Từ Cầu Nguyễn Văn Cừ đến An Dương Vương,2025-08-01 11:17:00,100,FRC2,18,34,883,467,1,False,10.760311892549737,106.68371280856688,0.0,10.0,14.4,Sunny
6267,Từ Cầu Nguyễn Văn Cừ đến An Dương Vương,2025-08-01 11:17:00,0,FRC2,18,34,883,467,1,False,10.761189348756318,106.68340155509297,0.0,10.0,14.4,Sunny
6268,Từ Vòng Xoay Trần Phú đến ĐHSP,2025-08-01 11:17:00,1000,FRC4,22,29,261,198,1,False,10.757533515349062,106.67414436746735,0.0,10.0,14.4,Sunny
6269,Từ Vòng Xoay Trần Phú đến ĐHSP,2025-08-01 11:17:00,900,FRC4,22,29,261,198,1,False,10.757824186413304,106.67502060044893,0.0,10.0,14.4,Sunny
6270,Từ Vòng Xoay Trần Phú đến ĐHSP,2025-08-01 11:17:00,800,FRC4,22,29,261,198,1,False,10.758126036834728,106.67584372840122,0.0,10.0,14.4,Sunny
6271,Từ Vòng Xoay Trần Phú đến ĐHSP,2025-08-01 11:17:00,700,FRC4,22,29,261,198,1,False,10.758483785091158,106.67667444278729,0.0,10.0,14.4,Sunny
6272,Từ Vòng Xoay Trần Phú đến ĐHSP,2025-08-01 11:17:00,600,FRC4,22,29,261,198,1,False,10.758740916389923,106.67733446243443,0.0,10.0,14.4,Sunny
6273,Từ Vòng Xoay Trần Phú đến ĐHSP,2025-08-01 11:17:00,500,FRC4,21,27,276,214,1,False,10.759121023128003,106.67817276325134,0.0,10.0,14.4,Sunny
6274,Từ Vòng Xoay Trần Phú đến ĐHSP,2025-08-01 11:17:00,400,FRC4,21,27,276,214,1,False,10.759445231432741,106.6790186505005,0.0,10.0,14.4,Sunny
6275,Từ Vòng Xoay Trần Phú đến ĐHSP,2025-08-01 11:17:00,300,FRC4,21,27,276,214,1,False,10.759784345493584,106.67986453775157,0.0,10.0,14.4,Sunny
6276,Từ Vòng Xoay Trần Phú đến ĐHSP,2025-08-01 11:17:00,200,FRC4,21,27,276,214,1,False,10.76013091221701,106.68072559786684,0.0,10.0,14.4,Sunny
6277,Từ Vòng Xoay Trần Phú đến ĐHSP,2025-08-01 11:17:00,100,FRC4,22,29,261,198,1,False,10.760458845955434,106.6815638986815,0.0,10.0,14.4,Sunny
6278,Từ Vòng Xoay Trần Phú đến ĐHSP,2025-08-01 11:17:00,0,FRC4,22,29,261,198,1,False,10.760883668675298,106.6826449653469,0.0,10.0,14.4,Sunny
6279,Từ Ngã Sáu Cộng Hòa đến An Dương Vương,2025-08-01 11:41:00,500,FRC3,16,32,1569,784,1,False,10.765163027177051,106.68176325830919,0.0,10.0,14.4,Sunny
6280,Từ Ngã Sáu Cộng Hòa đến An Dương Vương,2025-08-01 11:41:00,400,FRC3,16,32,1569,784,1,False,10.764283334954333,106.68210132878986,0.0,10.0,14.4,Sunny
6281,Từ Ngã Sáu Cộng Hòa đến An Dương Vương,2025-08-01 11:41:00,300,FRC3,16,32,1569,784,1,False,10.763480856227291,106.68240386571111,0.0,10.0,14.4,Sunny
6282,Từ Ngã Sáu Cộng Hòa đến An Dương Vương,2025-08-01 11:41:00,200,FRC3,16,32,1569,784,1,False,10.762642918836454,106.6827364596283,0.0,10.0,14.4,Sunny
6283,Từ Ngã Sáu Cộng Hòa đến An Dương Vương,2025-08-01 11:41:00,100,FRC3,16,32,1569,784,1,False,10.7619261906941,106.68302613820323,0.0,10.0,14.4,Sunny
6284,Từ Ngã Sáu Cộng Hòa đến An Dương Vương,2025-08-01 11:41:00,0,FRC3,16,32,1569,784,1,False,10.761156760056346,106.68331581677815,0.0,10.0,14.4,Sunny
6285,Từ Cầu Nguyễn Văn Cừ đến An Dương Vương,2025-08-01 11:41:00,700,FRC2,20,35,795,454,1,False,10.755556817425111,106.68578400873503,0.0,10.0,14.4,Sunny
6286,Từ Cầu Nguyễn Văn Cừ đến An Dương Vương,2025-08-01 11:41:00,600,FRC2,20,35,795,454,1,False,10.756358876280022,106.6853232069683,0.0,10.0,14.4,Sunny
6287,Từ Cầu Nguyễn Văn Cừ đến An Dương Vương,2025-08-01 11:41:00,500,FRC2,20,35,795,454,1,False,10.757138847709548,106.684944289696,0.0,10.0,14.4,Sunny
6288,Từ Cầu Nguyễn Văn Cừ đến An Dương Vương,2025-08-01 11:41:00,400,FRC2,20,35,795,454,1,False,10.757963133528543,106.68463303622572,0.0,10.0,14.4,Sunny
6289,Từ Cầu Nguyễn Văn Cừ đến An Dương Vương,2025-08-01 11:41:00,300,FRC2,20,35,795,454,1,False,10.758623446871004,106.68435335919212,0.0,10.0,14.4,Sunny
6290,Từ Cầu Nguyễn Văn Cừ đến An Dương Vương,2025-08-01 11:41:00,200,FRC6,17,26,998,652,1,False,10.759478749919925,106.68406917123804,0.0,10.0,14.4,Sunny
6291,Từ Cầu Nguyễn Văn Cừ đến An Dương Vương,2025-08-01 11:41:00,100,FRC2,20,35,795,454,1,False,10.760311892549737,106.68371280856688,0.0,10.0,14.4,Sunny
6292,Từ Cầu Nguyễn Văn Cừ đến An Dương Vương,2025-08-01 11:41:00,0,FRC2,20,35,795,454,1,False,10.761189348756318,106.68340155509297,0.0,10.0,14.4,Sunny
6293,Từ Vòng Xoay Trần Phú đến ĐHSP,2025-08-01 11:41:00,1000,FRC4,21,28,273,205,1,False,10.757533515349062,106.67414436746735,0.0,10.0,14.4,Sunny
6294,Từ Vòng Xoay Trần Phú đến ĐHSP,2025-08-01 11:41:00,900,FRC4,21,28,273,205,1,False,10.757824186413304,106.67502060044893,0.0,10.0,14.4,Sunny
6295,Từ Vòng Xoay Trần Phú đến ĐHSP,2025-08-01 11:41:00,800,FRC4,21,28,273,205,1,False,10.758126036834728,106.67584372840122,0.0,10.0,14.4,Sunny
6296,Từ Vòng Xoay Trần Phú đến ĐHSP,2025-08-01 11:41:00,700,FRC4,21,28,273,205,1,False,10.758483785091158,106.67667444278729,0.0,10.0,14.4,Sunny
6297,Từ Vòng Xoay Trần Phú đến ĐHSP,2025-08-01 11:41:00,600,FRC4,21,28,273,205,1,False,10.758740916389923,106.67733446243443,0.0,10.0,14.4,Sunny
6298,Từ Vòng Xoay Trần Phú đến ĐHSP,2025-08-01 11:41:00,500,FRC4,19,28,305,207,1,False,10.759121023128003,106.67817276325134,0.0,10.0,14.4,Sunny
6299,Từ Vòng Xoay Trần Phú đến ĐHSP,2025-08-01 11:41:00,400,FRC4,19,28,305,207,1,False,10.759445231432741,106.6790186505005,0.0,10.0,14.4,Sunny
6300,Từ Vòng Xoay Trần Phú đến ĐHSP,2025-08-01 11:41:00,300,FRC4,19,28,305,207,1,False,10.759784345493584,106.67986453775157,0.0,10.0,14.4,Sunny
6301,Từ Vòng Xoay Trần Phú đến ĐHSP,2025-08-01 11:41:00,200,FRC4,19,28,305,207,1,False,10.76013091221701,106.68072559786684,0.0,10.0,14.4,Sunny
6302,Từ Vòng Xoay Trần Phú đến ĐHSP,2025-08-01 11:41:00,100,FRC4,21,28,273,205,1,False,10.760458845955434,106.6815638986815,0.0,10.0,14.4,Sunny
6303,Từ Vòng Xoay Trần Phú đến ĐHSP,2025-08-01 11:41:00,0,FRC4,21,28,273,205,1,False,10.760883668675298,106.6826449653469,0.0,10.0,14.4,Sunny
6304,Từ Ngã Sáu Cộng Hòa đến An Dương Vương,2025-08-01 11:52:00,500,FRC3,18,33,1394,760,1,False,10.765163027177051,106.68176325830919,0.0,10.0,14.4,Sunny
6305,Từ Ngã Sáu Cộng Hòa đến An Dương Vương,2025-08-01 11:52:00,400,FRC3,18,33,1394,760,1,False,10.764283334954333,106.68210132878986,0.0,10.0,14.4,Sunny
6306,Từ Ngã Sáu Cộng Hòa đến An Dương Vương,2025-08-01 11:52:00,300,FRC3,18,33,1394,760,1,False,10.763480856227291,106.68240386571111,0.0,10.0,14.4,Sunny
6307,Từ Ngã Sáu Cộng Hòa đến An Dương Vương,2025-08-01 11:52:00,200,FRC3,18,33,1394,760,1,False,10.762642918836454,106.6827364596283,0.0,10.0,14.4,Sunny
6308,Từ Ngã Sáu Cộng Hòa đến An Dương Vương,2025-08-01 11:52:00,100,FRC3,18,33,1394,760,1,False,10.7619261906941,106.68302613820323,0.0,10.0,14.4,Sunny
6309,Từ Ngã Sáu Cộng Hòa đến An Dương Vương,2025-08-01 11:52:00,0,FRC3,18,33,1394,760,1,False,10.761156760056346,106.68331581677815,0.0,10.0,14.4,Sunny
6310,Từ Cầu Nguyễn Văn Cừ đến An Dương Vương,2025-08-01 11:52:00,700,FRC2,20,34,795,467,1,False,10.755556817425111,106.68578400873503,0.0,10.0,14.4,Sunny
6311,Từ Cầu Nguyễn Văn Cừ đến An Dương Vương,2025-08-01 11:52:00,600,FRC2,19,34,837,467,1,False,10.756358876280022,106.6853232069683,0.0,10.0,14.4,Sunny
6312,Từ Cầu Nguyễn Văn Cừ đến An Dương Vương,2025-08-01 11:52:00,500,FRC2,19,34,837,467,1,False,10.757138847709548,106.684944289696,0.0,10.0,14.4,Sunny
6313,Từ Cầu Nguyễn Văn Cừ đến An Dương Vương,2025-08-01 11:52:00,400,FRC2,19,34,837,467,1,False,10.757963133528543,106.68463303622572,0.0,10.0,14.4,Sunny
6314,Từ Cầu Nguyễn Văn Cừ đến An Dương Vương,2025-08-01 11:52:00,300,FRC2,19,34,837,467,1,False,10.758623446871004,106.68435335919212,0.0,10.0,14.4,Sunny
6315,Từ Cầu Nguyễn Văn Cừ đến An Dương Vương,2025-08-01 11:52:00,200,FRC6,17,26,998,652,1,False,10.759478749919925,106.68406917123804,0.0,10.0,14.4,Sunny
6316,Từ Cầu Nguyễn Văn Cừ đến An Dương Vương,2025-08-01 11:52:00,100,FRC2,19,34,837,467,1,False,10.760311892549737,106.68371280856688,0.0,10.0,14.4,Sunny
6317,Từ Cầu Nguyễn Văn Cừ đến An Dương Vương,2025-08-01 11:52:00,0,FRC2,19,34,837,467,1,False,10.761189348756318,106.68340155509297,0.0,10.0,14.4,Sunny
6318,Từ Vòng Xoay Trần Phú đến ĐHSP,2025-08-01 11:52:00,1000,FRC4,21,28,273,205,1,False,10.757533515349062,106.67414436746735,0.0,10.0,14.4,Sunny
6319,Từ Vòng Xoay Trần Phú đến ĐHSP,2025-08-01 11:52:00,900,FRC4,21,28,273,205,1,False,10.757824186413304,106.67502060044893,0.0,10.0,14.4,Sunny
6320,Từ Vòng Xoay Trần Phú đến ĐHSP,2025-08-01 11:52:00,800,FRC4,21,28,273,205,1,False,10.758126036834728,106.67584372840122,0.0,10.0,14.4,Sunny
6321,Từ Vòng Xoay Trần Phú đến ĐHSP,2025-08-01 11:52:00,700,FRC4,21,28,273,205,1,False,10.758483785091158,106.67667444278729,0.0,10.0,14.4,Sunny
6322,Từ Vòng Xoay Trần Phú đến ĐHSP,2025-08-01 11:52:00,600,FRC4,21,28,273,205,1,False,10.758740916389923,106.67733446243443,0.0,10.0,14.4,Sunny
6323,Từ Vòng Xoay Trần Phú đến ĐHSP,2025-08-01 11:52:00,500,FRC4,21,28,276,207,0.998072,False,10.759121023128003,106.67817276325134,0.0,10.0,14.4,Sunny
6324,Từ Vòng Xoay Trần Phú đến ĐHSP,2025-08-01 11:52:00,400,FRC4,21,28,276,207,0.998072,False,10.759445231432741,106.6790186505005,0.0,10.0,14.4,Sunny
6325,Từ Vòng Xoay Trần Phú đến ĐHSP,2025-08-01 11:52:00,300,FRC4,21,28,276,207,0.998072,False,10.759784345493584,106.67986453775157,0.0,10.0,14.4,Sunny
6326,Từ Vòng Xoay Trần Phú đến ĐHSP,2025-08-01 11:52:00,200,FRC4,21,28,276,207,0.998072,False,10.76013091221701,106.68072559786684,0.0,10.0,14.4,Sunny
6327,Từ Vòng Xoay Trần Phú đến ĐHSP,2025-08-01 11:52:00,100,FRC4,21,28,273,205,1,False,10.760458845955434,106.6815638986815,0.0,10.0,14.4,Sunny
6328,Từ Vòng Xoay Trần Phú đến ĐHSP,2025-08-01 11:52:00,0,FRC4,21,28,273,205,1,False,10.760883668675298,106.6826449653469,0.0,10.0,14.4,Sunny
6329,Từ Ngã Sáu Cộng Hòa đến An Dương Vương,2025-08-01 12:42:00,500,FRC3,20,33,1255,760,1,False,10.765163027177051,106.68176325830919,0.0,10.0,14.8,Clear
6330,Từ Ngã Sáu Cộng Hòa đến An Dương Vương,2025-08-01 12:42:00,400,FRC3,20,33,1255,760,1,False,10.764283334954333,106.68210132878986,0.0,10.0,14.8,Clear
6331,Từ Ngã Sáu Cộng Hòa đến An Dương Vương,2025-08-01 12:42:00,300,FRC3,20,33,1255,760,1,False,10.763480856227291,106.68240386571111,0.0,10.0,14.8,Clear
6332,Từ Ngã Sáu Cộng Hòa đến An Dương Vương,2025-08-01 12:42:00,200,FRC3,20,33,1255,760,1,False,10.762642918836454,106.6827364596283,0.0,10.0,14.8,Clear
6333,Từ Ngã Sáu Cộng Hòa đến An Dương Vương,2025-08-01 12:42:00,100,FRC3,20,33,1255,760,1,False,10.7619261906941,106.68302613820323,0.0,10.0,14.8,Clear
6334,Từ Ngã Sáu Cộng Hòa đến An Dương Vương,2025-08-01 12:42:00,0,FRC3,20,33,1255,760,1,False,10.761156760056346,106.68331581677815,0.0,10.0,14.8,Clear
6335,Từ Cầu Nguyễn Văn Cừ đến An Dương Vương,2025-08-01 12:42:00,700,FRC2,23,34,691,467,1,False,10.755556817425111,106.68578400873503,0.0,10.0,14.8,Clear
6336,Từ Cầu Nguyễn Văn Cừ đến An Dương Vương,2025-08-01 12:42:00,600,FRC2,23,34,691,467,1,False,10.756358876280022,106.6853232069683,0.0,10.0,14.8,Clear
6337,Từ Cầu Nguyễn Văn Cừ đến An Dương Vương,2025-08-01 12:42:00,500,FRC2,23,34,691,467,1,False,10.757138847709548,106.684944289696,0.0,10.0,14.8,Clear
6338,Từ Cầu Nguyễn Văn Cừ đến An Dương Vương,2025-08-01 12:42:00,400,FRC2,23,34,691,467,1,False,10.757963133528543,106.68463303622572,0.0,10.0,14.8,Clear
6339,Từ Cầu Nguyễn Văn Cừ đến An Dương Vương,2025-08-01 12:42:00,300,FRC2,23,34,691,467,1,False,10.758623446871004,106.68435335919212,0.0,10.0,14.8,Clear
6340,Từ Cầu Nguyễn Văn Cừ đến An Dương Vương,2025-08-01 12:42:00,200,FRC6,18,27,943,628,1,False,10.759478749919925,106.68406917123804,0.0,10.0,14.8,Clear
6341,Từ Cầu Nguyễn Văn Cừ đến An Dương Vương,2025-08-01 12:42:00,100,FRC2,23,34,691,467,1,False,10.760311892549737,106.68371280856688,0.0,10.0,14.8,Clear
6342,Từ Cầu Nguyễn Văn Cừ đến An Dương Vương,2025-08-01 12:42:00,0,FRC2,23,34,691,467,1,False,10.761189348756318,106.68340155509297,0.0,10.0,14.8,Clear
6343,Từ Vòng Xoay Trần Phú đến ĐHSP,2025-08-01 12:42:00,1000,FRC4,22,28,261,205,1,False,10.757533515349062,106.67414436746735,0.0,10.0,14.8,Clear
6344,Từ Vòng Xoay Trần Phú đến ĐHSP,2025-08-01 12:42:00,900,FRC4,22,28,261,205,1,False,10.757824186413304,106.67502060044893,0.0,10.0,14.8,Clear
6345,Từ Vòng Xoay Trần Phú đến ĐHSP,2025-08-01 12:42:00,800,FRC4,22,28,261,205,1,False,10.758126036834728,106.67584372840122,0.0,10.0,14.8,Clear
6346,Từ Vòng Xoay Trần Phú đến ĐHSP,2025-08-01 12:42:00,700,FRC4,22,28,261,205,1,False,10.758483785091158,106.67667444278729,0.0,10.0,14.8,Clear
6347,Từ Vòng Xoay Trần Phú đến ĐHSP,2025-08-01 12:42:00,600,FRC4,22,28,261,205,1,False,10.758740916389923,106.67733446243443,0.0,10.0,14.8,Clear
6348,Từ Vòng Xoay Trần Phú đến ĐHSP,2025-08-01 12:42:00,500,FRC4,20,28,289,207,1,False,10.759121023128003,106.67817276325134,0.0,10.0,14.8,Clear
6349,Từ Vòng Xoay Trần Phú đến ĐHSP,2025-08-01 12:42:00,400,FRC4,20,28,289,207,1,False,10.759445231432741,106.6790186505005,0.0,10.0,14.8,Clear
6350,Từ Vòng Xoay Trần Phú đến ĐHSP,2025-08-01 12:42:00,300,FRC4,20,28,289,207,1,False,10.759784345493584,106.67986453775157,0.0,10.0,14.8,Clear
6351,Từ Vòng Xoay Trần Phú đến ĐHSP,2025-08-01 12:42:00,200,FRC4,20,28,289,207,1,False,10.76013091221701,106.68072559786684,0.0,10.0,14.8,Clear
6352,Từ Vòng Xoay Trần Phú đến ĐHSP,2025-08-01 12:42:00,100,FRC4,20,29,287,198,1,False,10.760458845955434,106.6815638986815,0.0,10.0,14.8,Clear
6353,Từ Vòng Xoay Trần Phú đến ĐHSP,2025-08-01 12:42:00,0,FRC4,20,29,287,198,1,False,10.760883668675298,106.6826449653469,0.0,10.0,14.8,Clear
6354,Từ Ngã Sáu Cộng Hòa đến An Dương Vương,2025-08-01 13:26:00,500,FRC3,21,32,1195,784,1,False,10.765163027177051,106.68176325830919,0.0,10.0,15.1,Clear
6355,Từ Ngã Sáu Cộng Hòa đến An Dương Vương,2025-08-01 13:26:00,400,FRC3,21,32,1195,784,1,False,10.764283334954333,106.68210132878986,0.0,10.0,15.1,Clear
6356,Từ Ngã Sáu Cộng Hòa đến An Dương Vương,2025-08-01 13:26:00,300,FRC3,21,32,1195,784,1,False,10.763480856227291,106.68240386571111,0.0,10.0,15.1,Clear
6357,Từ Ngã Sáu Cộng Hòa đến An Dương Vương,2025-08-01 13:26:00,200,FRC3,21,32,1195,784,1,False,10.762642918836454,106.6827364596283,0.0,10.0,15.1,Clear
6358,Từ Ngã Sáu Cộng Hòa đến An Dương Vương,2025-08-01 13:26:00,100,FRC3,21,32,1195,784,1,False,10.7619261906941,106.68302613820323,0.0,10.0,15.1,Clear
6359,Từ Ngã Sáu Cộng Hòa đến An Dương Vương,2025-08-01 13:26:00,0,FRC3,21,32,1195,784,1,False,10.761156760056346,106.68331581677815,0.0,10.0,15.1,Clear
6360,Từ Cầu Nguyễn Văn Cừ đến An Dương Vương,2025-08-01 13:26:00,700,FRC2,23,35,691,454,1,False,10.755556817425111,106.68578400873503,0.0,10.0,15.1,Clear
6361,Từ Cầu Nguyễn Văn Cừ đến An Dương Vương,2025-08-01 13:26:00,600,FRC2,23,35,691,454,1,False,10.756358876280022,106.6853232069683,0.0,10.0,15.1,Clear
6362,Từ Cầu Nguyễn Văn Cừ đến An Dương Vương,2025-08-01 13:26:00,500,FRC2,23,35,691,454,1,False,10.757138847709548,106.684944289696,0.0,10.0,15.1,Clear
6363,Từ Cầu Nguyễn Văn Cừ đến An Dương Vương,2025-08-01 13:26:00,400,FRC2,23,35,691,454,1,False,10.757963133528543,106.68463303622572,0.0,10.0,15.1,Clear
6364,Từ Cầu Nguyễn Văn Cừ đến An Dương Vương,2025-08-01 13:26:00,300,FRC2,23,35,691,454,1,False,10.758623446871004,106.68435335919212,0.0,10.0,15.1,Clear
6365,Từ Cầu Nguyễn Văn Cừ đến An Dương Vương,2025-08-01 13:26:00,200,FRC6,18,27,943,628,1,False,10.759478749919925,106.68406917123804,0.0,10.0,15.1,Clear
6366,Từ Cầu Nguyễn Văn Cừ đến An Dương Vương,2025-08-01 13:26:00,100,FRC2,23,35,691,454,1,False,10.760311892549737,106.68371280856688,0.0,10.0,15.1,Clear
6367,Từ Cầu Nguyễn Văn Cừ đến An Dương Vương,2025-08-01 13:26:00,0,FRC2,23,35,691,454,1,False,10.761189348756318,106.68340155509297,0.0,10.0,15.1,Clear
6368,Từ Vòng Xoay Trần Phú đến ĐHSP,2025-08-01 13:26:00,1000,FRC4,21,28,273,205,1,False,10.757533515349062,106.67414436746735,0.0,10.0,15.1,Clear
6369,Từ Vòng Xoay Trần Phú đến ĐHSP,2025-08-01 13:26:00,900,FRC4,21,28,273,205,1,False,10.757824186413304,106.67502060044893,0.0,10.0,15.1,Clear
6370,Từ Vòng Xoay Trần Phú đến ĐHSP,2025-08-01 13:26:00,800,FRC4,21,28,273,205,1,False,10.758126036834728,106.67584372840122,0.0,10.0,15.1,Clear
6371,Từ Vòng Xoay Trần Phú đến ĐHSP,2025-08-01 13:26:00,700,FRC4,21,28,273,205,1,False,10.758483785091158,106.67667444278729,0.0,10.0,15.1,Clear
6372,Từ Vòng Xoay Trần Phú đến ĐHSP,2025-08-01 13:26:00,600,FRC4,21,28,273,205,1,False,10.758740916389923,106.67733446243443,0.0,10.0,15.1,Clear
6373,Từ Vòng Xoay Trần Phú đến ĐHSP,2025-08-01 13:26:00,500,FRC4,21,28,276,207,1,False,10.759121023128003,106.67817276325134,0.0,10.0,15.1,Clear
6374,Từ Vòng Xoay Trần Phú đến ĐHSP,2025-08-01 13:26:00,400,FRC4,21,28,276,207,1,False,10.759445231432741,106.6790186505005,0.0,10.0,15.1,Clear
6375,Từ Vòng Xoay Trần Phú đến ĐHSP,2025-08-01 13:26:00,300,FRC4,21,28,276,207,1,False,10.759784345493584,106.67986453775157,0.0,10.0,15.1,Clear
6376,Từ Vòng Xoay Trần Phú đến ĐHSP,2025-08-01 13:26:00,200,FRC4,21,28,276,207,1,False,10.76013091221701,106.68072559786684,0.0,10.0,15.1,Clear
6377,Từ Vòng Xoay Trần Phú đến ĐHSP,2025-08-01 13:26:00,100,FRC4,21,28,273,205,1,False,10.760458845955434,106.6815638986815,0.0,10.0,15.1,Clear
6378,Từ Vòng Xoay Trần Phú đến ĐHSP,2025-08-01 13:26:00,0,FRC4,21,28,273,205,1,False,10.760883668675298,106.6826449653469,0.0,10.0,15.1,Clear
